paper_ref,system,cabling,ep,nodes,mb,q,relayed_pairs,completed,makespan_ms,rtos,drops,flows_total,flows_payload,mean_fct_ms,p50_fct_ms,p99_fct_ms,max_fct_ms,fct_logdir,fct_status,wall_s,status,note,link_rate_fixed,binary_sha,model_name,family,q_over_bdp,quotable,quotable_why,walk,quoted_by,,domain,switches,link_gbps,nic_bw,q_nvs,q_nic,source
cliff,copper_fb,ep16_0_8_4.txt,16,128,8,1066,0,COMPLETE,99.393,0,0,78592,57472,0.0739,0.0011,1.5344,7.1213,./logs/rung_12978326_849314_1788895804847865326,clean,274,sweep,post-fix rung (glass); dim_a2a=1; portmap=ep16_0_8_4.txt; hier=0; port_bw=800; ep_place=1; tp=1; ep=1; panel=16; pcols=4; opt_bw=100; maxdist=0; 200G/lane: static laser+tune NOT re-budgeted -- same 5.3 W/panel as 100G/lane and likely low for the higher-rate lanes; link pJ/bit unchanged (dynamic),yes,483fd95,llamaMoE,glass,2.00,no,not the first qualifying rung of this walk,cu16,collector,,,,,,,,cu16_q1066.csv
cliff,copper_fb,ep16_0_8_4.txt,16,128,8,2133,0,COMPLETE,99.393,0,0,78592,57472,0.0739,0.0011,1.5344,7.1213,./logs/rung_12978327_849315_1788895804865287951,clean,275,sweep,post-fix rung (glass); dim_a2a=1; portmap=ep16_0_8_4.txt; hier=0; port_bw=800; ep_place=1; tp=1; ep=1; panel=16; pcols=4; opt_bw=100; maxdist=0; 200G/lane: static laser+tune NOT re-budgeted -- same 5.3 W/panel as 100G/lane and likely low for the higher-rate lanes; link pJ/bit unchanged (dynamic),yes,483fd95,llamaMoE,glass,4.00,no,not the first qualifying rung of this walk,cu16,collector,,,,,,,,cu16_q2133.csv
cliff,copper_fb,ep16_0_8_4.txt,16,128,8,266,0,COMPLETE,125.110,714,215982,78592,57472,0.0923,0.0011,1.6290,8.8393,./logs/rung_12978323_1599168_1788895804866729835,clean,246,sweep,post-fix rung (glass); dim_a2a=1; portmap=ep16_0_8_4.txt; hier=0; port_bw=800; ep_place=1; tp=1; ep=1; panel=16; pcols=4; opt_bw=100; maxdist=0; 200G/lane: static laser+tune NOT re-budgeted -- same 5.3 W/panel as 100G/lane and likely low for the higher-rate lanes; link pJ/bit unchanged (dynamic),yes,483fd95,llamaMoE,glass,0.50,no,not the first qualifying rung of this walk,cu16,collector,,,,,,,,cu16_q266.csv
cliff,copper_fb,ep16_0_8_4.txt,16,128,8,4267,0,COMPLETE,99.393,0,0,78592,57472,0.0739,0.0011,1.5344,7.1213,./logs/rung_12978328_1996059_1788895804886272060,clean,245,sweep,post-fix rung (glass); dim_a2a=1; portmap=ep16_0_8_4.txt; hier=0; port_bw=800; ep_place=1; tp=1; ep=1; panel=16; pcols=4; opt_bw=100; maxdist=0; 200G/lane: static laser+tune NOT re-budgeted -- same 5.3 W/panel as 100G/lane and likely low for the higher-rate lanes; link pJ/bit unchanged (dynamic),yes,483fd95,llamaMoE,glass,8.00,no,not the first qualifying rung of this walk,cu16,collector,,,,,,,,cu16_q4267.csv
cliff,copper_fb,ep16_0_8_4.txt,16,128,8,533,0,COMPLETE,99.393,0,0,78592,57472,0.0739,0.0011,1.5344,7.1213,./logs/rung_12978325_1599169_1788895804836085687,clean,257,sweep,post-fix rung (glass); dim_a2a=1; portmap=ep16_0_8_4.txt; hier=0; port_bw=800; ep_place=1; tp=1; ep=1; panel=16; pcols=4; opt_bw=100; maxdist=0; 200G/lane: static laser+tune NOT re-budgeted -- same 5.3 W/panel as 100G/lane and likely low for the higher-rate lanes; link pJ/bit unchanged (dynamic),yes,483fd95,llamaMoE,glass,1.00,yes,first zero-timeout rung (post-fix binary),cu16,collector,,,,,,,,cu16_q533.csv
cliff,copper_fb,ep16_0_8_4.txt,16,128,8,8533,0,COMPLETE,99.393,0,0,78592,57472,0.0739,0.0011,1.5344,7.1213,./logs/rung_12978329_663627_1788895804933663387,clean,263,sweep,post-fix rung (glass); dim_a2a=1; portmap=ep16_0_8_4.txt; hier=0; port_bw=800; ep_place=1; tp=1; ep=1; panel=16; pcols=4; opt_bw=100; maxdist=0; 200G/lane: static laser+tune NOT re-budgeted -- same 5.3 W/panel as 100G/lane and likely low for the higher-rate lanes; link pJ/bit unchanged (dynamic),yes,483fd95,llamaMoE,glass,16.00,no,not the first qualifying rung of this walk,cu16,collector,,,,,,,,cu16_q8533.csv
cliff,copper_fb,ep32_gt.txt,32,256,8,1066,0,COMPLETE,110.341,21,85127,304640,229632,0.0821,0.0010,1.4769,8.2189,./logs/rung_12978331_728940_1788895804884803781,clean,871,sweep,post-fix rung (glass); dim_a2a=1; portmap=ep32_gt.txt; hier=0; port_bw=800; ep_place=1; tp=1; ep=1; panel=16; pcols=4; opt_bw=100; maxdist=0; 200G/lane: static laser+tune NOT re-budgeted -- same 5.3 W/panel as 100G/lane and likely low for the higher-rate lanes; link pJ/bit unchanged (dynamic),yes,483fd95,llamaMoE,glass,2.00,no,not the first qualifying rung of this walk,cu32,collector,,,,,,,,cu32_q1066.csv
cliff,copper_fb,ep32_gt.txt,32,256,8,17067,0,COMPLETE,110.287,0,0,304640,229632,0.0821,0.0010,1.4707,8.2042,./logs/rung_12978335_722920_1788895841019879078,clean,883,sweep,post-fix rung (glass); dim_a2a=1; portmap=ep32_gt.txt; hier=0; port_bw=800; ep_place=1; tp=1; ep=1; panel=16; pcols=4; opt_bw=100; maxdist=0; 200G/lane: static laser+tune NOT re-budgeted -- same 5.3 W/panel as 100G/lane and likely low for the higher-rate lanes; link pJ/bit unchanged (dynamic),yes,483fd95,llamaMoE,glass,32.00,no,not the first qualifying rung of this walk,cu32,collector,,,,,,,,cu32_q17067.csv
cliff,copper_fb,ep32_gt.txt,32,256,8,2133,0,COMPLETE,110.287,0,0,304640,229632,0.0821,0.0010,1.4707,8.2042,./logs/rung_12978332_2720483_1788895804795792460,clean,870,sweep,post-fix rung (glass); dim_a2a=1; portmap=ep32_gt.txt; hier=0; port_bw=800; ep_place=1; tp=1; ep=1; panel=16; pcols=4; opt_bw=100; maxdist=0; 200G/lane: static laser+tune NOT re-budgeted -- same 5.3 W/panel as 100G/lane and likely low for the higher-rate lanes; link pJ/bit unchanged (dynamic),yes,483fd95,llamaMoE,glass,4.00,yes,first zero-timeout rung (post-fix binary),cu32,collector,,,,,,,,cu32_q2133.csv
cliff,copper_fb,ep32_gt.txt,32,256,8,4267,0,COMPLETE,110.287,0,0,304640,229632,0.0821,0.0010,1.4707,8.2042,./logs/rung_12978333_3884357_1788895804985137591,clean,953,sweep,post-fix rung (glass); dim_a2a=1; portmap=ep32_gt.txt; hier=0; port_bw=800; ep_place=1; tp=1; ep=1; panel=16; pcols=4; opt_bw=100; maxdist=0; 200G/lane: static laser+tune NOT re-budgeted -- same 5.3 W/panel as 100G/lane and likely low for the higher-rate lanes; link pJ/bit unchanged (dynamic),yes,483fd95,llamaMoE,glass,8.00,no,not the first qualifying rung of this walk,cu32,collector,,,,,,,,cu32_q4267.csv
cliff,copper_fb,ep32_gt.txt,32,256,8,533,0,COMPLETE,190.223,4182,1419950,304640,229632,0.1204,0.0010,2.2577,54.4898,./logs/rung_12978330_663628_1788895804916973920,clean,899,sweep,post-fix rung (glass); dim_a2a=1; portmap=ep32_gt.txt; hier=0; port_bw=800; ep_place=1; tp=1; ep=1; panel=16; pcols=4; opt_bw=100; maxdist=0; 200G/lane: static laser+tune NOT re-budgeted -- same 5.3 W/panel as 100G/lane and likely low for the higher-rate lanes; link pJ/bit unchanged (dynamic),yes,483fd95,llamaMoE,glass,1.00,no,not the first qualifying rung of this walk,cu32,collector,,,,,,,,cu32_q533.csv
cliff,copper_fb,ep32_gt.txt,32,256,8,8533,0,COMPLETE,110.287,0,0,304640,229632,0.0821,0.0010,1.4707,8.2042,./logs/rung_12978334_722922_1788895841052262070,clean,880,sweep,post-fix rung (glass); dim_a2a=1; portmap=ep32_gt.txt; hier=0; port_bw=800; ep_place=1; tp=1; ep=1; panel=16; pcols=4; opt_bw=100; maxdist=0; 200G/lane: static laser+tune NOT re-budgeted -- same 5.3 W/panel as 100G/lane and likely low for the higher-rate lanes; link pJ/bit unchanged (dynamic),yes,483fd95,llamaMoE,glass,16.00,no,not the first qualifying rung of this walk,cu32,collector,,,,,,,,cu32_q8533.csv
cliff,copper_fb,ep64_gt.txt,64,512,8,1066,0,COMPLETE,121.513,23737,7353583,1199104,918016,0.1175,0.0003,2.2758,28.9242,./logs/rung_12978336_722921_1788895841181647377,clean,1991,sweep,post-fix rung (glass); dim_a2a=1; portmap=ep64_gt.txt; hier=0; port_bw=800; ep_place=1; tp=1; ep=1; panel=16; pcols=4; opt_bw=100; maxdist=0; 200G/lane: static laser+tune NOT re-budgeted -- same 5.3 W/panel as 100G/lane and likely low for the higher-rate lanes; link pJ/bit unchanged (dynamic),yes,483fd95,qwenMoE,glass,2.00,no,not the first qualifying rung of this walk,cu64,collector,,,,,,,,cu64_q1066.csv
cliff,copper_fb,ep64_gt.txt,64,512,8,17067,0,COMPLETE,85.731,0,0,1199104,918016,0.0584,0.0003,0.9213,8.5644,./logs/rung_12978340_2863792_1788895841684198254,clean,2257,sweep,post-fix rung (glass); dim_a2a=1; portmap=ep64_gt.txt; hier=0; port_bw=800; ep_place=1; tp=1; ep=1; panel=16; pcols=4; opt_bw=100; maxdist=0; 200G/lane: static laser+tune NOT re-budgeted -- same 5.3 W/panel as 100G/lane and likely low for the higher-rate lanes; link pJ/bit unchanged (dynamic),yes,483fd95,qwenMoE,glass,32.00,no,not the first qualifying rung of this walk,cu64,collector,,,,,,,,cu64_q17067.csv
cliff,copper_fb,ep64_gt.txt,64,512,8,2133,0,COMPLETE,182.034,1644,1109929,1199104,918016,0.0622,0.0003,0.9802,85.6184,./logs/rung_12978337_722955_1788895841197776713,clean,2487,sweep,post-fix rung (glass); dim_a2a=1; portmap=ep64_gt.txt; hier=0; port_bw=800; ep_place=1; tp=1; ep=1; panel=16; pcols=4; opt_bw=100; maxdist=0; 200G/lane: static laser+tune NOT re-budgeted -- same 5.3 W/panel as 100G/lane and likely low for the higher-rate lanes; link pJ/bit unchanged (dynamic),yes,483fd95,qwenMoE,glass,4.00,no,not the first qualifying rung of this walk,cu64,collector,,,,,,,,cu64_q2133.csv
cliff,copper_fb,ep64_gt.txt,64,512,8,34133,0,COMPLETE,85.731,0,0,1199104,918016,0.0584,0.0003,0.9213,8.5644,./logs/rung_12978341_1399381_1788895841047810949,clean,2290,sweep,post-fix rung (glass); dim_a2a=1; portmap=ep64_gt.txt; hier=0; port_bw=800; ep_place=1; tp=1; ep=1; panel=16; pcols=4; opt_bw=100; maxdist=0; 200G/lane: static laser+tune NOT re-budgeted -- same 5.3 W/panel as 100G/lane and likely low for the higher-rate lanes; link pJ/bit unchanged (dynamic),yes,483fd95,qwenMoE,glass,64.00,no,not the first qualifying rung of this walk,cu64,collector,,,,,,,,cu64_q34133.csv
cliff,copper_fb,ep64_gt.txt,64,512,8,4267,0,COMPLETE,85.731,0,0,1199104,918016,0.0584,0.0003,0.9213,8.5644,./logs/rung_12978338_3884419_1788895841009762088,clean,2688,sweep,post-fix rung (glass); dim_a2a=1; portmap=ep64_gt.txt; hier=0; port_bw=800; ep_place=1; tp=1; ep=1; panel=16; pcols=4; opt_bw=100; maxdist=0; 200G/lane: static laser+tune NOT re-budgeted -- same 5.3 W/panel as 100G/lane and likely low for the higher-rate lanes; link pJ/bit unchanged (dynamic),yes,483fd95,qwenMoE,glass,8.00,yes,first zero-timeout rung (post-fix binary),cu64,collector,,,,,,,,cu64_q4267.csv
cliff,copper_fb,ep64_gt.txt,64,512,8,8533,0,COMPLETE,85.731,0,0,1199104,918016,0.0584,0.0003,0.9213,8.5644,./logs/rung_12978339_1693895_1788895841018083156,clean,2275,sweep,post-fix rung (glass); dim_a2a=1; portmap=ep64_gt.txt; hier=0; port_bw=800; ep_place=1; tp=1; ep=1; panel=16; pcols=4; opt_bw=100; maxdist=0; 200G/lane: static laser+tune NOT re-budgeted -- same 5.3 W/panel as 100G/lane and likely low for the higher-rate lanes; link pJ/bit unchanged (dynamic),yes,483fd95,qwenMoE,glass,16.00,no,not the first qualifying rung of this walk,cu64,collector,,,,,,,,cu64_q8533.csv
cliff,glassfb_8x8,p64_ep128.txt,128,1024,8,1066,1,COMPLETE,1243.808,216971,31322574,4757504,3671040,1.0536,0.0003,36.2943,248.4710,./logs/rung_12960337_284297_1788869037452749889,clean,13372,blocked,post-fix rung (glass); dim_a2a=1; portmap=p64_ep128.txt; hier=0; port_bw=800; ep_place=1; tp=1; ep=1; panel=64; pcols=8; opt_bw=128; maxdist=0; 200G/lane: static laser+tune NOT re-budgeted -- same 5.3 W/panel as 100G/lane and likely low for the higher-rate lanes; link pJ/bit unchanged (dynamic),yes,95c35a7,arctic,glass,2.00,no,not the first qualifying rung of this walk,fb64_ep128,collector,,,,,,,,fb64_ep128_q1066.csv
cliff,glassfb_8x8,p64_ep128.txt,128,1024,8,17067,1,COMPLETE,769.613,38,0,4757504,3671040,0.4397,0.0003,1.1703,192.1880,./logs/rung_12960341_218521_1788869039546603720,clean,13495,blocked,post-fix rung (glass); dim_a2a=1; portmap=p64_ep128.txt; hier=0; port_bw=800; ep_place=1; tp=1; ep=1; panel=64; pcols=8; opt_bw=128; maxdist=0; 200G/lane: static laser+tune NOT re-budgeted -- same 5.3 W/panel as 100G/lane and likely low for the higher-rate lanes; link pJ/bit unchanged (dynamic),yes,95c35a7,arctic,glass,32.00,no,not the first qualifying rung of this walk,fb64_ep128,collector,,,,,,,,fb64_ep128_q17067.csv
cliff,glassfb_8x8,p64_ep128.txt,128,1024,8,2133,1,COMPLETE,19934.507,86470,16325100,4757504,3671040,1.6052,0.0003,4.8221,4320.5700,./logs/rung_12960338_596271_1788869037433471865,clean,15127,blocked,post-fix rung (glass); dim_a2a=1; portmap=p64_ep128.txt; hier=0; port_bw=800; ep_place=1; tp=1; ep=1; panel=64; pcols=8; opt_bw=128; maxdist=0; 200G/lane: static laser+tune NOT re-budgeted -- same 5.3 W/panel as 100G/lane and likely low for the higher-rate lanes; link pJ/bit unchanged (dynamic),yes,95c35a7,arctic,glass,4.00,no,not the first qualifying rung of this walk,fb64_ep128,collector,,,,,,,,fb64_ep128_q2133.csv
cliff,glassfb_8x8,p64_ep128.txt,128,1024,8,34133,1,COMPLETE,769.613,38,0,4757504,3671040,0.4397,0.0003,1.1703,192.1880,./logs/rung_12960343_218520_1788869039528659090,clean,13410,blocked,post-fix rung (glass); dim_a2a=1; portmap=p64_ep128.txt; hier=0; port_bw=800; ep_place=1; tp=1; ep=1; panel=64; pcols=8; opt_bw=128; maxdist=0; 200G/lane: static laser+tune NOT re-budgeted -- same 5.3 W/panel as 100G/lane and likely low for the higher-rate lanes; link pJ/bit unchanged (dynamic),yes,95c35a7,arctic,glass,64.00,no,not the first qualifying rung of this walk,fb64_ep128,collector,,,,,,,,fb64_ep128_q34133.csv
cliff,glassfb_8x8,p64_ep128.txt,128,1024,8,4267,1,COMPLETE,1084.031,23010,6469022,4757504,3671040,0.5263,0.0003,1.4694,251.7480,./logs/rung_12960339_596336_1788869037706841155,clean,17900,blocked,post-fix rung (glass); dim_a2a=1; portmap=p64_ep128.txt; hier=0; port_bw=800; ep_place=1; tp=1; ep=1; panel=64; pcols=8; opt_bw=128; maxdist=0; 200G/lane: static laser+tune NOT re-budgeted -- same 5.3 W/panel as 100G/lane and likely low for the higher-rate lanes; link pJ/bit unchanged (dynamic),yes,95c35a7,arctic,glass,8.00,no,not the first qualifying rung of this walk,fb64_ep128,collector,,,,,,,,fb64_ep128_q4267.csv
cliff,glassfb_8x8,p64_ep128.txt,128,1024,8,8533,1,COMPLETE,942.184,2657,1726787,4757504,3671040,0.4866,0.0003,1.1609,249.5920,./logs/rung_12960340_218519_1788869039560451709,clean,13544,blocked,post-fix rung (glass); dim_a2a=1; portmap=p64_ep128.txt; hier=0; port_bw=800; ep_place=1; tp=1; ep=1; panel=64; pcols=8; opt_bw=128; maxdist=0; 200G/lane: static laser+tune NOT re-budgeted -- same 5.3 W/panel as 100G/lane and likely low for the higher-rate lanes; link pJ/bit unchanged (dynamic),yes,95c35a7,arctic,glass,16.00,no,not the first qualifying rung of this walk,fb64_ep128,collector,,,,,,,,fb64_ep128_q8533.csv
cliff,glassfb_8x8,p64_ep16.txt,16,128,8,1066,0,COMPLETE,94.889,0,1797,78592,57472,0.0516,0.0009,1.0826,6.7348,./logs/rung_12960295_954654_1788869028888791642,clean,198,sweep,post-fix rung (glass); dim_a2a=1; portmap=p64_ep16.txt; hier=0; port_bw=800; ep_place=1; tp=1; ep=1; panel=64; pcols=8; opt_bw=128; maxdist=0; 200G/lane: static laser+tune NOT re-budgeted -- same 5.3 W/panel as 100G/lane and likely low for the higher-rate lanes; link pJ/bit unchanged (dynamic),yes,95c35a7,llamaMoE,glass,2.00,yes,first zero-timeout rung (post-fix binary),fb64_ep16,collector,,,,,,,,fb64_ep16_q1066.csv
cliff,glassfb_8x8,p64_ep16.txt,16,128,8,17067,0,COMPLETE,94.903,0,0,78592,57472,0.0517,0.0009,1.0826,6.7352,./logs/rung_12960300_552254_1788869031696286749,clean,189,sweep,post-fix rung (glass); dim_a2a=1; portmap=p64_ep16.txt; hier=0; port_bw=800; ep_place=1; tp=1; ep=1; panel=64; pcols=8; opt_bw=128; maxdist=0; 200G/lane: static laser+tune NOT re-budgeted -- same 5.3 W/panel as 100G/lane and likely low for the higher-rate lanes; link pJ/bit unchanged (dynamic),yes,95c35a7,llamaMoE,glass,32.00,no,not the first qualifying rung of this walk,fb64_ep16,collector,,,,,,,,fb64_ep16_q17067.csv
cliff,glassfb_8x8,p64_ep16.txt,16,128,8,2133,0,COMPLETE,94.903,0,0,78592,57472,0.0517,0.0009,1.0826,6.7352,./logs/rung_12960296_4101606_1788869031751409938,clean,186,sweep,post-fix rung (glass); dim_a2a=1; portmap=p64_ep16.txt; hier=0; port_bw=800; ep_place=1; tp=1; ep=1; panel=64; pcols=8; opt_bw=128; maxdist=0; 200G/lane: static laser+tune NOT re-budgeted -- same 5.3 W/panel as 100G/lane and likely low for the higher-rate lanes; link pJ/bit unchanged (dynamic),yes,95c35a7,llamaMoE,glass,4.00,no,not the first qualifying rung of this walk,fb64_ep16,collector,,,,,,,,fb64_ep16_q2133.csv
cliff,glassfb_8x8,p64_ep16.txt,16,128,8,34133,0,COMPLETE,94.903,0,0,78592,57472,0.0517,0.0009,1.0826,6.7352,./logs/rung_12960301_3214846_1788869031910370106,clean,194,sweep,post-fix rung (glass); dim_a2a=1; portmap=p64_ep16.txt; hier=0; port_bw=800; ep_place=1; tp=1; ep=1; panel=64; pcols=8; opt_bw=128; maxdist=0; 200G/lane: static laser+tune NOT re-budgeted -- same 5.3 W/panel as 100G/lane and likely low for the higher-rate lanes; link pJ/bit unchanged (dynamic),yes,95c35a7,llamaMoE,glass,64.00,no,not the first qualifying rung of this walk,fb64_ep16,collector,,,,,,,,fb64_ep16_q34133.csv
cliff,glassfb_8x8,p64_ep16.txt,16,128,8,4267,0,COMPLETE,94.903,0,0,78592,57472,0.0517,0.0009,1.0826,6.7352,./logs/rung_12960297_2837289_1788869031790768700,clean,202,sweep,post-fix rung (glass); dim_a2a=1; portmap=p64_ep16.txt; hier=0; port_bw=800; ep_place=1; tp=1; ep=1; panel=64; pcols=8; opt_bw=128; maxdist=0; 200G/lane: static laser+tune NOT re-budgeted -- same 5.3 W/panel as 100G/lane and likely low for the higher-rate lanes; link pJ/bit unchanged (dynamic),yes,95c35a7,llamaMoE,glass,8.00,no,not the first qualifying rung of this walk,fb64_ep16,collector,,,,,,,,fb64_ep16_q4267.csv
cliff,glassfb_8x8,p64_ep16.txt,16,128,8,8533,0,COMPLETE,94.903,0,0,78592,57472,0.0517,0.0009,1.0826,6.7352,./logs/rung_12960299_2837290_1788869031729836627,clean,208,sweep,post-fix rung (glass); dim_a2a=1; portmap=p64_ep16.txt; hier=0; port_bw=800; ep_place=1; tp=1; ep=1; panel=64; pcols=8; opt_bw=128; maxdist=0; 200G/lane: static laser+tune NOT re-budgeted -- same 5.3 W/panel as 100G/lane and likely low for the higher-rate lanes; link pJ/bit unchanged (dynamic),yes,95c35a7,llamaMoE,glass,16.00,no,not the first qualifying rung of this walk,fb64_ep16,collector,,,,,,,,fb64_ep16_q8533.csv
cliff,glassfb_8x8,p64_ep32.txt,32,256,8,1066,0,COMPLETE,93.181,106,24437,304640,229632,0.0710,0.0009,1.0432,17.1211,./logs/rung_12960302_3473978_1788869031707882182,clean,735,sweep,post-fix rung (glass); dim_a2a=1; portmap=p64_ep32.txt; hier=0; port_bw=800; ep_place=1; tp=1; ep=1; panel=64; pcols=8; opt_bw=128; maxdist=0; 200G/lane: static laser+tune NOT re-budgeted -- same 5.3 W/panel as 100G/lane and likely low for the higher-rate lanes; link pJ/bit unchanged (dynamic),yes,95c35a7,llamaMoE,glass,2.00,no,not the first qualifying rung of this walk,fb64_ep32,collector,,,,,,,,fb64_ep32_q1066.csv
cliff,glassfb_8x8,p64_ep32.txt,32,256,8,17067,0,COMPLETE,99.471,0,0,304640,229632,0.0792,0.0009,1.0387,22.8345,./logs/rung_12960317_1800875_1788869033310953358,clean,729,sweep,post-fix rung (glass); dim_a2a=1; portmap=p64_ep32.txt; hier=0; port_bw=800; ep_place=1; tp=1; ep=1; panel=64; pcols=8; opt_bw=128; maxdist=0; 200G/lane: static laser+tune NOT re-budgeted -- same 5.3 W/panel as 100G/lane and likely low for the higher-rate lanes; link pJ/bit unchanged (dynamic),yes,95c35a7,llamaMoE,glass,32.00,no,not the first qualifying rung of this walk,fb64_ep32,collector,,,,,,,,fb64_ep32_q17067.csv
cliff,glassfb_8x8,p64_ep32.txt,32,256,8,2133,0,COMPLETE,93.441,21,14395,304640,229632,0.0716,0.0009,1.0394,19.8608,./logs/rung_12960314_1592703_1788869033234713125,clean,684,sweep,post-fix rung (glass); dim_a2a=1; portmap=p64_ep32.txt; hier=0; port_bw=800; ep_place=1; tp=1; ep=1; panel=64; pcols=8; opt_bw=128; maxdist=0; 200G/lane: static laser+tune NOT re-budgeted -- same 5.3 W/panel as 100G/lane and likely low for the higher-rate lanes; link pJ/bit unchanged (dynamic),yes,95c35a7,llamaMoE,glass,4.00,no,not the first qualifying rung of this walk,fb64_ep32,collector,,,,,,,,fb64_ep32_q2133.csv
cliff,glassfb_8x8,p64_ep32.txt,32,256,8,34133,0,COMPLETE,99.471,0,0,304640,229632,0.0792,0.0009,1.0387,22.8345,./logs/rung_12960318_567294_1788869035345368838,clean,569,sweep,post-fix rung (glass); dim_a2a=1; portmap=p64_ep32.txt; hier=0; port_bw=800; ep_place=1; tp=1; ep=1; panel=64; pcols=8; opt_bw=128; maxdist=0; 200G/lane: static laser+tune NOT re-budgeted -- same 5.3 W/panel as 100G/lane and likely low for the higher-rate lanes; link pJ/bit unchanged (dynamic),yes,95c35a7,llamaMoE,glass,64.00,no,not the first qualifying rung of this walk,fb64_ep32,collector,,,,,,,,fb64_ep32_q34133.csv
cliff,glassfb_8x8,p64_ep32.txt,32,256,8,4267,0,COMPLETE,93.092,0,2759,304640,229632,0.0704,0.0009,1.0431,16.7378,./logs/rung_12960315_269562_1788869033315754372,clean,576,sweep,post-fix rung (glass); dim_a2a=1; portmap=p64_ep32.txt; hier=0; port_bw=800; ep_place=1; tp=1; ep=1; panel=64; pcols=8; opt_bw=128; maxdist=0; 200G/lane: static laser+tune NOT re-budgeted -- same 5.3 W/panel as 100G/lane and likely low for the higher-rate lanes; link pJ/bit unchanged (dynamic),yes,95c35a7,llamaMoE,glass,8.00,yes,first zero-timeout rung (post-fix binary),fb64_ep32,collector,,,,,,,,fb64_ep32_q4267.csv
cliff,glassfb_8x8,p64_ep32.txt,32,256,8,8533,0,COMPLETE,99.471,0,0,304640,229632,0.0792,0.0009,1.0387,22.8345,./logs/rung_12960316_3343309_1788869033249526086,clean,713,sweep,post-fix rung (glass); dim_a2a=1; portmap=p64_ep32.txt; hier=0; port_bw=800; ep_place=1; tp=1; ep=1; panel=64; pcols=8; opt_bw=128; maxdist=0; 200G/lane: static laser+tune NOT re-budgeted -- same 5.3 W/panel as 100G/lane and likely low for the higher-rate lanes; link pJ/bit unchanged (dynamic),yes,95c35a7,llamaMoE,glass,16.00,no,not the first qualifying rung of this walk,fb64_ep32,collector,,,,,,,,fb64_ep32_q8533.csv
cliff,glassfb_8x8,p64_ep64.txt,64,512,8,1066,0,COMPLETE,55.188,1570,259353,1199104,918016,0.0393,0.0003,0.7310,16.7811,./logs/rung_12960319_1162774_1788869035542344849,clean,2096,sweep,post-fix rung (glass); dim_a2a=1; portmap=p64_ep64.txt; hier=0; port_bw=800; ep_place=1; tp=1; ep=1; panel=64; pcols=8; opt_bw=128; maxdist=0; 200G/lane: static laser+tune NOT re-budgeted -- same 5.3 W/panel as 100G/lane and likely low for the higher-rate lanes; link pJ/bit unchanged (dynamic),yes,95c35a7,qwenMoE,glass,2.00,no,not the first qualifying rung of this walk,fb64_ep64,collector,,,,,,,,fb64_ep64_q1066.csv
cliff,glassfb_8x8,p64_ep64.txt,64,512,8,17067,0,COMPLETE,54.750,0,0,1199104,918016,0.0394,0.0003,0.8124,15.8081,./logs/rung_12960335_1360987_1788869037371423880,clean,1502,sweep,post-fix rung (glass); dim_a2a=1; portmap=p64_ep64.txt; hier=0; port_bw=800; ep_place=1; tp=1; ep=1; panel=64; pcols=8; opt_bw=128; maxdist=0; 200G/lane: static laser+tune NOT re-budgeted -- same 5.3 W/panel as 100G/lane and likely low for the higher-rate lanes; link pJ/bit unchanged (dynamic),yes,95c35a7,qwenMoE,glass,32.00,no,not the first qualifying rung of this walk,fb64_ep64,collector,,,,,,,,fb64_ep64_q17067.csv
cliff,glassfb_8x8,p64_ep64.txt,64,512,8,2133,0,COMPLETE,56.187,1068,233916,1199104,918016,0.0402,0.0003,0.7994,16.4033,./logs/rung_12960321_427112_1788869035397657525,clean,2112,sweep,post-fix rung (glass); dim_a2a=1; portmap=p64_ep64.txt; hier=0; port_bw=800; ep_place=1; tp=1; ep=1; panel=64; pcols=8; opt_bw=128; maxdist=0; 200G/lane: static laser+tune NOT re-budgeted -- same 5.3 W/panel as 100G/lane and likely low for the higher-rate lanes; link pJ/bit unchanged (dynamic),yes,95c35a7,qwenMoE,glass,4.00,no,not the first qualifying rung of this walk,fb64_ep64,collector,,,,,,,,fb64_ep64_q2133.csv
cliff,glassfb_8x8,p64_ep64.txt,64,512,8,34133,0,COMPLETE,54.750,0,0,1199104,918016,0.0394,0.0003,0.8124,15.8081,./logs/rung_12960336_1361044_1788869037694803375,clean,1656,sweep,post-fix rung (glass); dim_a2a=1; portmap=p64_ep64.txt; hier=0; port_bw=800; ep_place=1; tp=1; ep=1; panel=64; pcols=8; opt_bw=128; maxdist=0; 200G/lane: static laser+tune NOT re-budgeted -- same 5.3 W/panel as 100G/lane and likely low for the higher-rate lanes; link pJ/bit unchanged (dynamic),yes,95c35a7,qwenMoE,glass,64.00,no,not the first qualifying rung of this walk,fb64_ep64,collector,,,,,,,,fb64_ep64_q34133.csv
cliff,glassfb_8x8,p64_ep64.txt,64,512,8,4267,0,COMPLETE,54.758,177,83672,1199104,918016,0.0391,0.0003,0.7888,15.8514,./logs/rung_12960322_1352157_1788869035375394433,clean,2352,sweep,post-fix rung (glass); dim_a2a=1; portmap=p64_ep64.txt; hier=0; port_bw=800; ep_place=1; tp=1; ep=1; panel=64; pcols=8; opt_bw=128; maxdist=0; 200G/lane: static laser+tune NOT re-budgeted -- same 5.3 W/panel as 100G/lane and likely low for the higher-rate lanes; link pJ/bit unchanged (dynamic),yes,95c35a7,qwenMoE,glass,8.00,no,not the first qualifying rung of this walk,fb64_ep64,collector,,,,,,,,fb64_ep64_q4267.csv
cliff,glassfb_8x8,p64_ep64.txt,64,512,8,8533,0,COMPLETE,54.750,0,0,1199104,918016,0.0394,0.0003,0.8124,15.8081,./logs/rung_12960323_1507915_1788869035350493120,clean,2037,sweep,post-fix rung (glass); dim_a2a=1; portmap=p64_ep64.txt; hier=0; port_bw=800; ep_place=1; tp=1; ep=1; panel=64; pcols=8; opt_bw=128; maxdist=0; 200G/lane: static laser+tune NOT re-budgeted -- same 5.3 W/panel as 100G/lane and likely low for the higher-rate lanes; link pJ/bit unchanged (dynamic),yes,95c35a7,qwenMoE,glass,16.00,yes,first zero-timeout rung (post-fix binary),fb64_ep64,collector,,,,,,,,fb64_ep64_q8533.csv
cliff,glassfb,ep128_gt.txt,128,1024,8,1066,0,COMPLETE,273.493,394052,66245923,4757504,3671040,0.2831,0.0008,6.6976,47.1933,,,13179,sweep,post-fix rung; one job per rung | drops measured on the counter build at the same makespan,yes,9ac4f76,arctic,glass,4.00,no,not the first qualifying rung of this walk,g128,collector,,,,,,,,g128_q1066.csv
cliff,glassfb,ep128_gt.txt,128,1024,8,17067,0,COMPLETE,1175.319,6883,,4757504,3671040,0.1018,0.0008,1.1961,627.3230,,,11602,sweep,post-fix rung; one job per rung,yes,9ac4f76,arctic,glass,64.00,no,not the first qualifying rung of this walk,g128,collector,,,,,,,,g128_q17067.csv
cliff,glassfb,ep128_gt.txt,128,1024,8,2133,0,COMPLETE,274.510,238854,56969388,4757504,3671040,0.2748,0.0008,5.1361,44.0207,,,13595,sweep,post-fix rung; one job per rung | drops measured on the counter build at the same makespan,yes,9ac4f76,arctic,glass,8.00,no,not the first qualifying rung of this walk,g128,collector,,,,,,,,g128_q2133.csv
cliff,glassfb,ep128_gt.txt,128,1024,8,4267,0,COMPLETE,266.337,107670,,4757504,3671040,0.1810,0.0008,3.9798,63.7266,,,16513,sweep,post-fix rung; one job per rung,yes,9ac4f76,arctic,glass,16.00,no,not the first qualifying rung of this walk,g128,collector,,,,,,,,g128_q4267.csv
cliff,glassfb,ep128_gt.txt,128,1024,8,533,0,COMPLETE,293.493,601806,,4757504,3671040,0.3792,0.0008,8.5641,44.1531,,,13052,sweep,post-fix rung; one job per rung,yes,9ac4f76,arctic,glass,2.00,no,not the first qualifying rung of this walk,g128,collector,,,,,,,,g128_q533.csv
cliff,glassfb,ep128_gt.txt,128,1024,8,8533,0,COMPLETE,754.319,42830,,4757504,3671040,0.1939,0.0008,2.8725,338.6120,,,14988,sweep,post-fix rung; one job per rung,yes,9ac4f76,arctic,glass,32.00,no,not the first qualifying rung of this walk,g128,collector,,,,,,,,g128_q8533.csv
cliff,glassfb_800,ep128_gt.txt,128,1024,8,1066,0,COMPLETE,270.345,253872,54925582,4757504,3671040,0.2167,0.0008,4.5315,40.7148,./logs/rung_12922357_2399670_1788813347617881736,clean,16206,sweep,"post-fix rung (glass); dim_a2a=1; portmap=ep128_gt.txt; hier=0; port_bw=800; 200G/lane: static laser+tune NOT re-budgeted, same 5.3 W/panel as 100G/lane and likely low for the higher-rate lanes; link pJ/bit unchanged (dynamic)",yes,2128410,arctic,glass,2.00,no,not the first qualifying rung of this walk,g128b800,collector,['2128410'],,,,,,,g128b800_q1066.csv
cliff,glassfb_800,ep128_gt.txt,128,1024,8,17067,0,COMPLETE,824.013,828,851789,4757504,3671040,0.0441,0.0008,0.6424,315.3280,./logs/rung_12922361_2698683_1788813347496139250,clean,13218,sweep,"post-fix rung (glass); dim_a2a=1; portmap=ep128_gt.txt; hier=0; port_bw=800; 200G/lane: static laser+tune NOT re-budgeted, same 5.3 W/panel as 100G/lane and likely low for the higher-rate lanes; link pJ/bit unchanged (dynamic)",yes,2128410,arctic,glass,32.00,no,not the first qualifying rung of this walk,g128b800,collector,['2128410'],,,,,,,g128b800_q17067.csv
cliff,glassfb_800,ep128_gt.txt,128,1024,8,2133,0,COMPLETE,272.357,103549,38619657,4757504,3671040,0.1280,0.0008,2.2337,59.8981,./logs/rung_12922358_2399661_1788813347613727351,clean,16961,sweep,"post-fix rung (glass); dim_a2a=1; portmap=ep128_gt.txt; hier=0; port_bw=800; 200G/lane: static laser+tune NOT re-budgeted, same 5.3 W/panel as 100G/lane and likely low for the higher-rate lanes; link pJ/bit unchanged (dynamic)",yes,2128410,arctic,glass,4.00,no,not the first qualifying rung of this walk,g128b800,collector,['2128410'],,,,,,,g128b800_q2133.csv
cliff,glassfb_800,ep128_gt.txt,128,1024,8,34133,0,COMPLETE,194.609,0,0,4757504,3671040,0.0406,0.0008,0.6143,6.8237,./logs/rung_12922362_2698680_1788813347586144647,clean,14425,sweep,"post-fix rung (glass); dim_a2a=1; portmap=ep128_gt.txt; hier=0; port_bw=800; 200G/lane: static laser+tune NOT re-budgeted, same 5.3 W/panel as 100G/lane and likely low for the higher-rate lanes; link pJ/bit unchanged (dynamic)",yes,2128410,arctic,glass,64.00,yes,first zero-timeout rung (post-fix binary),g128b800,collector,['2128410'],,,,,,,g128b800_q34133.csv
cliff,glassfb_800,ep128_gt.txt,128,1024,8,4267,0,COMPLETE,318.710,44303,26085910,4757504,3671040,0.0870,0.0008,1.4752,48.0651,./logs/rung_12922359_2158528_1788813347488521913,clean,14599,sweep,"post-fix rung (glass); dim_a2a=1; portmap=ep128_gt.txt; hier=0; port_bw=800; 200G/lane: static laser+tune NOT re-budgeted, same 5.3 W/panel as 100G/lane and likely low for the higher-rate lanes; link pJ/bit unchanged (dynamic)",yes,2128410,arctic,glass,8.00,no,not the first qualifying rung of this walk,g128b800,collector,['2128410'],,,,,,,g128b800_q4267.csv
cliff,glassfb_800,ep128_gt.txt,128,1024,8,8533,0,COMPLETE,316.655,11572,8987798,4757504,3671040,0.0562,0.0008,0.8506,101.3510,./logs/rung_12922360_2158523_1788813347504878774,clean,14765,sweep,"post-fix rung (glass); dim_a2a=1; portmap=ep128_gt.txt; hier=0; port_bw=800; 200G/lane: static laser+tune NOT re-budgeted, same 5.3 W/panel as 100G/lane and likely low for the higher-rate lanes; link pJ/bit unchanged (dynamic)",yes,2128410,arctic,glass,16.00,no,not the first qualifying rung of this walk,g128b800,collector,['2128410'],,,,,,,g128b800_q8533.csv
cliff,glassfb_800,ep16_0_8_4.txt,16,128,8,1066,0,COMPLETE,87.700,0,0,78592,57472,0.0294,0.0008,0.4403,2.0737,./logs/rung_12937722_3938979_1788831317976165828,clean,272,sweep,post-fix rung (glass); dim_a2a=1; portmap=ep16_0_8_4.txt; hier=0; port_bw=800; ep_place=1; tp=1; ep=1; 200G/lane: static laser+tune NOT re-budgeted -- same 5.3 W/panel as 100G/lane and likely low for the higher-rate lanes; link pJ/bit unchanged (dynamic),yes,8ca3c1c,llamaMoE,glass,2.00,no,not the first qualifying rung of this walk,g16b800,collector,,,,,,,,g16b800_q1066.csv
cliff,glassfb_800,ep16_0_8_4.txt,16,128,8,2133,0,COMPLETE,87.700,0,0,78592,57472,0.0294,0.0008,0.4403,2.0737,./logs/rung_12937723_1325432_1788831317969370820,clean,260,sweep,post-fix rung (glass); dim_a2a=1; portmap=ep16_0_8_4.txt; hier=0; port_bw=800; ep_place=1; tp=1; ep=1; 200G/lane: static laser+tune NOT re-budgeted -- same 5.3 W/panel as 100G/lane and likely low for the higher-rate lanes; link pJ/bit unchanged (dynamic),yes,8ca3c1c,llamaMoE,glass,4.00,no,not the first qualifying rung of this walk,g16b800,collector,,,,,,,,g16b800_q2133.csv
cliff,glassfb_800,ep16_0_8_4.txt,16,128,8,266,0,COMPLETE,87.712,13,99989,78592,57472,0.0293,0.0008,0.4501,2.1049,./logs/rung_12937720_4035981_1788831317882587806,clean,251,sweep,post-fix rung (glass); dim_a2a=1; portmap=ep16_0_8_4.txt; hier=0; port_bw=800; ep_place=1; tp=1; ep=1; 200G/lane: static laser+tune NOT re-budgeted -- same 5.3 W/panel as 100G/lane and likely low for the higher-rate lanes; link pJ/bit unchanged (dynamic),yes,8ca3c1c,llamaMoE,glass,0.50,no,not the first qualifying rung of this walk,g16b800,collector,,,,,,,,g16b800_q266.csv
cliff,glassfb_800,ep16_0_8_4.txt,16,128,8,4267,0,COMPLETE,87.700,0,0,78592,57472,0.0294,0.0008,0.4403,2.0737,./logs/rung_12937724_2261404_1788831317969097938,clean,259,sweep,post-fix rung (glass); dim_a2a=1; portmap=ep16_0_8_4.txt; hier=0; port_bw=800; ep_place=1; tp=1; ep=1; 200G/lane: static laser+tune NOT re-budgeted -- same 5.3 W/panel as 100G/lane and likely low for the higher-rate lanes; link pJ/bit unchanged (dynamic),yes,8ca3c1c,llamaMoE,glass,8.00,no,not the first qualifying rung of this walk,g16b800,collector,,,,,,,,g16b800_q4267.csv
cliff,glassfb_800,ep16_0_8_4.txt,16,128,8,533,0,COMPLETE,87.700,0,0,78592,57472,0.0294,0.0008,0.4403,2.0737,./logs/rung_12937721_4010112_1788831317951303152,clean,270,sweep,post-fix rung (glass); dim_a2a=1; portmap=ep16_0_8_4.txt; hier=0; port_bw=800; ep_place=1; tp=1; ep=1; 200G/lane: static laser+tune NOT re-budgeted -- same 5.3 W/panel as 100G/lane and likely low for the higher-rate lanes; link pJ/bit unchanged (dynamic),yes,8ca3c1c,llamaMoE,glass,1.00,yes,first zero-timeout rung (post-fix binary),g16b800,collector,,,,,,,,g16b800_q533.csv
cliff,glassfb_800,ep16_0_8_4.txt,16,128,8,8533,0,COMPLETE,87.700,0,0,78592,57472,0.0294,0.0008,0.4403,2.0737,./logs/rung_12937725_3105773_1788831317915209459,clean,262,sweep,post-fix rung (glass); dim_a2a=1; portmap=ep16_0_8_4.txt; hier=0; port_bw=800; ep_place=1; tp=1; ep=1; 200G/lane: static laser+tune NOT re-budgeted -- same 5.3 W/panel as 100G/lane and likely low for the higher-rate lanes; link pJ/bit unchanged (dynamic),yes,8ca3c1c,llamaMoE,glass,16.00,no,not the first qualifying rung of this walk,g16b800,collector,,,,,,,,g16b800_q8533.csv
cliff,glassfb_800,ep16_0_8_4.txt,16,128,16,1066,0,COMPLETE,91.617,0,0,78592,57472,0.0535,0.0008,0.8546,4.1199,./logs/rung_12940007_2262192_1788834178949911557,clean,505,sweep,post-fix rung (glass); dim_a2a=1; portmap=ep16_0_8_4.txt; hier=0; port_bw=800; ep_place=1; tp=1; ep=1; 200G/lane: static laser+tune NOT re-budgeted -- same 5.3 W/panel as 100G/lane and likely low for the higher-rate lanes; link pJ/bit unchanged (dynamic),yes,fcdc6e7,llamaMoE,glass,2.00,no,not the first qualifying rung of this walk,g16b800m16,collector,,,,,,,,g16b800m16_q1066.csv
cliff,glassfb_800,ep16_0_8_4.txt,16,128,16,2133,0,COMPLETE,91.617,0,0,78592,57472,0.0535,0.0008,0.8546,4.1199,./logs/rung_12940008_3188315_1788834179035315476,clean,505,sweep,post-fix rung (glass); dim_a2a=1; portmap=ep16_0_8_4.txt; hier=0; port_bw=800; ep_place=1; tp=1; ep=1; 200G/lane: static laser+tune NOT re-budgeted -- same 5.3 W/panel as 100G/lane and likely low for the higher-rate lanes; link pJ/bit unchanged (dynamic),yes,fcdc6e7,llamaMoE,glass,4.00,no,not the first qualifying rung of this walk,g16b800m16,collector,,,,,,,,g16b800m16_q2133.csv
cliff,glassfb_800,ep16_0_8_4.txt,16,128,16,266,0,COMPLETE,100.812,35,105577,78592,57472,0.0542,0.0008,0.8626,17.1032,./logs/rung_12940005_3977852_1788834178958688196,clean,526,sweep,post-fix rung (glass); dim_a2a=1; portmap=ep16_0_8_4.txt; hier=0; port_bw=800; ep_place=1; tp=1; ep=1; 200G/lane: static laser+tune NOT re-budgeted -- same 5.3 W/panel as 100G/lane and likely low for the higher-rate lanes; link pJ/bit unchanged (dynamic),yes,fcdc6e7,llamaMoE,glass,0.50,no,not the first qualifying rung of this walk,g16b800m16,collector,,,,,,,,g16b800m16_q266.csv
cliff,glassfb_800,ep16_0_8_4.txt,16,128,16,4267,0,COMPLETE,91.617,0,0,78592,57472,0.0535,0.0008,0.8546,4.1199,./logs/rung_12940009_4100288_1788834219667921836,clean,506,sweep,post-fix rung (glass); dim_a2a=1; portmap=ep16_0_8_4.txt; hier=0; port_bw=800; ep_place=1; tp=1; ep=1; 200G/lane: static laser+tune NOT re-budgeted -- same 5.3 W/panel as 100G/lane and likely low for the higher-rate lanes; link pJ/bit unchanged (dynamic),yes,fcdc6e7,llamaMoE,glass,8.00,no,not the first qualifying rung of this walk,g16b800m16,collector,,,,,,,,g16b800m16_q4267.csv
cliff,glassfb_800,ep16_0_8_4.txt,16,128,16,533,0,COMPLETE,91.617,0,0,78592,57472,0.0535,0.0008,0.8546,4.1199,./logs/rung_12940006_1327822_1788834178987329491,clean,509,sweep,post-fix rung (glass); dim_a2a=1; portmap=ep16_0_8_4.txt; hier=0; port_bw=800; ep_place=1; tp=1; ep=1; 200G/lane: static laser+tune NOT re-budgeted -- same 5.3 W/panel as 100G/lane and likely low for the higher-rate lanes; link pJ/bit unchanged (dynamic),yes,fcdc6e7,llamaMoE,glass,1.00,yes,first zero-timeout rung (post-fix binary),g16b800m16,collector,,,,,,,,g16b800m16_q533.csv
cliff,glassfb_800,ep16_0_8_4.txt,16,128,16,8533,0,COMPLETE,91.617,0,0,78592,57472,0.0535,0.0008,0.8546,4.1199,./logs/rung_12940010_4100283_1788834219654218556,clean,502,sweep,post-fix rung (glass); dim_a2a=1; portmap=ep16_0_8_4.txt; hier=0; port_bw=800; ep_place=1; tp=1; ep=1; 200G/lane: static laser+tune NOT re-budgeted -- same 5.3 W/panel as 100G/lane and likely low for the higher-rate lanes; link pJ/bit unchanged (dynamic),yes,fcdc6e7,llamaMoE,glass,16.00,no,not the first qualifying rung of this walk,g16b800m16,collector,,,,,,,,g16b800m16_q8533.csv
cliff,glassfb_800,ep16_0_8_4.txt,16,128,32,1066,0,COMPLETE,99.668,0,0,78592,57472,0.1014,0.0008,1.6989,7.9019,./logs/rung_12940013_492138_1788834219599466800,clean,997,sweep,post-fix rung (glass); dim_a2a=1; portmap=ep16_0_8_4.txt; hier=0; port_bw=800; ep_place=1; tp=1; ep=1; 200G/lane: static laser+tune NOT re-budgeted -- same 5.3 W/panel as 100G/lane and likely low for the higher-rate lanes; link pJ/bit unchanged (dynamic),yes,fcdc6e7,llamaMoE,glass,2.00,no,not the first qualifying rung of this walk,g16b800m32,collector,,,,,,,,g16b800m32_q1066.csv
cliff,glassfb_800,ep16_0_8_4.txt,16,128,32,2133,0,COMPLETE,99.668,0,0,78592,57472,0.1014,0.0008,1.6989,7.9019,./logs/rung_12940014_492134_1788834219660761465,clean,997,sweep,post-fix rung (glass); dim_a2a=1; portmap=ep16_0_8_4.txt; hier=0; port_bw=800; ep_place=1; tp=1; ep=1; 200G/lane: static laser+tune NOT re-budgeted -- same 5.3 W/panel as 100G/lane and likely low for the higher-rate lanes; link pJ/bit unchanged (dynamic),yes,fcdc6e7,llamaMoE,glass,4.00,no,not the first qualifying rung of this walk,g16b800m32,collector,,,,,,,,g16b800m32_q2133.csv
cliff,glassfb_800,ep16_0_8_4.txt,16,128,32,266,0,COMPLETE,101.301,46,106197,78592,57472,0.1013,0.0008,1.6991,7.8832,./logs/rung_12940011_2507452_1788834219668522763,clean,994,sweep,post-fix rung (glass); dim_a2a=1; portmap=ep16_0_8_4.txt; hier=0; port_bw=800; ep_place=1; tp=1; ep=1; 200G/lane: static laser+tune NOT re-budgeted -- same 5.3 W/panel as 100G/lane and likely low for the higher-rate lanes; link pJ/bit unchanged (dynamic),yes,fcdc6e7,llamaMoE,glass,0.50,no,not the first qualifying rung of this walk,g16b800m32,collector,,,,,,,,g16b800m32_q266.csv
cliff,glassfb_800,ep16_0_8_4.txt,16,128,32,4267,0,COMPLETE,99.668,0,0,78592,57472,0.1014,0.0008,1.6989,7.9019,./logs/rung_12940015_3278296_1788834219572512077,clean,1004,sweep,post-fix rung (glass); dim_a2a=1; portmap=ep16_0_8_4.txt; hier=0; port_bw=800; ep_place=1; tp=1; ep=1; 200G/lane: static laser+tune NOT re-budgeted -- same 5.3 W/panel as 100G/lane and likely low for the higher-rate lanes; link pJ/bit unchanged (dynamic),yes,fcdc6e7,llamaMoE,glass,8.00,no,not the first qualifying rung of this walk,g16b800m32,collector,,,,,,,,g16b800m32_q4267.csv
cliff,glassfb_800,ep16_0_8_4.txt,16,128,32,533,0,COMPLETE,99.668,0,0,78592,57472,0.1014,0.0008,1.6989,7.9019,./logs/rung_12940012_3000416_1788834219667026878,clean,994,sweep,post-fix rung (glass); dim_a2a=1; portmap=ep16_0_8_4.txt; hier=0; port_bw=800; ep_place=1; tp=1; ep=1; 200G/lane: static laser+tune NOT re-budgeted -- same 5.3 W/panel as 100G/lane and likely low for the higher-rate lanes; link pJ/bit unchanged (dynamic),yes,fcdc6e7,llamaMoE,glass,1.00,yes,first zero-timeout rung (post-fix binary),g16b800m32,collector,,,,,,,,g16b800m32_q533.csv
cliff,glassfb_800,ep16_0_8_4.txt,16,128,32,8533,0,COMPLETE,99.668,0,0,78592,57472,0.1014,0.0008,1.6989,7.9019,./logs/rung_12940016_3734261_1788834219717122976,clean,1023,sweep,post-fix rung (glass); dim_a2a=1; portmap=ep16_0_8_4.txt; hier=0; port_bw=800; ep_place=1; tp=1; ep=1; 200G/lane: static laser+tune NOT re-budgeted -- same 5.3 W/panel as 100G/lane and likely low for the higher-rate lanes; link pJ/bit unchanged (dynamic),yes,fcdc6e7,llamaMoE,glass,16.00,no,not the first qualifying rung of this walk,g16b800m32,collector,,,,,,,,g16b800m32_q8533.csv
cliff,glassfb_800,ep16_0_8_4.txt,16,128,4,1066,0,COMPLETE,85.663,0,0,78592,57472,0.0172,0.0008,0.2315,1.0936,./logs/rung_12940000_966834_1788834178931820059,clean,142,sweep,post-fix rung (glass); dim_a2a=1; portmap=ep16_0_8_4.txt; hier=0; port_bw=800; ep_place=1; tp=1; ep=1; 200G/lane: static laser+tune NOT re-budgeted -- same 5.3 W/panel as 100G/lane and likely low for the higher-rate lanes; link pJ/bit unchanged (dynamic),yes,fcdc6e7,llamaMoE,glass,2.00,no,not the first qualifying rung of this walk,g16b800m4,collector,,,,,,,,g16b800m4_q1066.csv
cliff,glassfb_800,ep16_0_8_4.txt,16,128,4,2133,0,COMPLETE,85.663,0,0,78592,57472,0.0172,0.0008,0.2315,1.0936,./logs/rung_12940001_62244_1788834178923454422,clean,134,sweep,post-fix rung (glass); dim_a2a=1; portmap=ep16_0_8_4.txt; hier=0; port_bw=800; ep_place=1; tp=1; ep=1; 200G/lane: static laser+tune NOT re-budgeted -- same 5.3 W/panel as 100G/lane and likely low for the higher-rate lanes; link pJ/bit unchanged (dynamic),yes,fcdc6e7,llamaMoE,glass,4.00,no,not the first qualifying rung of this walk,g16b800m4,collector,,,,,,,,g16b800m4_q2133.csv
cliff,glassfb_800,ep16_0_8_4.txt,16,128,4,266,0,COMPLETE,195.002,47,101281,78592,57472,0.0174,0.0008,0.2346,11.2910,./logs/rung_12939998_763796_1788834178925154091,clean,133,sweep,post-fix rung (glass); dim_a2a=1; portmap=ep16_0_8_4.txt; hier=0; port_bw=800; ep_place=1; tp=1; ep=1; 200G/lane: static laser+tune NOT re-budgeted -- same 5.3 W/panel as 100G/lane and likely low for the higher-rate lanes; link pJ/bit unchanged (dynamic),yes,fcdc6e7,llamaMoE,glass,0.50,no,not the first qualifying rung of this walk,g16b800m4,collector,,,,,,,,g16b800m4_q266.csv
cliff,glassfb_800,ep16_0_8_4.txt,16,128,4,4267,0,COMPLETE,85.663,0,0,78592,57472,0.0172,0.0008,0.2315,1.0936,./logs/rung_12940002_4050237_1788834178855923777,clean,143,sweep,post-fix rung (glass); dim_a2a=1; portmap=ep16_0_8_4.txt; hier=0; port_bw=800; ep_place=1; tp=1; ep=1; 200G/lane: static laser+tune NOT re-budgeted -- same 5.3 W/panel as 100G/lane and likely low for the higher-rate lanes; link pJ/bit unchanged (dynamic),yes,fcdc6e7,llamaMoE,glass,8.00,no,not the first qualifying rung of this walk,g16b800m4,collector,,,,,,,,g16b800m4_q4267.csv
cliff,glassfb_800,ep16_0_8_4.txt,16,128,4,533,0,COMPLETE,85.663,0,0,78592,57472,0.0172,0.0008,0.2315,1.0936,./logs/rung_12939999_3014674_1788834178931603417,clean,139,sweep,post-fix rung (glass); dim_a2a=1; portmap=ep16_0_8_4.txt; hier=0; port_bw=800; ep_place=1; tp=1; ep=1; 200G/lane: static laser+tune NOT re-budgeted -- same 5.3 W/panel as 100G/lane and likely low for the higher-rate lanes; link pJ/bit unchanged (dynamic),yes,fcdc6e7,llamaMoE,glass,1.00,yes,first zero-timeout rung (post-fix binary),g16b800m4,collector,,,,,,,,g16b800m4_q533.csv
cliff,glassfb_800,ep16_0_8_4.txt,16,128,4,8533,0,COMPLETE,85.663,0,0,78592,57472,0.0172,0.0008,0.2315,1.0936,./logs/rung_12940003_594532_1788834178877412777,clean,152,sweep,post-fix rung (glass); dim_a2a=1; portmap=ep16_0_8_4.txt; hier=0; port_bw=800; ep_place=1; tp=1; ep=1; 200G/lane: static laser+tune NOT re-budgeted -- same 5.3 W/panel as 100G/lane and likely low for the higher-rate lanes; link pJ/bit unchanged (dynamic),yes,fcdc6e7,llamaMoE,glass,16.00,no,not the first qualifying rung of this walk,g16b800m4,collector,,,,,,,,g16b800m4_q8533.csv
cliff,glassfb,ep16_0_8_4.txt,16,128,16,1064,0,COMPLETE,91.464,0,,78592,57472,0.0697,0.0008,0.8557,6.1432,,,468,sweep,post-fix rung; one job per rung,yes,9ac4f76,llamaMoE,glass,3.99,no,not the first qualifying rung of this walk,g16m16,collector,,,,,,,,g16m16_q1064.csv
cliff,glassfb,ep16_0_8_4.txt,16,128,16,133,0,COMPLETE,132.714,2042,,78592,57472,0.1527,0.0008,5.8248,21.3705,,,427,sweep,post-fix rung; one job per rung,yes,9ac4f76,llamaMoE,glass,0.50,no,not the first qualifying rung of this walk,g16m16,collector,,,,,,,,g16m16_q133.csv
cliff,glassfb,ep16_0_8_4.txt,16,128,16,2128,0,COMPLETE,91.464,0,,78592,57472,0.0697,0.0008,0.8557,6.1432,,,478,sweep,post-fix rung; one job per rung,yes,9ac4f76,llamaMoE,glass,7.98,no,not the first qualifying rung of this walk,g16m16,collector,,,,,,,,g16m16_q2128.csv
cliff,glassfb,ep16_0_8_4.txt,16,128,16,266,0,COMPLETE,93.696,33,,78592,57472,0.0698,0.0008,0.8626,7.7380,,,488,sweep,post-fix rung; one job per rung,yes,9ac4f76,llamaMoE,glass,1.00,no,not the first qualifying rung of this walk,g16m16,collector,,,,,,,,g16m16_q266.csv
cliff,glassfb,ep16_0_8_4.txt,16,128,16,4256,0,COMPLETE,91.464,0,,78592,57472,0.0697,0.0008,0.8557,6.1432,,,480,sweep,post-fix rung; one job per rung,yes,9ac4f76,llamaMoE,glass,15.96,no,not the first qualifying rung of this walk,g16m16,collector,,,,,,,,g16m16_q4256.csv
cliff,glassfb,ep16_0_8_4.txt,16,128,16,532,0,COMPLETE,91.471,0,2003,78592,57472,0.0697,0.0008,0.8582,6.1287,,,467,sweep,post-fix rung; one job per rung | drops measured on the counter build at the same makespan,yes,9ac4f76,llamaMoE,glass,2.00,yes,first zero-timeout rung (post-fix binary),g16m16,collector,,,,,,,,g16m16_q532.csv
cliff,glassfb,ep16_0_8_4.txt,16,128,32,1064,0,COMPLETE,102.763,0,,78592,57472,0.1357,0.0008,1.7117,15.0997,,,933,sweep,post-fix rung; one job per rung,yes,9ac4f76,llamaMoE,glass,3.99,no,not the first qualifying rung of this walk,g16m32,collector,,,,,,,,g16m32_q1064.csv
cliff,glassfb,ep16_0_8_4.txt,16,128,32,133,0,COMPLETE,135.127,2156,,78592,57472,0.1822,0.0008,3.9717,27.4203,,,909,sweep,post-fix rung; one job per rung,yes,9ac4f76,llamaMoE,glass,0.50,no,not the first qualifying rung of this walk,g16m32,collector,,,,,,,,g16m32_q133.csv
cliff,glassfb,ep16_0_8_4.txt,16,128,32,2128,0,COMPLETE,102.763,0,,78592,57472,0.1357,0.0008,1.7117,15.0997,,,980,sweep,post-fix rung; one job per rung,yes,9ac4f76,llamaMoE,glass,7.98,no,not the first qualifying rung of this walk,g16m32,collector,,,,,,,,g16m32_q2128.csv
cliff,glassfb,ep16_0_8_4.txt,16,128,32,266,0,COMPLETE,102.731,56,,78592,57472,0.1361,0.0008,1.7082,14.7203,,,956,sweep,post-fix rung; one job per rung,yes,9ac4f76,llamaMoE,glass,1.00,no,not the first qualifying rung of this walk,g16m32,collector,,,,,,,,g16m32_q266.csv
cliff,glassfb,ep16_0_8_4.txt,16,128,32,4256,0,COMPLETE,102.763,0,,78592,57472,0.1357,0.0008,1.7117,15.0997,,,1000,sweep,post-fix rung; one job per rung,yes,9ac4f76,llamaMoE,glass,15.96,no,not the first qualifying rung of this walk,g16m32,collector,,,,,,,,g16m32_q4256.csv
cliff,glassfb,ep16_0_8_4.txt,16,128,32,532,0,COMPLETE,102.703,0,3855,78592,57472,0.1357,0.0008,1.7117,14.8226,,,932,sweep,post-fix rung; one job per rung | drops measured on the counter build at the same makespan,yes,9ac4f76,llamaMoE,glass,2.00,yes,first zero-timeout rung (post-fix binary),g16m32,collector,,,,,,,,g16m32_q532.csv
cliff,glassfb,ep16_0_8_4.txt,16,128,4,1064,0,COMPLETE,85.622,0,,78592,57472,0.0217,0.0008,0.2315,1.5602,,,139,sweep,post-fix rung; one job per rung,yes,9ac4f76,llamaMoE,glass,3.99,no,not the first qualifying rung of this walk,g16m4,collector,,,,,,,,g16m4_q1064.csv
cliff,glassfb,ep16_0_8_4.txt,16,128,4,133,0,COMPLETE,115.035,2085,,78592,57472,0.0817,0.0008,1.5595,9.7980,,,117,sweep,post-fix rung; one job per rung,yes,9ac4f76,llamaMoE,glass,0.50,no,not the first qualifying rung of this walk,g16m4,collector,,,,,,,,g16m4_q133.csv
cliff,glassfb,ep16_0_8_4.txt,16,128,4,2128,0,COMPLETE,85.622,0,,78592,57472,0.0217,0.0008,0.2315,1.5602,,,131,sweep,post-fix rung; one job per rung,yes,9ac4f76,llamaMoE,glass,7.98,no,not the first qualifying rung of this walk,g16m4,collector,,,,,,,,g16m4_q2128.csv
cliff,glassfb,ep16_0_8_4.txt,16,128,4,266,0,COMPLETE,86.642,27,,78592,57472,0.0217,0.0008,0.2346,1.6560,,,145,sweep,post-fix rung; one job per rung,yes,9ac4f76,llamaMoE,glass,1.00,no,not the first qualifying rung of this walk,g16m4,collector,,,,,,,,g16m4_q266.csv
cliff,glassfb,ep16_0_8_4.txt,16,128,4,4256,0,COMPLETE,85.622,0,,78592,57472,0.0217,0.0008,0.2315,1.5602,,,131,sweep,post-fix rung; one job per rung,yes,9ac4f76,llamaMoE,glass,15.96,no,not the first qualifying rung of this walk,g16m4,collector,,,,,,,,g16m4_q4256.csv
cliff,glassfb,ep16_0_8_4.txt,16,128,4,532,0,COMPLETE,85.625,0,1987,78592,57472,0.0216,0.0008,0.2315,1.5588,,,132,sweep,post-fix rung; one job per rung | drops measured on the counter build at the same makespan,yes,9ac4f76,llamaMoE,glass,2.00,yes,first zero-timeout rung (post-fix binary),g16m4,collector,,,,,,,,g16m4_q532.csv
cliff,glassfb,ep16_0_8_4.txt,16,128,8,1064,0,COMPLETE,87.599,0,,78592,57472,0.0378,0.0008,0.4403,3.1620,,,236,sweep,post-fix rung; one job per rung,yes,9ac4f76,llamaMoE,glass,3.99,no,not the first qualifying rung of this walk,g16m8,collector,,,,,,,,g16m8_q1064.csv
cliff,glassfb,ep16_0_8_4.txt,16,128,8,133,0,COMPLETE,121.058,2010,,78592,57472,0.0948,0.0008,2.7853,13.8788,,,225,sweep,post-fix rung; one job per rung,yes,9ac4f76,llamaMoE,glass,0.50,no,not the first qualifying rung of this walk,g16m8,collector,,,,,,,,g16m8_q133.csv
cliff,glassfb,ep16_0_8_4.txt,16,128,8,2128,0,COMPLETE,87.599,0,,78592,57472,0.0378,0.0008,0.4403,3.1620,,,246,sweep,post-fix rung; one job per rung,yes,9ac4f76,llamaMoE,glass,7.98,no,not the first qualifying rung of this walk,g16m8,collector,,,,,,,,g16m8_q2128.csv
cliff,glassfb,ep16_0_8_4.txt,16,128,8,266,0,COMPLETE,88.198,22,,78592,57472,0.0378,0.0008,0.4501,3.1223,,,250,sweep,post-fix rung; one job per rung,yes,9ac4f76,llamaMoE,glass,1.00,no,not the first qualifying rung of this walk,g16m8,collector,,,,,,,,g16m8_q266.csv
cliff,glassfb,ep16_0_8_4.txt,16,128,8,4256,0,COMPLETE,87.599,0,,78592,57472,0.0378,0.0008,0.4403,3.1620,,,239,sweep,post-fix rung; one job per rung,yes,9ac4f76,llamaMoE,glass,15.96,no,not the first qualifying rung of this walk,g16m8,collector,,,,,,,,g16m8_q4256.csv
cliff,glassfb,ep16_0_8_4.txt,16,128,8,532,0,COMPLETE,87.613,0,1987,78592,57472,0.0378,0.0008,0.4403,3.1337,,,245,sweep,post-fix rung; one job per rung | drops measured on the counter build at the same makespan,yes,9ac4f76,llamaMoE,glass,2.00,yes,first zero-timeout rung (post-fix binary),g16m8,collector,,,,,,,,g16m8_q532.csv
cliff,glassfb,ep32_gt.txt,32,256,8,1066,0,COMPLETE,81.360,360,,304640,229632,0.0515,0.0008,0.5909,5.9830,,,905,sweep,post-fix rung; one job per rung,yes,9ac4f76,llamaMoE,glass,4.00,no,not the first qualifying rung of this walk,g32,collector,,,,,,,,g32_q1066.csv
cliff,glassfb,ep32_gt.txt,32,256,8,2133,0,COMPLETE,77.918,0,147,304640,229632,0.0513,0.0008,0.5671,5.9920,,,911,sweep,post-fix rung; one job per rung | drops measured on the counter build at the same makespan,yes,9ac4f76,llamaMoE,glass,8.00,yes,first zero-timeout rung (post-fix binary),g32,collector,,,,,,,,g32_q2133.csv
cliff,glassfb,ep32_gt.txt,32,256,8,266,0,COMPLETE,97.087,8688,,304640,229632,0.0832,0.0008,1.4229,10.5343,,,862,sweep,post-fix rung; one job per rung,yes,9ac4f76,llamaMoE,glass,1.00,no,not the first qualifying rung of this walk,g32,collector,,,,,,,,g32_q266.csv
cliff,glassfb,ep32_gt.txt,32,256,8,4267,0,COMPLETE,77.957,0,,304640,229632,0.0513,0.0008,0.5658,5.9888,,,909,sweep,post-fix rung; one job per rung,yes,9ac4f76,llamaMoE,glass,16.00,no,not the first qualifying rung of this walk,g32,collector,,,,,,,,g32_q4267.csv
cliff,glassfb,ep32_gt.txt,32,256,8,533,0,COMPLETE,113.593,3022,,304640,229632,0.0654,0.0008,0.9186,24.4999,,,814,sweep,post-fix rung; one job per rung,yes,9ac4f76,llamaMoE,glass,2.00,no,not the first qualifying rung of this walk,g32,collector,,,,,,,,g32_q533.csv
cliff,glassfb,ep32_gt.txt,32,256,8,8533,0,COMPLETE,77.957,0,,304640,229632,0.0513,0.0008,0.5658,5.9888,,,884,sweep,post-fix rung; one job per rung,yes,9ac4f76,llamaMoE,glass,32.00,no,not the first qualifying rung of this walk,g32,collector,,,,,,,,g32_q8533.csv
cliff,glassfb_800,ep32_gt.txt,32,256,8,1066,0,COMPLETE,75.330,2,18827,304640,229632,0.0346,0.0008,0.4335,3.5742,./logs/rung_12937728_490523_1788831317943545015,clean,910,sweep,post-fix rung (glass); dim_a2a=1; portmap=ep32_gt.txt; hier=0; port_bw=800; ep_place=1; tp=1; ep=1; 200G/lane: static laser+tune NOT re-budgeted -- same 5.3 W/panel as 100G/lane and likely low for the higher-rate lanes; link pJ/bit unchanged (dynamic),yes,8ca3c1c,llamaMoE,glass,2.00,no,not the first qualifying rung of this walk,g32b800,collector,,,,,,,,g32b800_q1066.csv
cliff,glassfb_800,ep32_gt.txt,32,256,8,17067,0,COMPLETE,75.253,0,0,304640,229632,0.0348,0.0008,0.4348,3.6031,./logs/rung_12937736_480025_1788831352364340759,clean,906,sweep,post-fix rung (glass); dim_a2a=1; portmap=ep32_gt.txt; hier=0; port_bw=800; ep_place=1; tp=1; ep=1; 200G/lane: static laser+tune NOT re-budgeted -- same 5.3 W/panel as 100G/lane and likely low for the higher-rate lanes; link pJ/bit unchanged (dynamic),yes,8ca3c1c,llamaMoE,glass,32.00,no,not the first qualifying rung of this walk,g32b800,collector,,,,,,,,g32b800_q17067.csv
cliff,glassfb_800,ep32_gt.txt,32,256,8,2133,0,COMPLETE,75.253,0,0,304640,229632,0.0348,0.0008,0.4348,3.6031,./logs/rung_12937731_3663479_1788831317952993349,clean,889,sweep,post-fix rung (glass); dim_a2a=1; portmap=ep32_gt.txt; hier=0; port_bw=800; ep_place=1; tp=1; ep=1; 200G/lane: static laser+tune NOT re-budgeted -- same 5.3 W/panel as 100G/lane and likely low for the higher-rate lanes; link pJ/bit unchanged (dynamic),yes,8ca3c1c,llamaMoE,glass,4.00,yes,first zero-timeout rung (post-fix binary),g32b800,collector,,,,,,,,g32b800_q2133.csv
cliff,glassfb_800,ep32_gt.txt,32,256,8,4267,0,COMPLETE,75.253,0,0,304640,229632,0.0348,0.0008,0.4348,3.6031,./logs/rung_12937734_155469_1788831317960600353,clean,932,sweep,post-fix rung (glass); dim_a2a=1; portmap=ep32_gt.txt; hier=0; port_bw=800; ep_place=1; tp=1; ep=1; 200G/lane: static laser+tune NOT re-budgeted -- same 5.3 W/panel as 100G/lane and likely low for the higher-rate lanes; link pJ/bit unchanged (dynamic),yes,8ca3c1c,llamaMoE,glass,8.00,no,not the first qualifying rung of this walk,g32b800,collector,,,,,,,,g32b800_q4267.csv
cliff,glassfb_800,ep32_gt.txt,32,256,8,533,0,COMPLETE,109.849,1993,1140788,304640,229632,0.0423,0.0008,0.6642,20.3891,./logs/rung_12937726_490527_1788831317974707648,clean,844,sweep,post-fix rung (glass); dim_a2a=1; portmap=ep32_gt.txt; hier=0; port_bw=800; ep_place=1; tp=1; ep=1; 200G/lane: static laser+tune NOT re-budgeted -- same 5.3 W/panel as 100G/lane and likely low for the higher-rate lanes; link pJ/bit unchanged (dynamic),yes,8ca3c1c,llamaMoE,glass,1.00,no,not the first qualifying rung of this walk,g32b800,collector,,,,,,,,g32b800_q533.csv
cliff,glassfb_800,ep32_gt.txt,32,256,8,8533,0,COMPLETE,75.253,0,0,304640,229632,0.0348,0.0008,0.4348,3.6031,./logs/rung_12937735_156157_1788831352240676355,clean,941,sweep,post-fix rung (glass); dim_a2a=1; portmap=ep32_gt.txt; hier=0; port_bw=800; ep_place=1; tp=1; ep=1; 200G/lane: static laser+tune NOT re-budgeted -- same 5.3 W/panel as 100G/lane and likely low for the higher-rate lanes; link pJ/bit unchanged (dynamic),yes,8ca3c1c,llamaMoE,glass,16.00,no,not the first qualifying rung of this walk,g32b800,collector,,,,,,,,g32b800_q8533.csv
cliff,glassfb,ep64_gt.txt,64,512,8,1064,0,COMPLETE,52.103,37144,,1199104,918016,0.0710,0.0003,1.2079,7.1875,,,2670,sweep,post-fix rung; one job per rung,yes,9ac4f76,qwenMoE,glass,3.99,no,not the first qualifying rung of this walk,g64,collector,,,,,,,,g64_q1064.csv
cliff,glassfb,ep64_gt.txt,64,512,8,17067,0,COMPLETE,43.088,0,0,1199104,918016,0.0363,0.0003,0.5264,3.0835,,,2723,sweep,post-fix rung; one job per rung | drops measured on the counter build at the same makespan,yes,9ac4f76,qwenMoE,glass,64.00,yes,first zero-timeout rung (post-fix binary),g64,collector,,,,,,,,g64_q17067.csv
cliff,glassfb,ep64_gt.txt,64,512,8,2133,0,COMPLETE,55.990,12840,,1199104,918016,0.0497,0.0003,0.9273,7.8575,,,2685,sweep,post-fix rung; one job per rung,yes,9ac4f76,qwenMoE,glass,8.00,no,not the first qualifying rung of this walk,g64,collector,,,,,,,,g64_q2133.csv
cliff,glassfb,ep64_gt.txt,64,512,8,4267,0,COMPLETE,46.997,2373,,1199104,918016,0.0394,0.0003,0.5632,6.2757,,,2239,sweep,post-fix rung; one job per rung,yes,9ac4f76,qwenMoE,glass,16.00,no,not the first qualifying rung of this walk,g64,collector,,,,,,,,g64_q4267.csv
cliff,glassfb,ep64_gt.txt,64,512,8,533,0,COMPLETE,50.169,69106,,1199104,918016,0.1013,0.0003,1.5574,3.9053,,,2339,sweep,post-fix rung; one job per rung,yes,9ac4f76,qwenMoE,glass,2.00,no,not the first qualifying rung of this walk,g64,collector,,,,,,,,g64_q533.csv
cliff,glassfb,ep64_gt.txt,64,512,8,8533,0,COMPLETE,43.157,42,,1199104,918016,0.0364,0.0003,0.5275,3.1277,,,2188,sweep,post-fix rung; one job per rung,yes,9ac4f76,qwenMoE,glass,32.00,no,not the first qualifying rung of this walk,g64,collector,,,,,,,,g64_q8533.csv
cliff,glassfb_800,ep64_gt.txt,64,512,8,1066,0,COMPLETE,51.212,17777,8211523,1199104,918016,0.0434,0.0003,0.9449,7.3939,./logs/rung_12922350_411381_1788813356705042014,clean,2675,sweep,"post-fix rung (glass); dim_a2a=1; portmap=ep64_gt.txt; hier=0; port_bw=800; 200G/lane: static laser+tune NOT re-budgeted, same 5.3 W/panel as 100G/lane and likely low for the higher-rate lanes; link pJ/bit unchanged (dynamic)",yes,2128410,qwenMoE,glass,2.00,no,not the first qualifying rung of this walk,g64b800,collector,['2128410'],,,,,,,g64b800_q1066.csv
cliff,glassfb_800,ep64_gt.txt,64,512,8,17067,0,COMPLETE,39.879,0,0,1199104,918016,0.0228,0.0003,0.3476,2.5744,./logs/rung_12922355_2259670_1788813356711647698,clean,2807,sweep,"post-fix rung (glass); dim_a2a=1; portmap=ep64_gt.txt; hier=0; port_bw=800; 200G/lane: static laser+tune NOT re-budgeted, same 5.3 W/panel as 100G/lane and likely low for the higher-rate lanes; link pJ/bit unchanged (dynamic)",yes,2128410,qwenMoE,glass,32.00,no,not the first qualifying rung of this walk,g64b800,collector,['2128410'],,,,,,,g64b800_q17067.csv
cliff,glassfb_800,ep64_gt.txt,64,512,8,2133,0,COMPLETE,45.037,3095,4324577,1199104,918016,0.0271,0.0003,0.4446,3.9167,./logs/rung_12922351_411385_1788813356724462961,clean,2661,sweep,"post-fix rung (glass); dim_a2a=1; portmap=ep64_gt.txt; hier=0; port_bw=800; 200G/lane: static laser+tune NOT re-budgeted, same 5.3 W/panel as 100G/lane and likely low for the higher-rate lanes; link pJ/bit unchanged (dynamic)",yes,2128410,qwenMoE,glass,4.00,no,not the first qualifying rung of this walk,g64b800,collector,['2128410'],,,,,,,g64b800_q2133.csv
cliff,glassfb_800,ep64_gt.txt,64,512,8,34133,0,COMPLETE,39.879,0,0,1199104,918016,0.0228,0.0003,0.3476,2.5744,./logs/rung_12922356_2259669_1788813356739492208,clean,2796,sweep,"post-fix rung (glass); dim_a2a=1; portmap=ep64_gt.txt; hier=0; port_bw=800; 200G/lane: static laser+tune NOT re-budgeted, same 5.3 W/panel as 100G/lane and likely low for the higher-rate lanes; link pJ/bit unchanged (dynamic)",yes,2128410,qwenMoE,glass,64.00,no,not the first qualifying rung of this walk,g64b800,collector,['2128410'],,,,,,,g64b800_q34133.csv
cliff,glassfb_800,ep64_gt.txt,64,512,8,4267,0,COMPLETE,39.386,80,94274,1199104,918016,0.0229,0.0003,0.3482,2.5904,./logs/rung_12922353_3104295_1788813356834147509,clean,2473,sweep,"post-fix rung (glass); dim_a2a=1; portmap=ep64_gt.txt; hier=0; port_bw=800; 200G/lane: static laser+tune NOT re-budgeted, same 5.3 W/panel as 100G/lane and likely low for the higher-rate lanes; link pJ/bit unchanged (dynamic)",yes,2128410,qwenMoE,glass,8.00,no,not the first qualifying rung of this walk,g64b800,collector,['2128410'],,,,,,,g64b800_q4267.csv
cliff,glassfb_800,ep64_gt.txt,64,512,8,8533,0,COMPLETE,39.879,0,0,1199104,918016,0.0228,0.0003,0.3476,2.5744,./logs/rung_12922354_3104297_1788813356887564460,clean,2577,sweep,"post-fix rung (glass); dim_a2a=1; portmap=ep64_gt.txt; hier=0; port_bw=800; 200G/lane: static laser+tune NOT re-budgeted, same 5.3 W/panel as 100G/lane and likely low for the higher-rate lanes; link pJ/bit unchanged (dynamic)",yes,2128410,qwenMoE,glass,16.00,yes,first zero-timeout rung (post-fix binary),g64b800,collector,['2128410'],,,,,,,g64b800_q8533.csv
cliff,glassfb_800,ep128_gt.txt,128,1024,8,34133,0,COMPLETE,194.609,0,0,4757504,3671040,0.0406,0.0008,0.6143,6.8237,./logs/rung_12940020_35328_1788834178761040065,clean,13066,sweep,post-fix rung (glassdrop); dim_a2a=1; portmap=ep128_gt.txt; hier=0; port_bw=800; ep_place=1; tp=1; ep=1; 200G/lane: static laser+tune NOT re-budgeted -- same 5.3 W/panel as 100G/lane and likely low for the higher-rate lanes; link pJ/bit unchanged (dynamic),yes,fcdc6e7,arctic,glass,64.00,no,not the first qualifying rung of this walk,g128b800,collector,,,,,,,,gd128b800_q34133.csv
cliff,glassfb_800,ep16_0_8_4.txt,16,128,8,533,0,COMPLETE,87.700,0,0,78592,57472,0.0294,0.0008,0.4403,2.0737,./logs/rung_12940017_3853336_1788834219590725901,clean,256,sweep,post-fix rung (glassdrop); dim_a2a=1; portmap=ep16_0_8_4.txt; hier=0; port_bw=800; ep_place=1; tp=1; ep=1; 200G/lane: static laser+tune NOT re-budgeted -- same 5.3 W/panel as 100G/lane and likely low for the higher-rate lanes; link pJ/bit unchanged (dynamic),yes,fcdc6e7,llamaMoE,glass,1.00,no,not the first qualifying rung of this walk,g16b800,collector,,,,,,,,gd16b800_q533.csv
cliff,glassfb_800,ep32_gt.txt,32,256,8,2133,0,COMPLETE,75.253,0,0,304640,229632,0.0348,0.0008,0.4348,3.6031,./logs/rung_12940018_3692863_1788834219573241455,clean,924,sweep,post-fix rung (glassdrop); dim_a2a=1; portmap=ep32_gt.txt; hier=0; port_bw=800; ep_place=1; tp=1; ep=1; 200G/lane: static laser+tune NOT re-budgeted -- same 5.3 W/panel as 100G/lane and likely low for the higher-rate lanes; link pJ/bit unchanged (dynamic),yes,fcdc6e7,llamaMoE,glass,4.00,no,not the first qualifying rung of this walk,g32b800,collector,,,,,,,,gd32b800_q2133.csv
cliff,glassfb_800,ep64_gt.txt,64,512,8,8533,0,COMPLETE,39.879,0,0,1199104,918016,0.0228,0.0003,0.3476,2.5744,./logs/rung_12940019_3692923_1788834255904195479,clean,2759,sweep,post-fix rung (glassdrop); dim_a2a=1; portmap=ep64_gt.txt; hier=0; port_bw=800; ep_place=1; tp=1; ep=1; 200G/lane: static laser+tune NOT re-budgeted -- same 5.3 W/panel as 100G/lane and likely low for the higher-rate lanes; link pJ/bit unchanged (dynamic),yes,fcdc6e7,qwenMoE,glass,16.00,no,not the first qualifying rung of this walk,g64b800,collector,,,,,,,,gd64b800_q8533.csv
cliff,hgx8_pkt,,128,1024,,,,,364.295,139653,0,4757504,3671040,0.2991,0.0036,4.4744,27.8464,,,8153,sweep,post-fix rung; one job per rung,yes,8561dca,arctic,pkt,16.32,yes,"first rung with zero measured drops; 139653 spurious timeouts (buffer-invariant, validated counter)",h128,collector,,8,4,112.5,50,1224,270,h128_q1224.csv
cliff,hgx8_pkt,,128,1024,,,,,364.295,139653,0,4757504,3671040,0.2991,0.0036,4.4744,27.8464,,,8340,sweep,post-fix rung; one job per rung,yes,8561dca,arctic,pkt,32.64,no,not the first qualifying rung of this walk,h128,collector,,8,4,112.5,50,2448,270,h128_q2448.csv
cliff,hgx8_pkt,,128,1024,,,,,364.295,139653,0,4757504,3671040,0.2991,0.0036,4.4744,27.8464,,,7553,sweep,post-fix rung; one job per rung,yes,8561dca,arctic,pkt,65.28,no,not the first qualifying rung of this walk,h128,collector,,8,4,112.5,50,4896,270,h128_q4896.csv
cliff,hgx8_pkt,,16,128,,,,,145.497,0,0,78592,57472,0.2100,0.0042,3.5643,10.3210,,,238,sweep,post-fix rung; one job per rung,yes,9ac4f76,llamaMoE,pkt,16.32,no,not the first qualifying rung of this walk,h16,collector,,8,4,112.5,50,1224,270,h16_q1224.csv
cliff,hgx8_pkt,,16,128,,,,,145.497,0,0,78592,57472,0.2101,0.0042,3.5643,10.3210,,,227,sweep,post-fix rung; one job per rung,yes,9ac4f76,llamaMoE,pkt,32.64,no,not the first qualifying rung of this walk,h16,collector,,8,4,112.5,50,2448,270,h16_q2448.csv
cliff,hgx8_pkt,,16,128,,,,,149.041,79,41405,78592,57472,0.2100,0.0042,3.5082,22.8042,,,207,sweep,post-fix rung; one job per rung,yes,9ac4f76,llamaMoE,pkt,4.08,no,not the first qualifying rung of this walk,h16,collector,,8,4,112.5,50,306,270,h16_q306.csv
cliff,hgx8_pkt,,16,128,,,,,145.497,0,0,78592,57472,0.2101,0.0042,3.5643,10.3210,,,226,sweep,post-fix rung; one job per rung,yes,9ac4f76,llamaMoE,pkt,65.28,no,not the first qualifying rung of this walk,h16,collector,,8,4,112.5,50,4896,270,h16_q4896.csv
cliff,hgx8_pkt,,16,128,,,,,145.497,0,0,78592,57472,0.2101,0.0042,3.5643,10.3210,,,237,sweep,post-fix rung; one job per rung,yes,9ac4f76,llamaMoE,pkt,8.16,yes,first zero-timeout rung (post-fix binary),h16,collector,,8,4,112.5,50,612,270,h16_q612.csv
cliff,hgx8_pkt,,16,128,,,,,145.497,0,0,78592,57472,0.2101,0.0042,3.5643,10.3210,,,234,sweep,post-fix rung; one job per rung,yes,9ac4f76,llamaMoE,pkt,130.56,no,not the first qualifying rung of this walk,h16,collector,,8,4,112.5,50,9792,270,h16_q9792.csv
cliff,hgx8_pkt,,16,128,16,,,,234.925,0,0,78592,57472,0.4440,0.0042,8.2233,20.7692,./logs/rung_12964476_526303_1788876755606230032,clean,495,sweep,post-fix rung; one job per rung,yes,68851bb,llamaMoE,pkt,16.32,no,not the first qualifying rung of this walk,h16m16,collector,,8,4,112.5,50,1224,270,h16m16_q1224.csv
cliff,hgx8_pkt,,16,128,16,,,,234.925,0,0,78592,57472,0.4441,0.0042,8.2233,20.7692,./logs/rung_12964477_3479833_1788876755568074732,clean,463,sweep,post-fix rung; one job per rung,yes,68851bb,llamaMoE,pkt,32.64,no,not the first qualifying rung of this walk,h16m16,collector,,8,4,112.5,50,2448,270,h16m16_q2448.csv
cliff,hgx8_pkt,,16,128,16,,,,421.064,78,41862,78592,57472,0.4370,0.0042,7.9851,187.7160,./logs/rung_12964474_719491_1788876755526612552,clean,437,sweep,post-fix rung; one job per rung,yes,68851bb,llamaMoE,pkt,4.08,no,not the first qualifying rung of this walk,h16m16,collector,,8,4,112.5,50,306,270,h16m16_q306.csv
cliff,hgx8_pkt,,16,128,16,,,,234.925,0,0,78592,57472,0.4441,0.0042,8.2233,20.7692,./logs/rung_12964478_3479838_1788876755622282896,clean,462,sweep,post-fix rung; one job per rung,yes,68851bb,llamaMoE,pkt,65.28,no,not the first qualifying rung of this walk,h16m16,collector,,8,4,112.5,50,4896,270,h16m16_q4896.csv
cliff,hgx8_pkt,,16,128,16,,,,234.925,0,303,78592,57472,0.4440,0.0042,8.2233,20.7692,./logs/rung_12964475_526301_1788876755580455133,clean,491,sweep,post-fix rung; one job per rung,yes,68851bb,llamaMoE,pkt,8.16,yes,first zero-timeout rung (post-fix binary),h16m16,collector,,8,4,112.5,50,612,270,h16m16_q612.csv
cliff,hgx8_pkt,,16,128,16,,,,234.925,0,0,78592,57472,0.4441,0.0042,8.2233,20.7692,./logs/rung_12964479_558213_1788876755611765888,clean,479,sweep,post-fix rung; one job per rung,yes,68851bb,llamaMoE,pkt,130.56,no,not the first qualifying rung of this walk,h16m16,collector,,8,4,112.5,50,9792,270,h16m16_q9792.csv
cliff,hgx8_pkt,,16,128,32,,,,405.193,0,0,78592,57472,0.8999,0.0042,17.1825,46.0247,./logs/rung_12964482_610482_1788876755560507700,clean,927,sweep,post-fix rung; one job per rung,yes,68851bb,llamaMoE,pkt,16.32,no,not the first qualifying rung of this walk,h16m32,collector,,8,4,112.5,50,1224,270,h16m32_q1224.csv
cliff,hgx8_pkt,,16,128,32,,,,405.193,0,0,78592,57472,0.9003,0.0042,17.1825,46.0247,./logs/rung_12964483_610479_1788876755550963145,clean,925,sweep,post-fix rung; one job per rung,yes,68851bb,llamaMoE,pkt,32.64,no,not the first qualifying rung of this walk,h16m32,collector,,8,4,112.5,50,2448,270,h16m32_q2448.csv
cliff,hgx8_pkt,,16,128,32,,,,435.947,87,40997,78592,57472,0.8653,0.0042,15.9661,83.3385,./logs/rung_12964480_744182_1788876755703001307,clean,869,sweep,post-fix rung; one job per rung,yes,68851bb,llamaMoE,pkt,4.08,no,not the first qualifying rung of this walk,h16m32,collector,,8,4,112.5,50,306,270,h16m32_q306.csv
cliff,hgx8_pkt,,16,128,32,,,,405.193,0,0,78592,57472,0.9004,0.0042,17.1825,46.0247,./logs/rung_12964484_2490726_1788876755590546733,clean,931,sweep,post-fix rung; one job per rung,yes,68851bb,llamaMoE,pkt,65.28,no,not the first qualifying rung of this walk,h16m32,collector,,8,4,112.5,50,4896,270,h16m32_q4896.csv
cliff,hgx8_pkt,,16,128,32,,,,405.193,0,425,78592,57472,0.8995,0.0042,17.1825,46.0247,./logs/rung_12964481_744185_1788876755626620960,clean,912,sweep,post-fix rung; one job per rung,yes,68851bb,llamaMoE,pkt,8.16,yes,first zero-timeout rung (post-fix binary),h16m32,collector,,8,4,112.5,50,612,270,h16m32_q612.csv
cliff,hgx8_pkt,,16,128,32,,,,405.193,0,0,78592,57472,0.9004,0.0042,17.1825,46.0247,./logs/rung_12964485_2490727_1788876755632825009,clean,934,sweep,post-fix rung; one job per rung,yes,68851bb,llamaMoE,pkt,130.56,no,not the first qualifying rung of this walk,h16m32,collector,,8,4,112.5,50,9792,270,h16m32_q9792.csv
cliff,hgx8_pkt,,16,128,4,,,,107.634,0,0,78592,57472,0.1071,0.0042,1.7563,5.6079,./logs/rung_12964470_49930_1788876750029601417,clean,125,sweep,post-fix rung; one job per rung,yes,68851bb,llamaMoE,pkt,16.32,no,not the first qualifying rung of this walk,h16m4,collector,,8,4,112.5,50,1224,270,h16m4_q1224.csv
cliff,hgx8_pkt,,16,128,4,,,,107.634,0,0,78592,57472,0.1071,0.0042,1.7563,5.6079,./logs/rung_12964471_2401201_1788876750064425922,clean,126,sweep,post-fix rung; one job per rung,yes,68851bb,llamaMoE,pkt,32.64,no,not the first qualifying rung of this walk,h16m4,collector,,8,4,112.5,50,2448,270,h16m4_q2448.csv
cliff,hgx8_pkt,,16,128,4,,,,117.037,80,42643,78592,57472,0.1111,0.0042,1.8058,9.3878,./logs/rung_12964468_1269216_1788876750208636347,clean,116,sweep,post-fix rung; one job per rung,yes,68851bb,llamaMoE,pkt,4.08,no,not the first qualifying rung of this walk,h16m4,collector,,8,4,112.5,50,306,270,h16m4_q306.csv
cliff,hgx8_pkt,,16,128,4,,,,107.634,0,0,78592,57472,0.1071,0.0042,1.7563,5.6079,./logs/rung_12964472_2401200_1788876750113723833,clean,126,sweep,post-fix rung; one job per rung,yes,68851bb,llamaMoE,pkt,65.28,no,not the first qualifying rung of this walk,h16m4,collector,,8,4,112.5,50,4896,270,h16m4_q4896.csv
cliff,hgx8_pkt,,16,128,4,,,,107.634,0,23,78592,57472,0.1070,0.0042,1.7563,5.6079,./logs/rung_12964469_49927_1788876750029225867,clean,117,sweep,post-fix rung; one job per rung,yes,68851bb,llamaMoE,pkt,8.16,yes,first zero-timeout rung (post-fix binary),h16m4,collector,,8,4,112.5,50,612,270,h16m4_q612.csv
cliff,hgx8_pkt,,16,128,4,,,,107.634,0,0,78592,57472,0.1071,0.0042,1.7563,5.6079,./logs/rung_12964473_719425_1788876750132536578,clean,129,sweep,post-fix rung; one job per rung,yes,68851bb,llamaMoE,pkt,130.56,no,not the first qualifying rung of this walk,h16m4,collector,,8,4,112.5,50,9792,270,h16m4_q9792.csv
cliff,hgx8_pkt,,32,256,,,,,164.522,105,0,304640,229632,0.2671,0.0042,4.6581,13.5087,,,498,sweep,post-fix rung; one job per rung,yes,9ac4f76,llamaMoE,pkt,16.32,yes,"first rung with zero measured drops; 105 spurious timeouts (buffer-invariant, validated counter)",h32,collector,,8,4,112.5,50,1224,270,h32_q1224.csv
cliff,hgx8_pkt,,32,256,,,,,164.522,105,0,304640,229632,0.2671,0.0042,4.6581,13.5087,,,555,sweep,post-fix rung; one job per rung,yes,9ac4f76,llamaMoE,pkt,32.64,no,not the first qualifying rung of this walk,h32,collector,,8,4,112.5,50,2448,270,h32_q2448.csv
cliff,hgx8_pkt,,32,256,,,,,541.653,224,80924,304640,229632,0.2698,0.0042,4.6581,251.9810,,,452,sweep,post-fix rung; one job per rung,yes,9ac4f76,llamaMoE,pkt,4.08,no,not the first qualifying rung of this walk,h32,collector,,8,4,112.5,50,306,270,h32_q306.csv
cliff,hgx8_pkt,,32,256,,,,,164.522,105,0,304640,229632,0.2671,0.0042,4.6581,13.5087,,,528,sweep,post-fix rung; one job per rung,yes,9ac4f76,llamaMoE,pkt,65.28,no,not the first qualifying rung of this walk,h32,collector,,8,4,112.5,50,4896,270,h32_q4896.csv
cliff,hgx8_pkt,,32,256,,,,,164.522,105,313,304640,229632,0.2671,0.0042,4.6581,13.5087,,,556,sweep,post-fix rung; one job per rung,yes,9ac4f76,llamaMoE,pkt,8.16,no,not the first qualifying rung of this walk,h32,collector,,8,4,112.5,50,612,270,h32_q612.csv
cliff,hgx8_pkt,,32,256,,,,,164.522,105,0,304640,229632,0.2671,0.0042,4.6581,13.5087,,,522,sweep,post-fix rung; one job per rung,yes,9ac4f76,llamaMoE,pkt,130.56,no,not the first qualifying rung of this walk,h32,collector,,8,4,112.5,50,9792,270,h32_q9792.csv
cliff,hgx8_pkt,,64,512,,,,,144.519,2192,0,1199104,918016,0.2223,0.0022,3.6770,17.1386,,,1228,sweep,post-fix rung; one job per rung,yes,9ac4f76,qwenMoE,pkt,16.32,yes,"first rung with zero measured drops; 2192 spurious timeouts (buffer-invariant, validated counter)",h64,collector,,8,4,112.5,50,1224,270,h64_q1224.csv
cliff,hgx8_pkt,,64,512,,,,,144.519,2192,0,1199104,918016,0.2223,0.0022,3.6770,17.1386,,,1339,sweep,post-fix rung; one job per rung,yes,9ac4f76,qwenMoE,pkt,32.64,no,not the first qualifying rung of this walk,h64,collector,,8,4,112.5,50,2448,270,h64_q2448.csv
cliff,hgx8_pkt,,64,512,,,,,185.613,9098,175118,1199104,918016,0.2199,0.0022,3.4390,36.3059,,,1063,sweep,post-fix rung; one job per rung,yes,9ac4f76,qwenMoE,pkt,4.08,no,not the first qualifying rung of this walk,h64,collector,,8,4,112.5,50,306,270,h64_q306.csv
cliff,hgx8_pkt,,64,512,,,,,144.519,2192,0,1199104,918016,0.2223,0.0022,3.6770,17.1386,,,1184,sweep,post-fix rung; one job per rung,yes,9ac4f76,qwenMoE,pkt,65.28,no,not the first qualifying rung of this walk,h64,collector,,8,4,112.5,50,4896,270,h64_q4896.csv
cliff,hgx8_pkt,,64,512,,,,,144.519,2192,163,1199104,918016,0.2223,0.0022,3.6770,17.1386,,,1254,sweep,post-fix rung; one job per rung,yes,9ac4f76,qwenMoE,pkt,8.16,no,not the first qualifying rung of this walk,h64,collector,,8,4,112.5,50,612,270,h64_q612.csv
cliff,hgx8_pkt,,64,512,,,,,144.519,2192,0,1199104,918016,0.2223,0.0022,3.6770,17.1386,,,1195,sweep,post-fix rung; one job per rung,yes,9ac4f76,qwenMoE,pkt,130.56,no,not the first qualifying rung of this walk,h64,collector,,8,4,112.5,50,9792,270,h64_q9792.csv
cliff,glassfb,ep32_gt.txt,32,256,8,2133,0,COMPLETE,202.683,0,0,212352,200832,0.0512,0.0008,0.8466,18.2139,,,930,sweep,post-fix rung (glass); dim_a2a=1; portmap=ep32_gt.txt; hier=1,yes,1b1cc47,llamaMoE,glass,8.00,yes,first zero-timeout rung (post-fix binary),hier32,collector,,,,,,,,hier32_q2133.csv
cliff,glassfb_mesh8x8,p64_ep16.txt,16,128,8,1066,0,COMPLETE,88.023,34,78679,78592,57472,0.0367,0.0016,0.3737,5.9839,./logs/rung_12960344_1361119_1788869039551409853,clean,416,sweep,post-fix rung (glass); dim_a2a=1; portmap=p64_ep16.txt; hier=0; port_bw=800; ep_place=1; tp=1; ep=1; panel=64; pcols=8; opt_bw=128; maxdist=1; 200G/lane: static laser+tune NOT re-budgeted -- same 5.3 W/panel as 100G/lane and likely low for the higher-rate lanes; link pJ/bit unchanged (dynamic),yes,95c35a7,llamaMoE,glass,2.00,no,not the first qualifying rung of this walk,mesh64_ep16,collector,,,,,,,,mesh64_ep16_q1066.csv
cliff,glassfb_mesh8x8,p64_ep16.txt,16,128,8,17067,0,COMPLETE,87.715,0,0,78592,57472,0.0368,0.0016,0.3753,6.0239,./logs/rung_12960359_2024102_1788869042087296314,clean,396,sweep,post-fix rung (glass); dim_a2a=1; portmap=p64_ep16.txt; hier=0; port_bw=800; ep_place=1; tp=1; ep=1; panel=64; pcols=8; opt_bw=128; maxdist=1; 200G/lane: static laser+tune NOT re-budgeted -- same 5.3 W/panel as 100G/lane and likely low for the higher-rate lanes; link pJ/bit unchanged (dynamic),yes,95c35a7,llamaMoE,glass,32.00,no,not the first qualifying rung of this walk,mesh64_ep16,collector,,,,,,,,mesh64_ep16_q17067.csv
cliff,glassfb_mesh8x8,p64_ep16.txt,16,128,8,2133,0,COMPLETE,87.721,0,155,78592,57472,0.0368,0.0016,0.3753,6.0489,./logs/rung_12960345_2023950_1788869039577222251,clean,393,sweep,post-fix rung (glass); dim_a2a=1; portmap=p64_ep16.txt; hier=0; port_bw=800; ep_place=1; tp=1; ep=1; panel=64; pcols=8; opt_bw=128; maxdist=1; 200G/lane: static laser+tune NOT re-budgeted -- same 5.3 W/panel as 100G/lane and likely low for the higher-rate lanes; link pJ/bit unchanged (dynamic),yes,95c35a7,llamaMoE,glass,4.00,yes,first zero-timeout rung (post-fix binary),mesh64_ep16,collector,,,,,,,,mesh64_ep16_q2133.csv
cliff,glassfb_mesh8x8,p64_ep16.txt,16,128,8,34133,0,COMPLETE,87.715,0,0,78592,57472,0.0368,0.0016,0.3753,6.0239,./logs/rung_12960360_567736_1788869044338544833,clean,411,sweep,post-fix rung (glass); dim_a2a=1; portmap=p64_ep16.txt; hier=0; port_bw=800; ep_place=1; tp=1; ep=1; panel=64; pcols=8; opt_bw=128; maxdist=1; 200G/lane: static laser+tune NOT re-budgeted -- same 5.3 W/panel as 100G/lane and likely low for the higher-rate lanes; link pJ/bit unchanged (dynamic),yes,95c35a7,llamaMoE,glass,64.00,no,not the first qualifying rung of this walk,mesh64_ep16,collector,,,,,,,,mesh64_ep16_q34133.csv
cliff,glassfb_mesh8x8,p64_ep16.txt,16,128,8,4267,0,COMPLETE,87.715,0,0,78592,57472,0.0368,0.0016,0.3753,6.0239,./logs/rung_12960357_2911349_1788869042086889461,clean,427,sweep,post-fix rung (glass); dim_a2a=1; portmap=p64_ep16.txt; hier=0; port_bw=800; ep_place=1; tp=1; ep=1; panel=64; pcols=8; opt_bw=128; maxdist=1; 200G/lane: static laser+tune NOT re-budgeted -- same 5.3 W/panel as 100G/lane and likely low for the higher-rate lanes; link pJ/bit unchanged (dynamic),yes,95c35a7,llamaMoE,glass,8.00,no,not the first qualifying rung of this walk,mesh64_ep16,collector,,,,,,,,mesh64_ep16_q4267.csv
cliff,glassfb_mesh8x8,p64_ep16.txt,16,128,8,8533,0,COMPLETE,87.715,0,0,78592,57472,0.0368,0.0016,0.3753,6.0239,./logs/rung_12960358_2024103_1788869042088835574,clean,401,sweep,post-fix rung (glass); dim_a2a=1; portmap=p64_ep16.txt; hier=0; port_bw=800; ep_place=1; tp=1; ep=1; panel=64; pcols=8; opt_bw=128; maxdist=1; 200G/lane: static laser+tune NOT re-budgeted -- same 5.3 W/panel as 100G/lane and likely low for the higher-rate lanes; link pJ/bit unchanged (dynamic),yes,95c35a7,llamaMoE,glass,16.00,no,not the first qualifying rung of this walk,mesh64_ep16,collector,,,,,,,,mesh64_ep16_q8533.csv
cliff,glassfb_mesh8x8,p64_ep32.txt,32,256,8,1066,0,COMPLETE,109.077,8764,1609027,304640,229632,0.0999,0.0010,1.0815,33.8643,./logs/rung_12960362_567724_1788869044249350346,clean,1244,sweep,post-fix rung (glass); dim_a2a=1; portmap=p64_ep32.txt; hier=0; port_bw=800; ep_place=1; tp=1; ep=1; panel=64; pcols=8; opt_bw=128; maxdist=1; 200G/lane: static laser+tune NOT re-budgeted -- same 5.3 W/panel as 100G/lane and likely low for the higher-rate lanes; link pJ/bit unchanged (dynamic),yes,95c35a7,llamaMoE,glass,2.00,no,not the first qualifying rung of this walk,mesh64_ep32,collector,,,,,,,,mesh64_ep32_q1066.csv
cliff,glassfb_mesh8x8,p64_ep32.txt,32,256,8,17067,0,COMPLETE,92.086,0,0,304640,229632,0.0639,0.0010,0.3471,32.4596,./logs/rung_12960366_2768737_1788869044313494310,clean,1473,sweep,post-fix rung (glass); dim_a2a=1; portmap=p64_ep32.txt; hier=0; port_bw=800; ep_place=1; tp=1; ep=1; panel=64; pcols=8; opt_bw=128; maxdist=1; 200G/lane: static laser+tune NOT re-budgeted -- same 5.3 W/panel as 100G/lane and likely low for the higher-rate lanes; link pJ/bit unchanged (dynamic),yes,95c35a7,llamaMoE,glass,32.00,no,not the first qualifying rung of this walk,mesh64_ep32,collector,,,,,,,,mesh64_ep32_q17067.csv
cliff,glassfb_mesh8x8,p64_ep32.txt,32,256,8,2133,0,COMPLETE,675.004,560,453570,304640,229632,0.0771,0.0010,0.3796,423.9870,./logs/rung_12960363_567728_1788869044301073305,clean,1239,sweep,post-fix rung (glass); dim_a2a=1; portmap=p64_ep32.txt; hier=0; port_bw=800; ep_place=1; tp=1; ep=1; panel=64; pcols=8; opt_bw=128; maxdist=1; 200G/lane: static laser+tune NOT re-budgeted -- same 5.3 W/panel as 100G/lane and likely low for the higher-rate lanes; link pJ/bit unchanged (dynamic),yes,95c35a7,llamaMoE,glass,4.00,no,not the first qualifying rung of this walk,mesh64_ep32,collector,,,,,,,,mesh64_ep32_q2133.csv
cliff,glassfb_mesh8x8,p64_ep32.txt,32,256,8,34133,0,COMPLETE,92.086,0,0,304640,229632,0.0639,0.0010,0.3471,32.4596,./logs/rung_12960378_2768794_1788869046343787755,clean,1399,sweep,post-fix rung (glass); dim_a2a=1; portmap=p64_ep32.txt; hier=0; port_bw=800; ep_place=1; tp=1; ep=1; panel=64; pcols=8; opt_bw=128; maxdist=1; 200G/lane: static laser+tune NOT re-budgeted -- same 5.3 W/panel as 100G/lane and likely low for the higher-rate lanes; link pJ/bit unchanged (dynamic),yes,95c35a7,llamaMoE,glass,64.00,no,not the first qualifying rung of this walk,mesh64_ep32,collector,,,,,,,,mesh64_ep32_q34133.csv
cliff,glassfb_mesh8x8,p64_ep32.txt,32,256,8,4267,0,COMPLETE,92.494,2,7001,304640,229632,0.0646,0.0010,0.3471,32.7046,./logs/rung_12960364_567734_1788869044333116698,clean,1338,sweep,post-fix rung (glass); dim_a2a=1; portmap=p64_ep32.txt; hier=0; port_bw=800; ep_place=1; tp=1; ep=1; panel=64; pcols=8; opt_bw=128; maxdist=1; 200G/lane: static laser+tune NOT re-budgeted -- same 5.3 W/panel as 100G/lane and likely low for the higher-rate lanes; link pJ/bit unchanged (dynamic),yes,95c35a7,llamaMoE,glass,8.00,no,not the first qualifying rung of this walk,mesh64_ep32,collector,,,,,,,,mesh64_ep32_q4267.csv
cliff,glassfb_mesh8x8,p64_ep32.txt,32,256,8,8533,0,COMPLETE,92.086,0,0,304640,229632,0.0639,0.0010,0.3471,32.4596,./logs/rung_12960365_567723_1788869044249015871,clean,1294,sweep,post-fix rung (glass); dim_a2a=1; portmap=p64_ep32.txt; hier=0; port_bw=800; ep_place=1; tp=1; ep=1; panel=64; pcols=8; opt_bw=128; maxdist=1; 200G/lane: static laser+tune NOT re-budgeted -- same 5.3 W/panel as 100G/lane and likely low for the higher-rate lanes; link pJ/bit unchanged (dynamic),yes,95c35a7,llamaMoE,glass,16.00,yes,first zero-timeout rung (post-fix binary),mesh64_ep32,collector,,,,,,,,mesh64_ep32_q8533.csv
cliff,glassfb_mesh8x8,p64_ep64.txt,64,512,8,1066,0,COMPLETE,57.128,72896,10818866,1199104,918016,0.0909,0.0003,1.5234,16.9793,./logs/rung_12960379_3361300_1788869046453403608,clean,3858,sweep,post-fix rung (glass); dim_a2a=1; portmap=p64_ep64.txt; hier=0; port_bw=800; ep_place=1; tp=1; ep=1; panel=64; pcols=8; opt_bw=128; maxdist=1; 200G/lane: static laser+tune NOT re-budgeted -- same 5.3 W/panel as 100G/lane and likely low for the higher-rate lanes; link pJ/bit unchanged (dynamic),yes,95c35a7,qwenMoE,glass,2.00,no,not the first qualifying rung of this walk,mesh64_ep64,collector,,,,,,,,mesh64_ep64_q1066.csv
cliff,glassfb_mesh8x8,p64_ep64.txt,64,512,8,17067,0,COMPLETE,53.785,0,0,1199104,918016,0.0456,0.0003,0.5438,22.2339,./logs/rung_12960383_346960_1788869048460945847,clean,4050,sweep,post-fix rung (glass); dim_a2a=1; portmap=p64_ep64.txt; hier=0; port_bw=800; ep_place=1; tp=1; ep=1; panel=64; pcols=8; opt_bw=128; maxdist=1; 200G/lane: static laser+tune NOT re-budgeted -- same 5.3 W/panel as 100G/lane and likely low for the higher-rate lanes; link pJ/bit unchanged (dynamic),yes,95c35a7,qwenMoE,glass,32.00,no,not the first qualifying rung of this walk,mesh64_ep64,collector,,,,,,,,mesh64_ep64_q17067.csv
cliff,glassfb_mesh8x8,p64_ep64.txt,64,512,8,2133,0,COMPLETE,76.583,32691,5535962,1199104,918016,0.0735,0.0003,1.2710,21.2495,./logs/rung_12960380_3265019_1788869046365505527,clean,3659,sweep,post-fix rung (glass); dim_a2a=1; portmap=p64_ep64.txt; hier=0; port_bw=800; ep_place=1; tp=1; ep=1; panel=64; pcols=8; opt_bw=128; maxdist=1; 200G/lane: static laser+tune NOT re-budgeted -- same 5.3 W/panel as 100G/lane and likely low for the higher-rate lanes; link pJ/bit unchanged (dynamic),yes,95c35a7,qwenMoE,glass,4.00,no,not the first qualifying rung of this walk,mesh64_ep64,collector,,,,,,,,mesh64_ep64_q2133.csv
cliff,glassfb_mesh8x8,p64_ep64.txt,64,512,8,34133,0,COMPLETE,53.785,0,0,1199104,918016,0.0456,0.0003,0.5438,22.2339,./logs/rung_12960385_2092241_1788869048574429708,clean,4105,sweep,post-fix rung (glass); dim_a2a=1; portmap=p64_ep64.txt; hier=0; port_bw=800; ep_place=1; tp=1; ep=1; panel=64; pcols=8; opt_bw=128; maxdist=1; 200G/lane: static laser+tune NOT re-budgeted -- same 5.3 W/panel as 100G/lane and likely low for the higher-rate lanes; link pJ/bit unchanged (dynamic),yes,95c35a7,qwenMoE,glass,64.00,no,not the first qualifying rung of this walk,mesh64_ep64,collector,,,,,,,,mesh64_ep64_q34133.csv
cliff,glassfb_mesh8x8,p64_ep64.txt,64,512,8,4267,0,COMPLETE,67.392,2052,359242,1199104,918016,0.0429,0.0003,0.5644,22.1774,./logs/rung_12960381_3265027_1788869046380603004,clean,3686,sweep,post-fix rung (glass); dim_a2a=1; portmap=p64_ep64.txt; hier=0; port_bw=800; ep_place=1; tp=1; ep=1; panel=64; pcols=8; opt_bw=128; maxdist=1; 200G/lane: static laser+tune NOT re-budgeted -- same 5.3 W/panel as 100G/lane and likely low for the higher-rate lanes; link pJ/bit unchanged (dynamic),yes,95c35a7,qwenMoE,glass,8.00,no,not the first qualifying rung of this walk,mesh64_ep64,collector,,,,,,,,mesh64_ep64_q4267.csv
cliff,glassfb_mesh8x8,p64_ep64.txt,64,512,8,8533,0,COMPLETE,53.785,0,0,1199104,918016,0.0456,0.0003,0.5438,22.2339,./logs/rung_12960382_346903_1788869046366138484,clean,3995,sweep,post-fix rung (glass); dim_a2a=1; portmap=p64_ep64.txt; hier=0; port_bw=800; ep_place=1; tp=1; ep=1; panel=64; pcols=8; opt_bw=128; maxdist=1; 200G/lane: static laser+tune NOT re-budgeted -- same 5.3 W/panel as 100G/lane and likely low for the higher-rate lanes; link pJ/bit unchanged (dynamic),yes,95c35a7,qwenMoE,glass,16.00,yes,first zero-timeout rung (post-fix binary),mesh64_ep64,collector,,,,,,,,mesh64_ep64_q8533.csv
cliff,glassfb,mix_dp2tp4pp4ep8.txt,8,256,8,1066,1,COMPLETE,231.752,2997,688395,115200,66816,0.1191,0.0112,1.4548,12.8393,./logs/rung_12937293_3930649_1788830697539060629,clean,449,blocked,post-fix rung (glass); dim_a2a=1; portmap=mix_dp2tp4pp4ep8.txt; hier=0; port_bw=400; ep_place=0; tp=4; ep=8,yes,41de4ad,,glass,4.00,no,not the first qualifying rung of this walk,mix2off,collector,,,,,,,,mix2off_q1066.csv
cliff,glassfb,mix_dp2tp4pp4ep8.txt,8,256,8,2133,1,COMPLETE,240.332,1579,508172,115200,66816,0.1184,0.0112,1.3005,18.7713,./logs/rung_12937311_1325225_1788830731885716859,clean,426,blocked,post-fix rung (glass); dim_a2a=1; portmap=mix_dp2tp4pp4ep8.txt; hier=0; port_bw=400; ep_place=0; tp=4; ep=8,yes,41de4ad,,glass,8.00,no,not the first qualifying rung of this walk,mix2off,collector,,,,,,,,mix2off_q2133.csv
cliff,glassfb,mix_dp2tp4pp4ep8.txt,8,256,8,4267,1,COMPLETE,231.289,386,204184,115200,66816,0.0873,0.0112,1.1216,12.8321,./logs/rung_12937312_3104931_1788830731942385328,clean,420,blocked,post-fix rung (glass); dim_a2a=1; portmap=mix_dp2tp4pp4ep8.txt; hier=0; port_bw=400; ep_place=0; tp=4; ep=8,yes,41de4ad,,glass,16.00,no,not the first qualifying rung of this walk,mix2off,collector,,,,,,,,mix2off_q4267.csv
cliff,glassfb,mix_dp2tp4pp4ep8.txt,8,256,8,533,1,COMPLETE,235.751,4486,769417,115200,66816,0.1270,0.0112,1.5071,21.0088,./logs/rung_12937292_4001410_1788830697516218572,clean,430,blocked,post-fix rung (glass); dim_a2a=1; portmap=mix_dp2tp4pp4ep8.txt; hier=0; port_bw=400; ep_place=0; tp=4; ep=8,yes,41de4ad,,glass,2.00,no,not the first qualifying rung of this walk,mix2off,collector,,,,,,,,mix2off_q533.csv
cliff,glassfb,mix_dp2tp4pp4ep8.txt,8,256,8,1066,1,COMPLETE,309.841,0,13656,115200,66816,0.1968,0.0209,1.8387,4.7747,./logs/rung_12937289_4582_1788830695935808888,clean,838,blocked,post-fix rung (glass); dim_a2a=1; portmap=mix_dp2tp4pp4ep8.txt; hier=0; port_bw=400; ep_place=1; tp=4; ep=8,yes,41de4ad,,glass,4.00,no,not the first qualifying rung of this walk,mix2on,collector,,,,,,,,mix2on_q1066.csv
cliff,glassfb,mix_dp2tp4pp4ep8.txt,8,256,8,2133,1,COMPLETE,309.085,0,0,115200,66816,0.1963,0.0209,1.8421,4.7490,./logs/rung_12937290_1751475_1788830697464577745,clean,837,blocked,post-fix rung (glass); dim_a2a=1; portmap=mix_dp2tp4pp4ep8.txt; hier=0; port_bw=400; ep_place=1; tp=4; ep=8,yes,41de4ad,,glass,8.00,no,not the first qualifying rung of this walk,mix2on,collector,,,,,,,,mix2on_q2133.csv
cliff,glassfb,mix_dp2tp4pp4ep8.txt,8,256,8,4267,1,COMPLETE,309.085,0,0,115200,66816,0.1963,0.0209,1.8421,4.7490,./logs/rung_12937291_1751470_1788830697536726714,clean,838,blocked,post-fix rung (glass); dim_a2a=1; portmap=mix_dp2tp4pp4ep8.txt; hier=0; port_bw=400; ep_place=1; tp=4; ep=8,yes,41de4ad,,glass,16.00,no,not the first qualifying rung of this walk,mix2on,collector,,,,,,,,mix2on_q4267.csv
cliff,glassfb,mix_dp2tp4pp4ep8.txt,8,256,8,533,1,COMPLETE,300.853,0,40328,115200,66816,0.1939,0.0208,1.8265,3.9491,./logs/rung_12937288_740515_1788830696030587553,clean,841,blocked,post-fix rung (glass); dim_a2a=1; portmap=mix_dp2tp4pp4ep8.txt; hier=0; port_bw=400; ep_place=1; tp=4; ep=8,yes,41de4ad,,glass,2.00,no,not the first qualifying rung of this walk,mix2on,collector,,,,,,,,mix2on_q533.csv
cliff,glassfb,mix_dp2tp4pp4ep8.txt,8,256,8,1066,1,COMPLETE,231.752,2997,688395,115200,66816,0.1191,0.0112,1.4548,12.8393,./logs/rung_12933804_2687888_1788826098402433311,clean,457,blocked,post-fix rung (glass); dim_a2a=1; portmap=mix_dp2tp4pp4ep8.txt; hier=0; port_bw=400; ep_place=0,yes,d1c3da2,,glass,4.00,no,not the first qualifying rung of this walk,mixoff,collector,,,,,,,,mixoff_q1066.csv
cliff,glassfb,mix_dp2tp4pp4ep8.txt,8,256,8,2133,1,COMPLETE,240.332,1579,508172,115200,66816,0.1184,0.0112,1.3005,18.7713,./logs/rung_12933805_483916_1788826098470643962,clean,426,blocked,post-fix rung (glass); dim_a2a=1; portmap=mix_dp2tp4pp4ep8.txt; hier=0; port_bw=400; ep_place=0,yes,d1c3da2,,glass,8.00,no,not the first qualifying rung of this walk,mixoff,collector,,,,,,,,mixoff_q2133.csv
cliff,glassfb,mix_dp2tp4pp4ep8.txt,8,256,8,533,1,COMPLETE,235.751,4486,769417,115200,66816,0.1270,0.0112,1.5071,21.0088,./logs/rung_12933803_125918_1788826098472954389,clean,436,blocked,post-fix rung (glass); dim_a2a=1; portmap=mix_dp2tp4pp4ep8.txt; hier=0; port_bw=400; ep_place=0,yes,d1c3da2,,glass,2.00,no,not the first qualifying rung of this walk,mixoff,collector,,,,,,,,mixoff_q533.csv
cliff,glassfb,mix_dp2tp4pp4ep8.txt,8,256,8,1066,1,COMPLETE,231.752,2997,688395,115200,66816,0.1191,0.0112,1.4548,12.8393,./logs/rung_12933800_1238925_1788826098421091124,clean,432,blocked,post-fix rung (glass); dim_a2a=1; portmap=mix_dp2tp4pp4ep8.txt; hier=0; port_bw=400; ep_place=1,yes,d1c3da2,,glass,4.00,no,not the first qualifying rung of this walk,mixon,collector,,,,,,,,mixon_q1066.csv
cliff,glassfb,mix_dp2tp4pp4ep8.txt,8,256,8,2133,1,COMPLETE,240.332,1579,508172,115200,66816,0.1184,0.0112,1.3005,18.7713,./logs/rung_12933802_3501350_1788826098564048977,clean,415,blocked,post-fix rung (glass); dim_a2a=1; portmap=mix_dp2tp4pp4ep8.txt; hier=0; port_bw=400; ep_place=1,yes,d1c3da2,,glass,8.00,no,not the first qualifying rung of this walk,mixon,collector,,,,,,,,mixon_q2133.csv
cliff,glassfb,mix_dp2tp4pp4ep8.txt,8,256,8,533,1,COMPLETE,235.751,4486,769417,115200,66816,0.1270,0.0112,1.5071,21.0088,./logs/rung_12933799_1084033_1788826098439585628,clean,440,blocked,post-fix rung (glass); dim_a2a=1; portmap=mix_dp2tp4pp4ep8.txt; hier=0; port_bw=400; ep_place=1,yes,d1c3da2,,glass,2.00,no,not the first qualifying rung of this walk,mixon,collector,,,,,,,,mixon_q533.csv
cliff,nvl64_pkt,,128,1024,,,,,247.218,0,0,4757504,3671040,0.0672,0.0013,1.0670,11.6848,./logs/rung_12908158_2706299_1788798105046048097,clean,8918,sweep,post-fix rung; one job per rung,yes,8561dca,arctic,,,yes,first zero-timeout rung (post-fix binary),n128,collector,,64,18,50,100,2176,540,n128_q2176.csv
cliff,glassfb,ep16_0_8_4.txt,16,128,8,1064,0,COMPLETE,87.599,0,0,78592,57472,0.0378,0.0008,0.4403,3.1620,./logs/rung_12925129_495695_1788816608757720477,clean,257,sweep,post-fix rung (glass); dim_a2a=1; portmap=ep16_0_8_4.txt; hier=0; port_bw=400; ep_place=0,yes,75b13ac,llamaMoE,glass,3.99,no,not the first qualifying rung of this walk,npl16,collector,,,,,,,,npl16_q1064.csv
cliff,glassfb,ep16_0_8_4.txt,16,128,8,266,0,COMPLETE,88.198,22,111321,78592,57472,0.0378,0.0008,0.4501,3.1223,./logs/rung_12925114_3648604_1788816577319818521,clean,267,sweep,post-fix rung (glass); dim_a2a=1; portmap=ep16_0_8_4.txt; hier=0; port_bw=400; ep_place=0,yes,75b13ac,llamaMoE,glass,1.00,no,not the first qualifying rung of this walk,npl16,collector,,,,,,,,npl16_q266.csv
cliff,glassfb,ep16_0_8_4.txt,16,128,8,532,0,COMPLETE,87.613,0,1987,78592,57472,0.0378,0.0008,0.4403,3.1337,./logs/rung_12925116_495637_1788816577290347272,clean,259,sweep,post-fix rung (glass); dim_a2a=1; portmap=ep16_0_8_4.txt; hier=0; port_bw=400; ep_place=0,yes,75b13ac,llamaMoE,glass,2.00,no,not the first qualifying rung of this walk,npl16,collector,,,,,,,,npl16_q532.csv
cliff,glassfb,ep32_gt.txt,32,256,8,1066,0,COMPLETE,81.360,360,729483,304640,229632,0.0515,0.0008,0.5909,5.9830,./logs/rung_12925139_3285655_1788816608983350180,clean,931,sweep,post-fix rung (glass); dim_a2a=1; portmap=ep32_gt.txt; hier=0; port_bw=400; ep_place=0,yes,75b13ac,llamaMoE,glass,4.00,no,not the first qualifying rung of this walk,npl32,collector,,,,,,,,npl32_q1066.csv
cliff,glassfb,ep32_gt.txt,32,256,8,2133,0,COMPLETE,77.918,0,147,304640,229632,0.0513,0.0008,0.5671,5.9920,./logs/rung_12925141_3792866_1788816608829703417,clean,862,sweep,post-fix rung (glass); dim_a2a=1; portmap=ep32_gt.txt; hier=0; port_bw=400; ep_place=0,yes,75b13ac,llamaMoE,glass,8.00,no,not the first qualifying rung of this walk,npl32,collector,,,,,,,,npl32_q2133.csv
cliff,glassfb,ep32_gt.txt,32,256,8,4267,0,COMPLETE,77.957,0,0,304640,229632,0.0513,0.0008,0.5658,5.9888,./logs/rung_12925142_2340614_1788816608736786498,clean,928,sweep,post-fix rung (glass); dim_a2a=1; portmap=ep32_gt.txt; hier=0; port_bw=400; ep_place=0,yes,75b13ac,llamaMoE,glass,16.00,no,not the first qualifying rung of this walk,npl32,collector,,,,,,,,npl32_q4267.csv
cliff,nvl64_pkt_s1,,128,1024,,,,,298.660,443656,44813539,4757504,3671040,0.6326,0.0010,18.1498,54.6837,,,5755,sweep,post-fix rung; one job per rung,yes,1b1cc47,arctic,pkt,2.00,no,not the first qualifying rung of this walk,s1_128,collector,,64,1,900,100,1200,540,s1_128_q1200.csv
cliff,nvl64_pkt_s1,,128,1024,,,,,240.730,0,0,4757504,3671040,0.0537,0.0010,0.9019,9.4588,,,8296,sweep,post-fix rung; one job per rung,yes,1b1cc47,arctic,pkt,32.00,no,not the first qualifying rung of this walk,s1_128,collector,,64,1,900,100,19200,540,s1_128_q19200.csv
cliff,nvl64_pkt_s1,,128,1024,,,,,316.342,344205,36058017,4757504,3671040,0.5432,0.0010,18.1934,57.6881,,,6683,sweep,post-fix rung; one job per rung,yes,1b1cc47,arctic,pkt,4.00,no,not the first qualifying rung of this walk,s1_128,collector,,64,1,900,100,2400,540,s1_128_q2400.csv
cliff,nvl64_pkt_s1,,128,1024,,,,,306.969,100623,9779648,4757504,3671040,0.1824,0.0010,3.0452,41.7032,,,7653,sweep,post-fix rung; one job per rung,yes,1b1cc47,arctic,pkt,8.00,no,not the first qualifying rung of this walk,s1_128,collector,,64,1,900,100,4800,540,s1_128_q4800.csv
cliff,nvl64_pkt_s1,,128,1024,,,,,371.350,585148,47873775,4757504,3671040,0.5498,0.0010,12.2649,75.6892,,,6368,sweep,post-fix rung; one job per rung,yes,1b1cc47,arctic,pkt,1.00,no,not the first qualifying rung of this walk,s1_128,collector,,64,1,900,100,600,540,s1_128_q600.csv
cliff,nvl64_pkt_s1,,128,1024,,,,,240.730,0,0,4757504,3671040,0.0537,0.0010,0.9019,9.4588,,,6612,sweep,post-fix rung; one job per rung,yes,1b1cc47,arctic,pkt,16.00,yes,first zero-timeout rung (post-fix binary),s1_128,collector,,64,1,900,100,9600,540,s1_128_q9600.csv
cliff,nvl64_pkt_s1,,16,128,,,,,190.241,3239,308045,78592,57472,0.3006,0.0010,7.1360,51.3560,,,213,sweep,post-fix rung; one job per rung,yes,9ac4f76,llamaMoE,pkt,2.00,no,not the first qualifying rung of this walk,s1_16,collector,,64,1,900,100,1200,540,s1_16_q1200.csv
cliff,nvl64_pkt_s1,,16,128,,,,,89.411,0,0,78592,57472,0.0347,0.0010,0.5447,1.3597,,,230,sweep,post-fix rung; one job per rung,yes,9ac4f76,llamaMoE,pkt,32.00,no,not the first qualifying rung of this walk,s1_16,collector,,64,1,900,100,19200,540,s1_16_q19200.csv
cliff,nvl64_pkt_s1,,16,128,,,,,89.430,0,0,78592,57472,0.0348,0.0010,0.5456,1.3597,,,258,sweep,post-fix rung; one job per rung,yes,9ac4f76,llamaMoE,pkt,4.00,yes,first zero-timeout rung (post-fix binary),s1_16,collector,,64,1,900,100,2400,540,s1_16_q2400.csv
cliff,nvl64_pkt_s1,,16,128,,,,,89.411,0,0,78592,57472,0.0347,0.0010,0.5447,1.3597,,,263,sweep,post-fix rung; one job per rung,yes,9ac4f76,llamaMoE,pkt,8.00,no,not the first qualifying rung of this walk,s1_16,collector,,64,1,900,100,4800,540,s1_16_q4800.csv
cliff,nvl64_pkt_s1,,16,128,,,,,148.020,9488,1046753,78592,57472,0.6229,0.0010,15.8863,22.7490,,,212,sweep,post-fix rung; one job per rung,yes,9ac4f76,llamaMoE,pkt,1.00,no,not the first qualifying rung of this walk,s1_16,collector,,64,1,900,100,600,540,s1_16_q600.csv
cliff,nvl64_pkt_s1,,16,128,,,,,89.411,0,0,78592,57472,0.0347,0.0010,0.5447,1.3597,,,260,sweep,post-fix rung; one job per rung,yes,9ac4f76,llamaMoE,pkt,16.00,no,not the first qualifying rung of this walk,s1_16,collector,,64,1,900,100,9600,540,s1_16_q9600.csv
cliff,nvl64_pkt_s1,,32,256,,,,,96.348,40884,4698612,304640,229632,0.2987,0.0010,3.6522,12.5222,,,514,sweep,post-fix rung; one job per rung,yes,9ac4f76,llamaMoE,pkt,2.00,no,not the first qualifying rung of this walk,s1_32,collector,,64,1,900,100,1200,540,s1_32_q1200.csv
cliff,nvl64_pkt_s1,,32,256,,,,,69.989,0,0,304640,229632,0.0263,0.0010,0.3431,1.3597,,,700,sweep,post-fix rung; one job per rung,yes,9ac4f76,llamaMoE,pkt,32.00,no,not the first qualifying rung of this walk,s1_32,collector,,64,1,900,100,19200,540,s1_32_q19200.csv
cliff,nvl64_pkt_s1,,32,256,,,,,162.810,14654,1426043,304640,229632,0.3088,0.0010,5.4979,30.0330,,,478,sweep,post-fix rung; one job per rung,yes,9ac4f76,llamaMoE,pkt,4.00,no,not the first qualifying rung of this walk,s1_32,collector,,64,1,900,100,2400,540,s1_32_q2400.csv
cliff,nvl64_pkt_s1,,32,256,,,,,69.989,0,0,304640,229632,0.0263,0.0010,0.3412,1.3597,,,578,sweep,post-fix rung; one job per rung,yes,9ac4f76,llamaMoE,pkt,8.00,yes,first zero-timeout rung (post-fix binary),s1_32,collector,,64,1,900,100,4800,540,s1_32_q4800.csv
cliff,nvl64_pkt_s1,,32,256,,,,,103.579,54709,5797460,304640,229632,0.4116,0.0010,4.5672,12.7609,,,523,sweep,post-fix rung; one job per rung,yes,9ac4f76,llamaMoE,pkt,1.00,no,not the first qualifying rung of this walk,s1_32,collector,,64,1,900,100,600,540,s1_32_q600.csv
cliff,nvl64_pkt_s1,,32,256,,,,,69.989,0,0,304640,229632,0.0263,0.0010,0.3431,1.3597,,,608,sweep,post-fix rung; one job per rung,yes,9ac4f76,llamaMoE,pkt,16.00,no,not the first qualifying rung of this walk,s1_32,collector,,64,1,900,100,9600,540,s1_32_q9600.csv
cliff,nvl64_pkt_s1,,64,512,,,,,47.202,219258,23900483,1199104,918016,0.1977,0.0010,2.4148,10.9935,,,1435,sweep,post-fix rung; one job per rung,yes,9ac4f76,qwenMoE,pkt,2.00,no,not the first qualifying rung of this walk,s1_64,collector,,64,1,900,100,1200,540,s1_64_q1200.csv
cliff,nvl64_pkt_s1,,64,512,,,,,29.904,0,0,1199104,918016,0.0174,0.0010,0.2151,0.9803,,,1469,sweep,post-fix rung; one job per rung,yes,9ac4f76,qwenMoE,pkt,32.00,no,not the first qualifying rung of this walk,s1_64,collector,,64,1,900,100,19200,540,s1_64_q19200.csv
cliff,nvl64_pkt_s1,,64,512,,,,,58.532,164150,19955228,1199104,918016,0.2325,0.0010,2.6927,15.4362,,,1304,sweep,post-fix rung; one job per rung,yes,9ac4f76,qwenMoE,pkt,4.00,no,not the first qualifying rung of this walk,s1_64,collector,,64,1,900,100,2400,540,s1_64_q2400.csv
cliff,nvl64_pkt_s1,,64,512,,,,,70.616,62129,6240338,1199104,918016,0.1212,0.0010,2.3128,18.5718,,,1375,sweep,post-fix rung; one job per rung,yes,9ac4f76,qwenMoE,pkt,8.00,no,not the first qualifying rung of this walk,s1_64,collector,,64,1,900,100,4800,540,s1_64_q4800.csv
cliff,nvl64_pkt_s1,,64,512,,,,,60.197,291332,25260410,1199104,918016,0.3832,0.0010,3.7124,6.0207,,,1204,sweep,post-fix rung; one job per rung,yes,9ac4f76,qwenMoE,pkt,1.00,no,not the first qualifying rung of this walk,s1_64,collector,,64,1,900,100,600,540,s1_64_q600.csv
cliff,nvl64_pkt_s1,,64,512,,,,,29.904,0,0,1199104,918016,0.0174,0.0010,0.2173,0.9752,,,1282,sweep,post-fix rung; one job per rung,yes,9ac4f76,qwenMoE,pkt,16.00,yes,first zero-timeout rung (post-fix binary),s1_64,collector,,64,1,900,100,9600,540,s1_64_q9600.csv
cliff,nvl64_pkt_s1,,16,128,16,,,,166.169,3331,308543,78592,57472,0.2080,0.0010,5.7402,39.8914,,,409,sweep,post-fix rung; one job per rung,yes,1b1cc47,llamaMoE,pkt,2.00,no,not the first qualifying rung of this walk,s1m16,collector,,64,1,900,100,1200,540,s1m16_q1200.csv
cliff,nvl64_pkt_s1,,16,128,16,,,,95.062,0,0,78592,57472,0.0672,0.0010,1.0832,2.7018,,,512,sweep,post-fix rung; one job per rung,yes,1b1cc47,llamaMoE,pkt,32.00,no,not the first qualifying rung of this walk,s1m16,collector,,64,1,900,100,19200,540,s1m16_q19200.csv
cliff,nvl64_pkt_s1,,16,128,16,,,,95.115,0,0,78592,57472,0.0674,0.0010,1.0723,2.7018,,,489,sweep,post-fix rung; one job per rung,yes,1b1cc47,llamaMoE,pkt,4.00,yes,first zero-timeout rung (post-fix binary),s1m16,collector,,64,1,900,100,2400,540,s1m16_q2400.csv
cliff,nvl64_pkt_s1,,16,128,16,,,,95.062,0,0,78592,57472,0.0672,0.0010,1.0832,2.7018,,,479,sweep,post-fix rung; one job per rung,yes,1b1cc47,llamaMoE,pkt,8.00,no,not the first qualifying rung of this walk,s1m16,collector,,64,1,900,100,4800,540,s1m16_q4800.csv
cliff,nvl64_pkt_s1,,16,128,16,,,,123.083,9502,1058296,78592,57472,0.3381,0.0010,7.3946,9.9450,,,395,sweep,post-fix rung; one job per rung,yes,1b1cc47,llamaMoE,pkt,1.00,no,not the first qualifying rung of this walk,s1m16,collector,,64,1,900,100,600,540,s1m16_q600.csv
cliff,nvl64_pkt_s1,,16,128,16,,,,95.062,0,0,78592,57472,0.0672,0.0010,1.0832,2.7018,,,513,sweep,post-fix rung; one job per rung,yes,1b1cc47,llamaMoE,pkt,16.00,no,not the first qualifying rung of this walk,s1m16,collector,,64,1,900,100,9600,540,s1m16_q9600.csv
cliff,nvl64_pkt_s1,,16,128,32,,,,176.064,3240,309097,78592,57472,0.2884,0.0010,7.1989,55.3610,,,848,sweep,post-fix rung; one job per rung,yes,1b1cc47,llamaMoE,pkt,2.00,no,not the first qualifying rung of this walk,s1m32,collector,,64,1,900,100,1200,540,s1m32_q1200.csv
cliff,nvl64_pkt_s1,,16,128,32,,,,109.443,0,0,78592,57472,0.1327,0.0010,1.8349,5.3862,,,908,sweep,post-fix rung; one job per rung,yes,1b1cc47,llamaMoE,pkt,32.00,no,not the first qualifying rung of this walk,s1m32,collector,,64,1,900,100,19200,540,s1m32_q19200.csv
cliff,nvl64_pkt_s1,,16,128,32,,,,111.027,0,0,78592,57472,0.1328,0.0010,1.8589,5.3862,,,994,sweep,post-fix rung; one job per rung,yes,1b1cc47,llamaMoE,pkt,4.00,yes,first zero-timeout rung (post-fix binary),s1m32,collector,,64,1,900,100,2400,540,s1m32_q2400.csv
cliff,nvl64_pkt_s1,,16,128,32,,,,110.190,0,0,78592,57472,0.1328,0.0010,1.8305,5.3862,,,1015,sweep,post-fix rung; one job per rung,yes,1b1cc47,llamaMoE,pkt,8.00,no,not the first qualifying rung of this walk,s1m32,collector,,64,1,900,100,4800,540,s1m32_q4800.csv
cliff,nvl64_pkt_s1,,16,128,32,,,,138.170,9392,1052468,78592,57472,0.3451,0.0010,7.4981,16.9114,,,848,sweep,post-fix rung; one job per rung,yes,1b1cc47,llamaMoE,pkt,1.00,no,not the first qualifying rung of this walk,s1m32,collector,,64,1,900,100,600,540,s1m32_q600.csv
cliff,nvl64_pkt_s1,,16,128,32,,,,109.443,0,0,78592,57472,0.1327,0.0010,1.8349,5.3862,,,907,sweep,post-fix rung; one job per rung,yes,1b1cc47,llamaMoE,pkt,16.00,no,not the first qualifying rung of this walk,s1m32,collector,,64,1,900,100,9600,540,s1m32_q9600.csv
cliff,nvl64_pkt_s1,,16,128,4,,,,211.051,3264,307886,78592,57472,0.3062,0.0010,7.6071,51.3595,,,106,sweep,post-fix rung; one job per rung,yes,1b1cc47,llamaMoE,pkt,2.00,no,not the first qualifying rung of this walk,s1m4,collector,,64,1,900,100,1200,540,s1m4_q1200.csv
cliff,nvl64_pkt_s1,,16,128,4,,,,86.413,0,0,78592,57472,0.0188,0.0010,0.2741,0.6886,,,121,sweep,post-fix rung; one job per rung,yes,1b1cc47,llamaMoE,pkt,32.00,no,not the first qualifying rung of this walk,s1m4,collector,,64,1,900,100,19200,540,s1m4_q19200.csv
cliff,nvl64_pkt_s1,,16,128,4,,,,86.435,0,0,78592,57472,0.0188,0.0010,0.2741,0.6886,,,126,sweep,post-fix rung; one job per rung,yes,1b1cc47,llamaMoE,pkt,4.00,yes,first zero-timeout rung (post-fix binary),s1m4,collector,,64,1,900,100,2400,540,s1m4_q2400.csv
cliff,nvl64_pkt_s1,,16,128,4,,,,86.413,0,0,78592,57472,0.0188,0.0010,0.2741,0.6886,,,135,sweep,post-fix rung; one job per rung,yes,1b1cc47,llamaMoE,pkt,8.00,no,not the first qualifying rung of this walk,s1m4,collector,,64,1,900,100,4800,540,s1m4_q4800.csv
cliff,nvl64_pkt_s1,,16,128,4,,,,148.007,9489,1054613,78592,57472,0.6309,0.0010,13.7617,19.7024,,,105,sweep,post-fix rung; one job per rung,yes,1b1cc47,llamaMoE,pkt,1.00,no,not the first qualifying rung of this walk,s1m4,collector,,64,1,900,100,600,540,s1m4_q600.csv
cliff,nvl64_pkt_s1,,16,128,4,,,,86.413,0,0,78592,57472,0.0188,0.0010,0.2741,0.6886,,,136,sweep,post-fix rung; one job per rung,yes,1b1cc47,llamaMoE,pkt,16.00,no,not the first qualifying rung of this walk,s1m4,collector,,64,1,900,100,9600,540,s1m4_q9600.csv
cliff,glassfb,ep32_gt.txt,32,256,8,1066,0,COMPLETE,78.374,296,698408,304640,229632,0.0620,0.0008,0.5730,7.1596,,,803,sweep,post-fix rung (glass); dim_a2a=1; portmap=ep32_gt.txt; hier=0,yes,1b1cc47,llamaMoE,glass,4.00,no,not the first qualifying rung of this walk,sk1p2,collector,,,,,,,,sk1p2_q1066.csv
cliff,glassfb,ep32_gt.txt,32,256,8,2133,0,COMPLETE,74.814,0,4,304640,229632,0.0633,0.0008,0.5649,6.6815,,,1051,sweep,post-fix rung (glass); dim_a2a=1; portmap=ep32_gt.txt; hier=0,yes,1b1cc47,llamaMoE,glass,8.00,yes,first zero-timeout rung (post-fix binary),sk1p2,collector,,,,,,,,sk1p2_q2133.csv
cliff,glassfb,ep32_gt.txt,32,256,8,266,0,COMPLETE,145.088,8701,2730015,304640,229632,0.1095,0.0008,1.7015,31.5519,,,856,sweep,post-fix rung (glass); dim_a2a=1; portmap=ep32_gt.txt; hier=0,yes,1b1cc47,llamaMoE,glass,1.00,no,not the first qualifying rung of this walk,sk1p2,collector,,,,,,,,sk1p2_q266.csv
cliff,glassfb,ep32_gt.txt,32,256,8,4267,0,COMPLETE,74.867,0,0,304640,229632,0.0633,0.0008,0.5633,6.6815,,,924,sweep,post-fix rung (glass); dim_a2a=1; portmap=ep32_gt.txt; hier=0,yes,1b1cc47,llamaMoE,glass,16.00,no,not the first qualifying rung of this walk,sk1p2,collector,,,,,,,,sk1p2_q4267.csv
cliff,glassfb,ep32_gt.txt,32,256,8,533,0,COMPLETE,99.445,2751,1687924,304640,229632,0.0719,0.0008,0.8388,14.7538,,,915,sweep,post-fix rung (glass); dim_a2a=1; portmap=ep32_gt.txt; hier=0,yes,1b1cc47,llamaMoE,glass,2.00,no,not the first qualifying rung of this walk,sk1p2,collector,,,,,,,,sk1p2_q533.csv
cliff,glassfb,ep32_gt.txt,32,256,8,8533,0,COMPLETE,74.867,0,0,304640,229632,0.0633,0.0008,0.5633,6.6815,,,921,sweep,post-fix rung (glass); dim_a2a=1; portmap=ep32_gt.txt; hier=0,yes,1b1cc47,llamaMoE,glass,32.00,no,not the first qualifying rung of this walk,sk1p2,collector,,,,,,,,sk1p2_q8533.csv
cliff,glassfb,ep32_gt.txt,32,256,8,1066,0,COMPLETE,84.992,413,625896,304640,229632,0.0452,0.0008,0.5860,5.9586,,,820,sweep,post-fix rung (glass); dim_a2a=1; portmap=ep32_gt.txt; hier=0,yes,1b1cc47,llamaMoE,glass,4.00,no,not the first qualifying rung of this walk,sk2p0,collector,,,,,,,,sk2p0_q1066.csv
cliff,glassfb,ep32_gt.txt,32,256,8,2133,0,COMPLETE,81.419,0,0,304640,229632,0.0438,0.0008,0.5684,6.0024,,,831,sweep,post-fix rung (glass); dim_a2a=1; portmap=ep32_gt.txt; hier=0,yes,1b1cc47,llamaMoE,glass,8.00,yes,first zero-timeout rung (post-fix binary),sk2p0,collector,,,,,,,,sk2p0_q2133.csv
cliff,glassfb,ep32_gt.txt,32,256,8,266,0,COMPLETE,130.086,8191,2494898,304640,229632,0.0960,0.0008,1.6716,24.3653,,,815,sweep,post-fix rung (glass); dim_a2a=1; portmap=ep32_gt.txt; hier=0,yes,1b1cc47,llamaMoE,glass,1.00,no,not the first qualifying rung of this walk,sk2p0,collector,,,,,,,,sk2p0_q266.csv
cliff,glassfb,ep32_gt.txt,32,256,8,4267,0,COMPLETE,81.419,0,0,304640,229632,0.0438,0.0008,0.5684,6.0024,,,786,sweep,post-fix rung (glass); dim_a2a=1; portmap=ep32_gt.txt; hier=0,yes,1b1cc47,llamaMoE,glass,16.00,no,not the first qualifying rung of this walk,sk2p0,collector,,,,,,,,sk2p0_q4267.csv
cliff,glassfb,ep32_gt.txt,32,256,8,533,0,COMPLETE,88.951,2509,1571343,304640,229632,0.0549,0.0008,0.9238,15.9474,,,842,sweep,post-fix rung (glass); dim_a2a=1; portmap=ep32_gt.txt; hier=0,yes,1b1cc47,llamaMoE,glass,2.00,no,not the first qualifying rung of this walk,sk2p0,collector,,,,,,,,sk2p0_q533.csv
cliff,glassfb,ep32_gt.txt,32,256,8,8533,0,COMPLETE,81.419,0,0,304640,229632,0.0438,0.0008,0.5684,6.0024,,,824,sweep,post-fix rung (glass); dim_a2a=1; portmap=ep32_gt.txt; hier=0,yes,1b1cc47,llamaMoE,glass,32.00,no,not the first qualifying rung of this walk,sk2p0,collector,,,,,,,,sk2p0_q8533.csv
cliff,glassfb,ep32_gt.txt,32,256,8,1064,0,COMPLETE,234.346,36447,3184028,304640,229632,0.5141,0.0008,10.2485,24.8645,,,733,sweep,post-fix rung (glass); dim_a2a=0; portmap=none1; hier=0,yes,1b1cc47,llamaMoE,glass,3.99,no,not the first qualifying rung of this walk,x2_mesh_dim0,collector,,,,,,,,x2_mesh_dim0.csv
cliff,glassfb,ep32_gt.txt,32,256,8,1064,0,COMPLETE,224.940,35537,3199112,304640,229632,0.4825,0.0008,9.5857,23.8415,,,734,sweep,post-fix rung (glass); dim_a2a=1; portmap=none1; hier=0,yes,1b1cc47,llamaMoE,glass,3.99,no,not the first qualifying rung of this walk,x2_mesh_dim1,collector,,,,,,,,x2_mesh_dim1.csv
cliff,glassfb,ep32_gt.txt,32,256,8,1064,0,COMPLETE,112.376,413,717283,304640,229632,0.0517,0.0008,0.5955,15.8291,,,807,sweep,post-fix rung (glass); dim_a2a=0; portmap=ep32_gt.txt; hier=0,yes,1b1cc47,llamaMoE,glass,3.99,no,not the first qualifying rung of this walk,x2_port_dim0,collector,,,,,,,,x2_port_dim0.csv
cliff,glassfb,ep32_gt.txt,32,256,8,1064,0,COMPLETE,87.358,362,727947,304640,229632,0.0514,0.0008,0.5820,6.6501,,,807,sweep,post-fix rung (glass); dim_a2a=1; portmap=ep32_gt.txt; hier=0,yes,1b1cc47,llamaMoE,glass,3.99,no,not the first qualifying rung of this walk,x2_port_dim1,collector,,,,,,,,x2_port_dim1.csv
