 0.0000000E+00, 0.0000000E+00,   61.4984
 0.1212000E+00, 0.0000000E+00,   76.3702
 0.2525000E-02, 0.0000000E+00,   61.6660
 0.5050000E-02, 0.0000000E+00,   62.0276
 0.7575000E-02, 0.0000000E+00,   62.4517
 0.1010000E-01, 0.0000000E+00,   62.8908
 0.1262500E-01, 0.0000000E+00,   63.3232
 0.1515000E-01, 0.0000000E+00,   63.7366
 0.1767500E-01, 0.0000000E+00,   64.1255
 0.2020000E-01, 0.0000000E+00,   64.4795
 0.2272500E-01, 0.0000000E+00,   64.7458
 0.2525000E-01, 0.0000000E+00,   64.6691
 0.2777500E-01, 0.0000000E+00,   63.5224
 0.3030000E-01, 0.0000000E+00,   63.9387
 0.3282500E-01, 0.0000000E+00,   65.9181
 0.3535000E-01, 0.0000000E+00,   66.8273
 0.3787500E-01, 0.0000000E+00,   67.3936
 0.4040000E-01, 0.0000000E+00,   67.8720
 0.4292500E-01, 0.0000000E+00,   68.3149
 0.4545000E-01, 0.0000000E+00,   68.7312
 0.4797500E-01, 0.0000000E+00,   69.1209
 0.5050000E-01, 0.0000000E+00,   69.4751
 0.5302500E-01, 0.0000000E+00,   69.7415
 0.5555000E-01, 0.0000000E+00,   69.6648
 0.5807500E-01, 0.0000000E+00,   68.5180
 0.6060000E-01, 0.0000000E+00,   68.9343
 0.6312500E-01, 0.0000000E+00,   70.9138
 0.6565000E-01, 0.0000000E+00,   71.8230
 0.6817500E-01, 0.0000000E+00,   72.3893
 0.7070000E-01, 0.0000000E+00,   72.8677
 0.7322500E-01, 0.0000000E+00,   73.3106
 0.7575000E-01, 0.0000000E+00,   73.7269
 0.7827500E-01, 0.0000000E+00,   74.1166
 0.8080000E-01, 0.0000000E+00,   74.4708
 0.8332500E-01, 0.0000000E+00,   74.7372
 0.8585000E-01, 0.0000000E+00,   74.6605
 0.8837500E-01, 0.0000000E+00,   73.5137
 0.9090000E-01, 0.0000000E+00,   73.9300
 0.9342500E-01, 0.0000000E+00,   75.9094
 0.9595000E-01, 0.0000000E+00,   76.8187
 0.9847500E-01, 0.0000000E+00,   77.3850
 0.1010000E+00, 0.0000000E+00,   77.8633
 0.1035250E+00, 0.0000000E+00,   78.3060
 0.1060500E+00, 0.0000000E+00,   78.7216
 0.1085750E+00, 0.0000000E+00,   79.1084
 0.1111000E+00, 0.0000000E+00,   79.4520
 0.1136250E+00, 0.0000000E+00,   79.6790
 0.1161500E+00, 0.0000000E+00,   79.4602
 0.1186750E+00, 0.0000000E+00,   77.7658
 0.1212000E+00, 0.1212000E+00,   75.4462
 0.1212000E+00, 0.2525000E-02,   76.3719
 0.1212000E+00, 0.5050000E-02,   76.3763
 0.1212000E+00, 0.7575000E-02,   76.3827
 0.1212000E+00, 0.1010000E-01,   76.3890
 0.1212000E+00, 0.1262500E-01,   76.3925
 0.1212000E+00, 0.1515000E-01,   76.3909
 0.1212000E+00, 0.1767500E-01,   76.3811
 0.1212000E+00, 0.2020000E-01,   76.3548
 0.1212000E+00, 0.2272500E-01,   76.2839
 0.1212000E+00, 0.2525000E-01,   76.0881
 0.1212000E+00, 0.2777500E-01,   75.9082
 0.1212000E+00, 0.3030000E-01,   75.9082
 0.1212000E+00, 0.3282500E-01,   76.0881
 0.1212000E+00, 0.3535000E-01,   76.2839
 0.1212000E+00, 0.3787500E-01,   76.3547
 0.1212000E+00, 0.4040000E-01,   76.3809
 0.1212000E+00, 0.4292500E-01,   76.3903
 0.1212000E+00, 0.4545000E-01,   76.3903
 0.1212000E+00, 0.4797500E-01,   76.3809
 0.1212000E+00, 0.5050000E-01,   76.3547
 0.1212000E+00, 0.5302500E-01,   76.2839
 0.1212000E+00, 0.5555000E-01,   76.0881
 0.1212000E+00, 0.5807500E-01,   75.9082
 0.1212000E+00, 0.6060000E-01,   75.9082
 0.1212000E+00, 0.6312500E-01,   76.0881
 0.1212000E+00, 0.6565000E-01,   76.2839
 0.1212000E+00, 0.6817500E-01,   76.3547
 0.1212000E+00, 0.7070000E-01,   76.3809
 0.1212000E+00, 0.7322500E-01,   76.3903
 0.1212000E+00, 0.7575000E-01,   76.3903
 0.1212000E+00, 0.7827500E-01,   76.3809
 0.1212000E+00, 0.8080000E-01,   76.3547
 0.1212000E+00, 0.8332500E-01,   76.2839
 0.1212000E+00, 0.8585000E-01,   76.0881
 0.1212000E+00, 0.8837500E-01,   75.9082
 0.1212000E+00, 0.9090000E-01,   75.9082
 0.1212000E+00, 0.9342500E-01,   76.0881
 0.1212000E+00, 0.9595000E-01,   76.2839
 0.1212000E+00, 0.9847500E-01,   76.3547
 0.1212000E+00, 0.1010000E+00,   76.3808
 0.1212000E+00, 0.1035250E+00,   76.3901
 0.1212000E+00, 0.1060500E+00,   76.3896
 0.1212000E+00, 0.1085750E+00,   76.3786
 0.1212000E+00, 0.1111000E+00,   76.3466
 0.1212000E+00, 0.1136250E+00,   76.2560
 0.1212000E+00, 0.1161500E+00,   75.9957
 0.1212000E+00, 0.1186750E+00,   75.6245
 0.0000000E+00, 0.1212000E+00,   57.0963
 0.1186750E+00, 0.1212000E+00,   75.4631
 0.1161500E+00, 0.1212000E+00,   75.4910
 0.1136250E+00, 0.1212000E+00,   75.3542
 0.1111000E+00, 0.1212000E+00,   75.0339
 0.1085750E+00, 0.1212000E+00,   74.6509
 0.1060500E+00, 0.1212000E+00,   74.2460
 0.1035250E+00, 0.1212000E+00,   73.8303
 0.1010000E+00, 0.1212000E+00,   73.4048
 0.9847500E-01, 0.1212000E+00,   72.9623
 0.9595000E-01, 0.1212000E+00,   72.4753
 0.9342500E-01, 0.1212000E+00,   71.8631
 0.9090000E-01, 0.1212000E+00,   71.2670
 0.8837500E-01, 0.1212000E+00,   70.8506
 0.8585000E-01, 0.1212000E+00,   70.6142
 0.8332500E-01, 0.1212000E+00,   70.3937
 0.8080000E-01, 0.1212000E+00,   70.0482
 0.7827500E-01, 0.1212000E+00,   69.6581
 0.7575000E-01, 0.1212000E+00,   69.2511
 0.7322500E-01, 0.1212000E+00,   68.8348
 0.7070000E-01, 0.1212000E+00,   68.4091
 0.6817500E-01, 0.1212000E+00,   67.9667
 0.6565000E-01, 0.1212000E+00,   67.4796
 0.6312500E-01, 0.1212000E+00,   66.8674
 0.6060000E-01, 0.1212000E+00,   66.2713
 0.5807500E-01, 0.1212000E+00,   65.8550
 0.5555000E-01, 0.1212000E+00,   65.6185
 0.5302500E-01, 0.1212000E+00,   65.3980
 0.5050000E-01, 0.1212000E+00,   65.0525
 0.4797500E-01, 0.1212000E+00,   64.6624
 0.4545000E-01, 0.1212000E+00,   64.2554
 0.4292500E-01, 0.1212000E+00,   63.8391
 0.4040000E-01, 0.1212000E+00,   63.4135
 0.3787500E-01, 0.1212000E+00,   62.9710
 0.3535000E-01, 0.1212000E+00,   62.4839
 0.3282500E-01, 0.1212000E+00,   61.8718
 0.3030000E-01, 0.1212000E+00,   61.2756
 0.2777500E-01, 0.1212000E+00,   60.8593
 0.2525000E-01, 0.1212000E+00,   60.6228
 0.2272500E-01, 0.1212000E+00,   60.4024
 0.2020000E-01, 0.1212000E+00,   60.0569
 0.1767500E-01, 0.1212000E+00,   59.6669
 0.1515000E-01, 0.1212000E+00,   59.2605
 0.1262500E-01, 0.1212000E+00,   58.8463
 0.1010000E-01, 0.1212000E+00,   58.4278
 0.7575000E-02, 0.1212000E+00,   58.0105
 0.5050000E-02, 0.1212000E+00,   57.6071
 0.2525000E-02, 0.1212000E+00,   57.2593
 0.0000000E+00, 0.1186750E+00,   58.6532
 0.0000000E+00, 0.1161500E+00,   60.6910
 0.0000000E+00, 0.1136250E+00,   61.3068
 0.0000000E+00, 0.1111000E+00,   61.4909
 0.0000000E+00, 0.1085750E+00,   61.5621
 0.0000000E+00, 0.1060500E+00,   61.5912
 0.0000000E+00, 0.1035250E+00,   61.5919
 0.0000000E+00, 0.1010000E+00,   61.5654
 0.0000000E+00, 0.9847500E-01,   61.5034
 0.0000000E+00, 0.9595000E-01,   61.3534
 0.0000000E+00, 0.9342500E-01,   60.8605
 0.0000000E+00, 0.9090000E-01,   59.2974
 0.0000000E+00, 0.8837500E-01,   59.2974
 0.0000000E+00, 0.8585000E-01,   60.8605
 0.0000000E+00, 0.8332500E-01,   61.3534
 0.0000000E+00, 0.8080000E-01,   61.5034
 0.0000000E+00, 0.7827500E-01,   61.5655
 0.0000000E+00, 0.7575000E-01,   61.5921
 0.0000000E+00, 0.7322500E-01,   61.5921
 0.0000000E+00, 0.7070000E-01,   61.5655
 0.0000000E+00, 0.6817500E-01,   61.5034
 0.0000000E+00, 0.6565000E-01,   61.3534
 0.0000000E+00, 0.6312500E-01,   60.8605
 0.0000000E+00, 0.6060000E-01,   59.2974
 0.0000000E+00, 0.5807500E-01,   59.2974
 0.0000000E+00, 0.5555000E-01,   60.8605
 0.0000000E+00, 0.5302500E-01,   61.3534
 0.0000000E+00, 0.5050000E-01,   61.5034
 0.0000000E+00, 0.4797500E-01,   61.5655
 0.0000000E+00, 0.4545000E-01,   61.5921
 0.0000000E+00, 0.4292500E-01,   61.5921
 0.0000000E+00, 0.4040000E-01,   61.5655
 0.0000000E+00, 0.3787500E-01,   61.5034
 0.0000000E+00, 0.3535000E-01,   61.3534
 0.0000000E+00, 0.3282500E-01,   60.8605
 0.0000000E+00, 0.3030000E-01,   59.2974
 0.0000000E+00, 0.2777500E-01,   59.2974
 0.0000000E+00, 0.2525000E-01,   60.8605
 0.0000000E+00, 0.2272500E-01,   61.3535
 0.0000000E+00, 0.2020000E-01,   61.5035
 0.0000000E+00, 0.1767500E-01,   61.5658
 0.0000000E+00, 0.1515000E-01,   61.5930
 0.0000000E+00, 0.1262500E-01,   61.5955
 0.0000000E+00, 0.1010000E-01,   61.5780
 0.0000000E+00, 0.7575000E-02,   61.5500
 0.0000000E+00, 0.5050000E-02,   61.5229
 0.0000000E+00, 0.2525000E-02,   61.5046
 0.2525000E-02, 0.2525000E-02,   61.6781
 0.2525000E-02, 0.5050000E-02,   61.7150
 0.2525000E-02, 0.7575000E-02,   61.7760
 0.2525000E-02, 0.1010000E-01,   61.8442
 0.2525000E-02, 0.1262500E-01,   61.8905
 0.2525000E-02, 0.1515000E-01,   61.8880
 0.2525000E-02, 0.1767500E-01,   61.8320
 0.2525000E-02, 0.2020000E-01,   61.7294
 0.2525000E-02, 0.2272500E-01,   61.5454
 0.2525000E-02, 0.2525000E-01,   61.0333
 0.2525000E-02, 0.2777500E-01,   59.4626
 0.2525000E-02, 0.3030000E-01,   59.4626
 0.2525000E-02, 0.3282500E-01,   61.0333
 0.2525000E-02, 0.3535000E-01,   61.5454
 0.2525000E-02, 0.3787500E-01,   61.7294
 0.2525000E-02, 0.4040000E-01,   61.8317
 0.2525000E-02, 0.4292500E-01,   61.8871
 0.2525000E-02, 0.4545000E-01,   61.8871
 0.2525000E-02, 0.4797500E-01,   61.8317
 0.2525000E-02, 0.5050000E-01,   61.7294
 0.2525000E-02, 0.5302500E-01,   61.5454
 0.2525000E-02, 0.5555000E-01,   61.0333
 0.2525000E-02, 0.5807500E-01,   59.4626
 0.2525000E-02, 0.6060000E-01,   59.4626
 0.2525000E-02, 0.6312500E-01,   61.0333
 0.2525000E-02, 0.6565000E-01,   61.5454
 0.2525000E-02, 0.6817500E-01,   61.7294
 0.2525000E-02, 0.7070000E-01,   61.8317
 0.2525000E-02, 0.7322500E-01,   61.8871
 0.2525000E-02, 0.7575000E-01,   61.8871
 0.2525000E-02, 0.7827500E-01,   61.8317
 0.2525000E-02, 0.8080000E-01,   61.7294
 0.2525000E-02, 0.8332500E-01,   61.5454
 0.2525000E-02, 0.8585000E-01,   61.0333
 0.2525000E-02, 0.8837500E-01,   59.4626
 0.2525000E-02, 0.9090000E-01,   59.4626
 0.2525000E-02, 0.9342500E-01,   61.0333
 0.2525000E-02, 0.9595000E-01,   61.5454
 0.2525000E-02, 0.9847500E-01,   61.7294
 0.2525000E-02, 0.1010000E+00,   61.8316
 0.2525000E-02, 0.1035250E+00,   61.8868
 0.2525000E-02, 0.1060500E+00,   61.8861
 0.2525000E-02, 0.1085750E+00,   61.8283
 0.2525000E-02, 0.1111000E+00,   61.7168
 0.2525000E-02, 0.1136250E+00,   61.4987
 0.2525000E-02, 0.1161500E+00,   60.8637
 0.2525000E-02, 0.1186750E+00,   58.8179
 0.5050000E-02, 0.2525000E-02,   62.0583
 0.5050000E-02, 0.5050000E-02,   62.1815
 0.5050000E-02, 0.7575000E-02,   62.4168
 0.5050000E-02, 0.1010000E-01,   62.7195
 0.5050000E-02, 0.1262500E-01,   62.9366
 0.5050000E-02, 0.1515000E-01,   62.9341
 0.5050000E-02, 0.1767500E-01,   62.7072
 0.5050000E-02, 0.2020000E-01,   62.3701
 0.5050000E-02, 0.2272500E-01,   62.0115
 0.5050000E-02, 0.2525000E-01,   61.4119
 0.5050000E-02, 0.2777500E-01,   59.8174
 0.5050000E-02, 0.3030000E-01,   59.8174
 0.5050000E-02, 0.3282500E-01,   61.4119
 0.5050000E-02, 0.3535000E-01,   62.0114
 0.5050000E-02, 0.3787500E-01,   62.3700
 0.5050000E-02, 0.4040000E-01,   62.7070
 0.5050000E-02, 0.4292500E-01,   62.9332
 0.5050000E-02, 0.4545000E-01,   62.9332
 0.5050000E-02, 0.4797500E-01,   62.7070
 0.5050000E-02, 0.5050000E-01,   62.3700
 0.5050000E-02, 0.5302500E-01,   62.0114
 0.5050000E-02, 0.5555000E-01,   61.4119
 0.5050000E-02, 0.5807500E-01,   59.8174
 0.5050000E-02, 0.6060000E-01,   59.8174
 0.5050000E-02, 0.6312500E-01,   61.4119
 0.5050000E-02, 0.6565000E-01,   62.0114
 0.5050000E-02, 0.6817500E-01,   62.3700
 0.5050000E-02, 0.7070000E-01,   62.7070
 0.5050000E-02, 0.7322500E-01,   62.9332
 0.5050000E-02, 0.7575000E-01,   62.9332
 0.5050000E-02, 0.7827500E-01,   62.7070
 0.5050000E-02, 0.8080000E-01,   62.3700
 0.5050000E-02, 0.8332500E-01,   62.0114
 0.5050000E-02, 0.8585000E-01,   61.4119
 0.5050000E-02, 0.8837500E-01,   59.8174
 0.5050000E-02, 0.9090000E-01,   59.8174
 0.5050000E-02, 0.9342500E-01,   61.4119
 0.5050000E-02, 0.9595000E-01,   62.0114
 0.5050000E-02, 0.9847500E-01,   62.3700
 0.5050000E-02, 0.1010000E+00,   62.7069
 0.5050000E-02, 0.1035250E+00,   62.9329
 0.5050000E-02, 0.1060500E+00,   62.9322
 0.5050000E-02, 0.1085750E+00,   62.7035
 0.5050000E-02, 0.1111000E+00,   62.3575
 0.5050000E-02, 0.1136250E+00,   61.9647
 0.5050000E-02, 0.1161500E+00,   61.2419
 0.5050000E-02, 0.1186750E+00,   59.1709
 0.7575000E-02, 0.2525000E-02,   62.5164
 0.7575000E-02, 0.5050000E-02,   62.8138
 0.7575000E-02, 0.7575000E-02,   63.7601
 0.7575000E-02, 0.1010000E-01,   65.2585
 0.7575000E-02, 0.1262500E-01,   66.5370
 0.7575000E-02, 0.1515000E-01,   66.5345
 0.7575000E-02, 0.1767500E-01,   65.2462
 0.7575000E-02, 0.2020000E-01,   63.7133
 0.7575000E-02, 0.2272500E-01,   62.6432
 0.7575000E-02, 0.2525000E-01,   61.8675
 0.7575000E-02, 0.2777500E-01,   60.2311
 0.7575000E-02, 0.3030000E-01,   60.2311
 0.7575000E-02, 0.3282500E-01,   61.8675
 0.7575000E-02, 0.3535000E-01,   62.6432
 0.7575000E-02, 0.3787500E-01,   63.7133
 0.7575000E-02, 0.4040000E-01,   65.2459
 0.7575000E-02, 0.4292500E-01,   66.5336
 0.7575000E-02, 0.4545000E-01,   66.5336
 0.7575000E-02, 0.4797500E-01,   65.2459
 0.7575000E-02, 0.5050000E-01,   63.7133
 0.7575000E-02, 0.5302500E-01,   62.6432
 0.7575000E-02, 0.5555000E-01,   61.8675
 0.7575000E-02, 0.5807500E-01,   60.2311
 0.7575000E-02, 0.6060000E-01,   60.2311
 0.7575000E-02, 0.6312500E-01,   61.8675
 0.7575000E-02, 0.6565000E-01,   62.6432
 0.7575000E-02, 0.6817500E-01,   63.7133
 0.7575000E-02, 0.7070000E-01,   65.2459
 0.7575000E-02, 0.7322500E-01,   66.5336
 0.7575000E-02, 0.7575000E-01,   66.5336
 0.7575000E-02, 0.7827500E-01,   65.2459
 0.7575000E-02, 0.8080000E-01,   63.7133
 0.7575000E-02, 0.8332500E-01,   62.6432
 0.7575000E-02, 0.8585000E-01,   61.8675
 0.7575000E-02, 0.8837500E-01,   60.2311
 0.7575000E-02, 0.9090000E-01,   60.2311
 0.7575000E-02, 0.9342500E-01,   61.8675
 0.7575000E-02, 0.9595000E-01,   62.6432
 0.7575000E-02, 0.9847500E-01,   63.7133
 0.7575000E-02, 0.1010000E+00,   65.2458
 0.7575000E-02, 0.1035250E+00,   66.5333
 0.7575000E-02, 0.1060500E+00,   66.5326
 0.7575000E-02, 0.1085750E+00,   65.2425
 0.7575000E-02, 0.1111000E+00,   63.7007
 0.7575000E-02, 0.1136250E+00,   62.5963
 0.7575000E-02, 0.1161500E+00,   61.6969
 0.7575000E-02, 0.1186750E+00,   59.5822
 0.1010000E-01, 0.2525000E-02,   62.9957
 0.1010000E-01, 0.5050000E-02,   63.5276
 0.1010000E-01, 0.7575000E-02,   65.6695
 0.1010000E-01, 0.1010000E-01,   73.1255
 0.1010000E-01, 0.1262500E-01,   80.1738
 0.1010000E-01, 0.1515000E-01,   80.1713
 0.1010000E-01, 0.1767500E-01,   73.1131
 0.1010000E-01, 0.2020000E-01,   65.6226
 0.1010000E-01, 0.2272500E-01,   63.3565
 0.1010000E-01, 0.2525000E-01,   62.3443
 0.1010000E-01, 0.2777500E-01,   60.6593
 0.1010000E-01, 0.3030000E-01,   60.6593
 0.1010000E-01, 0.3282500E-01,   62.3443
 0.1010000E-01, 0.3535000E-01,   63.3564
 0.1010000E-01, 0.3787500E-01,   65.6225
 0.1010000E-01, 0.4040000E-01,   73.1129
 0.1010000E-01, 0.4292500E-01,   80.1704
 0.1010000E-01, 0.4545000E-01,   80.1704
 0.1010000E-01, 0.4797500E-01,   73.1129
 0.1010000E-01, 0.5050000E-01,   65.6225
 0.1010000E-01, 0.5302500E-01,   63.3564
 0.1010000E-01, 0.5555000E-01,   62.3443
 0.1010000E-01, 0.5807500E-01,   60.6593
 0.1010000E-01, 0.6060000E-01,   60.6593
 0.1010000E-01, 0.6312500E-01,   62.3443
 0.1010000E-01, 0.6565000E-01,   63.3564
 0.1010000E-01, 0.6817500E-01,   65.6225
 0.1010000E-01, 0.7070000E-01,   73.1129
 0.1010000E-01, 0.7322500E-01,   80.1704
 0.1010000E-01, 0.7575000E-01,   80.1704
 0.1010000E-01, 0.7827500E-01,   73.1129
 0.1010000E-01, 0.8080000E-01,   65.6225
 0.1010000E-01, 0.8332500E-01,   63.3564
 0.1010000E-01, 0.8585000E-01,   62.3443
 0.1010000E-01, 0.8837500E-01,   60.6593
 0.1010000E-01, 0.9090000E-01,   60.6593
 0.1010000E-01, 0.9342500E-01,   62.3443
 0.1010000E-01, 0.9595000E-01,   63.3564
 0.1010000E-01, 0.9847500E-01,   65.6225
 0.1010000E-01, 0.1010000E+00,   73.1128
 0.1010000E-01, 0.1035250E+00,   80.1701
 0.1010000E-01, 0.1060500E+00,   80.1694
 0.1010000E-01, 0.1085750E+00,   73.1094
 0.1010000E-01, 0.1111000E+00,   65.6099
 0.1010000E-01, 0.1136250E+00,   63.3095
 0.1010000E-01, 0.1161500E+00,   62.1732
 0.1010000E-01, 0.1186750E+00,   60.0079
 0.1262500E-01, 0.2525000E-02,   63.4568
 0.1262500E-01, 0.5050000E-02,   64.1595
 0.1262500E-01, 0.7575000E-02,   67.3629
 0.1262500E-01, 0.1010000E-01,   80.5887
 0.1262500E-01, 0.1262500E-01,   93.2690
 0.1262500E-01, 0.1515000E-01,   93.2664
 0.1262500E-01, 0.1767500E-01,   80.5763
 0.1262500E-01, 0.2020000E-01,   67.3160
 0.1262500E-01, 0.2272500E-01,   63.9882
 0.1262500E-01, 0.2525000E-01,   62.8039
 0.1262500E-01, 0.2777500E-01,   61.0847
 0.1262500E-01, 0.3030000E-01,   61.0847
 0.1262500E-01, 0.3282500E-01,   62.8039
 0.1262500E-01, 0.3535000E-01,   63.9881
 0.1262500E-01, 0.3787500E-01,   67.3159
 0.1262500E-01, 0.4040000E-01,   80.5761
 0.1262500E-01, 0.4292500E-01,   93.2655
 0.1262500E-01, 0.4545000E-01,   93.2655
 0.1262500E-01, 0.4797500E-01,   80.5761
 0.1262500E-01, 0.5050000E-01,   67.3159
 0.1262500E-01, 0.5302500E-01,   63.9881
 0.1262500E-01, 0.5555000E-01,   62.8039
 0.1262500E-01, 0.5807500E-01,   61.0847
 0.1262500E-01, 0.6060000E-01,   61.0847
 0.1262500E-01, 0.6312500E-01,   62.8039
 0.1262500E-01, 0.6565000E-01,   63.9881
 0.1262500E-01, 0.6817500E-01,   67.3159
 0.1262500E-01, 0.7070000E-01,   80.5761
 0.1262500E-01, 0.7322500E-01,   93.2655
 0.1262500E-01, 0.7575000E-01,   93.2655
 0.1262500E-01, 0.7827500E-01,   80.5761
 0.1262500E-01, 0.8080000E-01,   67.3159
 0.1262500E-01, 0.8332500E-01,   63.9881
 0.1262500E-01, 0.8585000E-01,   62.8039
 0.1262500E-01, 0.8837500E-01,   61.0847
 0.1262500E-01, 0.9090000E-01,   61.0847
 0.1262500E-01, 0.9342500E-01,   62.8039
 0.1262500E-01, 0.9595000E-01,   63.9881
 0.1262500E-01, 0.9847500E-01,   67.3159
 0.1262500E-01, 0.1010000E+00,   80.5760
 0.1262500E-01, 0.1035250E+00,   93.2653
 0.1262500E-01, 0.1060500E+00,   93.2646
 0.1262500E-01, 0.1085750E+00,   80.5726
 0.1262500E-01, 0.1111000E+00,   67.3033
 0.1262500E-01, 0.1136250E+00,   63.9411
 0.1262500E-01, 0.1161500E+00,   62.6325
 0.1262500E-01, 0.1186750E+00,   60.4319
 0.1515000E-01, 0.2525000E-02,   63.8702
 0.1515000E-01, 0.5050000E-02,   64.5729
 0.1515000E-01, 0.7575000E-02,   67.7763
 0.1515000E-01, 0.1010000E-01,   81.0021
 0.1515000E-01, 0.1262500E-01,   93.6824
 0.1515000E-01, 0.1515000E-01,   93.6799
 0.1515000E-01, 0.1767500E-01,   80.9898
 0.1515000E-01, 0.2020000E-01,   67.7295
 0.1515000E-01, 0.2272500E-01,   64.4018
 0.1515000E-01, 0.2525000E-01,   63.2177
 0.1515000E-01, 0.2777500E-01,   61.4986
 0.1515000E-01, 0.3030000E-01,   61.4986
 0.1515000E-01, 0.3282500E-01,   63.2177
 0.1515000E-01, 0.3535000E-01,   64.4018
 0.1515000E-01, 0.3787500E-01,   67.7294
 0.1515000E-01, 0.4040000E-01,   80.9895
 0.1515000E-01, 0.4292500E-01,   93.6790
 0.1515000E-01, 0.4545000E-01,   93.6790
 0.1515000E-01, 0.4797500E-01,   80.9895
 0.1515000E-01, 0.5050000E-01,   67.7294
 0.1515000E-01, 0.5302500E-01,   64.4018
 0.1515000E-01, 0.5555000E-01,   63.2177
 0.1515000E-01, 0.5807500E-01,   61.4986
 0.1515000E-01, 0.6060000E-01,   61.4986
 0.1515000E-01, 0.6312500E-01,   63.2177
 0.1515000E-01, 0.6565000E-01,   64.4018
 0.1515000E-01, 0.6817500E-01,   67.7294
 0.1515000E-01, 0.7070000E-01,   80.9895
 0.1515000E-01, 0.7322500E-01,   93.6790
 0.1515000E-01, 0.7575000E-01,   93.6790
 0.1515000E-01, 0.7827500E-01,   80.9895
 0.1515000E-01, 0.8080000E-01,   67.7294
 0.1515000E-01, 0.8332500E-01,   64.4018
 0.1515000E-01, 0.8585000E-01,   63.2177
 0.1515000E-01, 0.8837500E-01,   61.4986
 0.1515000E-01, 0.9090000E-01,   61.4986
 0.1515000E-01, 0.9342500E-01,   63.2177
 0.1515000E-01, 0.9595000E-01,   64.4018
 0.1515000E-01, 0.9847500E-01,   67.7294
 0.1515000E-01, 0.1010000E+00,   80.9895
 0.1515000E-01, 0.1035250E+00,   93.6787
 0.1515000E-01, 0.1060500E+00,   93.6780
 0.1515000E-01, 0.1085750E+00,   80.9861
 0.1515000E-01, 0.1111000E+00,   67.7169
 0.1515000E-01, 0.1136250E+00,   64.3549
 0.1515000E-01, 0.1161500E+00,   63.0465
 0.1515000E-01, 0.1186750E+00,   60.8461
 0.1767500E-01, 0.2525000E-02,   64.2304
 0.1767500E-01, 0.5050000E-02,   64.7623
 0.1767500E-01, 0.7575000E-02,   66.9042
 0.1767500E-01, 0.1010000E-01,   74.3601
 0.1767500E-01, 0.1262500E-01,   81.4084
 0.1767500E-01, 0.1515000E-01,   81.4060
 0.1767500E-01, 0.1767500E-01,   74.3480
 0.1767500E-01, 0.2020000E-01,   66.8579
 0.1767500E-01, 0.2272500E-01,   64.5923
 0.1767500E-01, 0.2525000E-01,   63.5808
 0.1767500E-01, 0.2777500E-01,   61.8962
 0.1767500E-01, 0.3030000E-01,   61.8962
 0.1767500E-01, 0.3282500E-01,   63.5808
 0.1767500E-01, 0.3535000E-01,   64.5923
 0.1767500E-01, 0.3787500E-01,   66.8578
 0.1767500E-01, 0.4040000E-01,   74.3478
 0.1767500E-01, 0.4292500E-01,   81.4051
 0.1767500E-01, 0.4545000E-01,   81.4051
 0.1767500E-01, 0.4797500E-01,   74.3478
 0.1767500E-01, 0.5050000E-01,   66.8578
 0.1767500E-01, 0.5302500E-01,   64.5923
 0.1767500E-01, 0.5555000E-01,   63.5808
 0.1767500E-01, 0.5807500E-01,   61.8962
 0.1767500E-01, 0.6060000E-01,   61.8962
 0.1767500E-01, 0.6312500E-01,   63.5808
 0.1767500E-01, 0.6565000E-01,   64.5923
 0.1767500E-01, 0.6817500E-01,   66.8578
 0.1767500E-01, 0.7070000E-01,   74.3478
 0.1767500E-01, 0.7322500E-01,   81.4051
 0.1767500E-01, 0.7575000E-01,   81.4051
 0.1767500E-01, 0.7827500E-01,   74.3478
 0.1767500E-01, 0.8080000E-01,   66.8578
 0.1767500E-01, 0.8332500E-01,   64.5923
 0.1767500E-01, 0.8585000E-01,   63.5808
 0.1767500E-01, 0.8837500E-01,   61.8962
 0.1767500E-01, 0.9090000E-01,   61.8962
 0.1767500E-01, 0.9342500E-01,   63.5808
 0.1767500E-01, 0.9595000E-01,   64.5923
 0.1767500E-01, 0.9847500E-01,   66.8578
 0.1767500E-01, 0.1010000E+00,   74.3477
 0.1767500E-01, 0.1035250E+00,   81.4048
 0.1767500E-01, 0.1060500E+00,   81.4042
 0.1767500E-01, 0.1085750E+00,   74.3444
 0.1767500E-01, 0.1111000E+00,   66.8455
 0.1767500E-01, 0.1136250E+00,   64.5459
 0.1767500E-01, 0.1161500E+00,   63.4108
 0.1767500E-01, 0.1186750E+00,   61.2466
 0.2020000E-01, 0.2525000E-02,   64.5441
 0.2020000E-01, 0.5050000E-02,   64.8414
 0.2020000E-01, 0.7575000E-02,   65.7876
 0.2020000E-01, 0.1010000E-01,   67.2859
 0.2020000E-01, 0.1262500E-01,   68.5644
 0.2020000E-01, 0.1515000E-01,   68.5620
 0.2020000E-01, 0.1767500E-01,   67.2742
 0.2020000E-01, 0.2020000E-01,   65.7427
 0.2020000E-01, 0.2272500E-01,   64.6750
 0.2020000E-01, 0.2525000E-01,   63.9024
 0.2020000E-01, 0.2777500E-01,   62.2682
 0.2020000E-01, 0.3030000E-01,   62.2682
 0.2020000E-01, 0.3282500E-01,   63.9024
 0.2020000E-01, 0.3535000E-01,   64.6749
 0.2020000E-01, 0.3787500E-01,   65.7426
 0.2020000E-01, 0.4040000E-01,   67.2739
 0.2020000E-01, 0.4292500E-01,   68.5611
 0.2020000E-01, 0.4545000E-01,   68.5611
 0.2020000E-01, 0.4797500E-01,   67.2739
 0.2020000E-01, 0.5050000E-01,   65.7426
 0.2020000E-01, 0.5302500E-01,   64.6749
 0.2020000E-01, 0.5555000E-01,   63.9024
 0.2020000E-01, 0.5807500E-01,   62.2682
 0.2020000E-01, 0.6060000E-01,   62.2682
 0.2020000E-01, 0.6312500E-01,   63.9024
 0.2020000E-01, 0.6565000E-01,   64.6749
 0.2020000E-01, 0.6817500E-01,   65.7426
 0.2020000E-01, 0.7070000E-01,   67.2739
 0.2020000E-01, 0.7322500E-01,   68.5611
 0.2020000E-01, 0.7575000E-01,   68.5611
 0.2020000E-01, 0.7827500E-01,   67.2739
 0.2020000E-01, 0.8080000E-01,   65.7426
 0.2020000E-01, 0.8332500E-01,   64.6749
 0.2020000E-01, 0.8585000E-01,   63.9024
 0.2020000E-01, 0.8837500E-01,   62.2682
 0.2020000E-01, 0.9090000E-01,   62.2682
 0.2020000E-01, 0.9342500E-01,   63.9024
 0.2020000E-01, 0.9595000E-01,   64.6749
 0.2020000E-01, 0.9847500E-01,   65.7426
 0.2020000E-01, 0.1010000E+00,   67.2739
 0.2020000E-01, 0.1035250E+00,   68.5609
 0.2020000E-01, 0.1060500E+00,   68.5603
 0.2020000E-01, 0.1085750E+00,   67.2707
 0.2020000E-01, 0.1111000E+00,   65.7307
 0.2020000E-01, 0.1136250E+00,   64.6299
 0.2020000E-01, 0.1161500E+00,   63.7359
 0.2020000E-01, 0.1186750E+00,   61.6264
 0.2272500E-01, 0.2525000E-02,   64.7764
 0.2272500E-01, 0.5050000E-02,   64.8991
 0.2272500E-01, 0.7575000E-02,   65.1338
 0.2272500E-01, 0.1010000E-01,   65.4360
 0.2272500E-01, 0.1262500E-01,   65.6529
 0.2272500E-01, 0.1515000E-01,   65.6506
 0.2272500E-01, 0.1767500E-01,   65.4249
 0.2272500E-01, 0.2020000E-01,   65.0913
 0.2272500E-01, 0.2272500E-01,   64.7426
 0.2272500E-01, 0.2525000E-01,   64.1569
 0.2272500E-01, 0.2777500E-01,   62.5741
 0.2272500E-01, 0.3030000E-01,   62.5741
 0.2272500E-01, 0.3282500E-01,   64.1569
 0.2272500E-01, 0.3535000E-01,   64.7425
 0.2272500E-01, 0.3787500E-01,   65.0912
 0.2272500E-01, 0.4040000E-01,   65.4247
 0.2272500E-01, 0.4292500E-01,   65.6498
 0.2272500E-01, 0.4545000E-01,   65.6498
 0.2272500E-01, 0.4797500E-01,   65.4247
 0.2272500E-01, 0.5050000E-01,   65.0912
 0.2272500E-01, 0.5302500E-01,   64.7425
 0.2272500E-01, 0.5555000E-01,   64.1569
 0.2272500E-01, 0.5807500E-01,   62.5741
 0.2272500E-01, 0.6060000E-01,   62.5741
 0.2272500E-01, 0.6312500E-01,   64.1569
 0.2272500E-01, 0.6565000E-01,   64.7425
 0.2272500E-01, 0.6817500E-01,   65.0912
 0.2272500E-01, 0.7070000E-01,   65.4247
 0.2272500E-01, 0.7322500E-01,   65.6498
 0.2272500E-01, 0.7575000E-01,   65.6498
 0.2272500E-01, 0.7827500E-01,   65.4247
 0.2272500E-01, 0.8080000E-01,   65.0912
 0.2272500E-01, 0.8332500E-01,   64.7425
 0.2272500E-01, 0.8585000E-01,   64.1569
 0.2272500E-01, 0.8837500E-01,   62.5741
 0.2272500E-01, 0.9090000E-01,   62.5741
 0.2272500E-01, 0.9342500E-01,   64.1569
 0.2272500E-01, 0.9595000E-01,   64.7425
 0.2272500E-01, 0.9847500E-01,   65.0912
 0.2272500E-01, 0.1010000E+00,   65.4246
 0.2272500E-01, 0.1035250E+00,   65.6495
 0.2272500E-01, 0.1060500E+00,   65.6489
 0.2272500E-01, 0.1085750E+00,   65.4216
 0.2272500E-01, 0.1111000E+00,   65.0798
 0.2272500E-01, 0.1136250E+00,   64.6999
 0.2272500E-01, 0.1161500E+00,   64.0003
 0.2272500E-01, 0.1186750E+00,   61.9546
 0.2525000E-01, 0.2525000E-02,   64.6806
 0.2525000E-01, 0.5050000E-02,   64.7158
 0.2525000E-01, 0.7575000E-02,   64.7744
 0.2525000E-01, 0.1010000E-01,   64.8402
 0.2525000E-01, 0.1262500E-01,   64.8849
 0.2525000E-01, 0.1515000E-01,   64.8828
 0.2525000E-01, 0.1767500E-01,   64.8297
 0.2525000E-01, 0.2020000E-01,   64.7350
 0.2525000E-01, 0.2272500E-01,   64.5732
 0.2525000E-01, 0.2525000E-01,   64.1412
 0.2525000E-01, 0.2777500E-01,   62.6460
 0.2525000E-01, 0.3030000E-01,   62.6460
 0.2525000E-01, 0.3282500E-01,   64.1412
 0.2525000E-01, 0.3535000E-01,   64.5732
 0.2525000E-01, 0.3787500E-01,   64.7349
 0.2525000E-01, 0.4040000E-01,   64.8295
 0.2525000E-01, 0.4292500E-01,   64.8820
 0.2525000E-01, 0.4545000E-01,   64.8820
 0.2525000E-01, 0.4797500E-01,   64.8295
 0.2525000E-01, 0.5050000E-01,   64.7349
 0.2525000E-01, 0.5302500E-01,   64.5732
 0.2525000E-01, 0.5555000E-01,   64.1412
 0.2525000E-01, 0.5807500E-01,   62.6460
 0.2525000E-01, 0.6060000E-01,   62.6460
 0.2525000E-01, 0.6312500E-01,   64.1412
 0.2525000E-01, 0.6565000E-01,   64.5732
 0.2525000E-01, 0.6817500E-01,   64.7349
 0.2525000E-01, 0.7070000E-01,   64.8295
 0.2525000E-01, 0.7322500E-01,   64.8820
 0.2525000E-01, 0.7575000E-01,   64.8820
 0.2525000E-01, 0.7827500E-01,   64.8295
 0.2525000E-01, 0.8080000E-01,   64.7349
 0.2525000E-01, 0.8332500E-01,   64.5732
 0.2525000E-01, 0.8585000E-01,   64.1412
 0.2525000E-01, 0.8837500E-01,   62.6460
 0.2525000E-01, 0.9090000E-01,   62.6460
 0.2525000E-01, 0.9342500E-01,   64.1412
 0.2525000E-01, 0.9595000E-01,   64.5732
 0.2525000E-01, 0.9847500E-01,   64.7349
 0.2525000E-01, 0.1010000E+00,   64.8294
 0.2525000E-01, 0.1035250E+00,   64.8817
 0.2525000E-01, 0.1060500E+00,   64.8812
 0.2525000E-01, 0.1085750E+00,   64.8265
 0.2525000E-01, 0.1111000E+00,   64.7242
 0.2525000E-01, 0.1136250E+00,   64.5337
 0.2525000E-01, 0.1161500E+00,   63.9986
 0.2525000E-01, 0.1186750E+00,   62.1066
 0.2777500E-01, 0.2525000E-02,   63.5262
 0.2777500E-01, 0.5050000E-02,   63.5376
 0.2777500E-01, 0.7575000E-02,   63.5543
 0.2777500E-01, 0.1010000E-01,   63.5715
 0.2777500E-01, 0.1262500E-01,   63.5821
 0.2777500E-01, 0.1515000E-01,   63.5800
 0.2777500E-01, 0.1767500E-01,   63.5614
 0.2777500E-01, 0.2020000E-01,   63.5171
 0.2777500E-01, 0.2272500E-01,   63.4067
 0.2777500E-01, 0.2525000E-01,   63.0623
 0.2777500E-01, 0.2777500E-01,   62.1908
 0.2777500E-01, 0.3030000E-01,   62.1908
 0.2777500E-01, 0.3282500E-01,   63.0623
 0.2777500E-01, 0.3535000E-01,   63.4067
 0.2777500E-01, 0.3787500E-01,   63.5171
 0.2777500E-01, 0.4040000E-01,   63.5612
 0.2777500E-01, 0.4292500E-01,   63.5792
 0.2777500E-01, 0.4545000E-01,   63.5792
 0.2777500E-01, 0.4797500E-01,   63.5612
 0.2777500E-01, 0.5050000E-01,   63.5171
 0.2777500E-01, 0.5302500E-01,   63.4067
 0.2777500E-01, 0.5555000E-01,   63.0623
 0.2777500E-01, 0.5807500E-01,   62.1908
 0.2777500E-01, 0.6060000E-01,   62.1908
 0.2777500E-01, 0.6312500E-01,   63.0623
 0.2777500E-01, 0.6565000E-01,   63.4067
 0.2777500E-01, 0.6817500E-01,   63.5171
 0.2777500E-01, 0.7070000E-01,   63.5612
 0.2777500E-01, 0.7322500E-01,   63.5792
 0.2777500E-01, 0.7575000E-01,   63.5792
 0.2777500E-01, 0.7827500E-01,   63.5612
 0.2777500E-01, 0.8080000E-01,   63.5171
 0.2777500E-01, 0.8332500E-01,   63.4067
 0.2777500E-01, 0.8585000E-01,   63.0623
 0.2777500E-01, 0.8837500E-01,   62.1908
 0.2777500E-01, 0.9090000E-01,   62.1908
 0.2777500E-01, 0.9342500E-01,   63.0623
 0.2777500E-01, 0.9595000E-01,   63.4067
 0.2777500E-01, 0.9847500E-01,   63.5170
 0.2777500E-01, 0.1010000E+00,   63.5611
 0.2777500E-01, 0.1035250E+00,   63.5790
 0.2777500E-01, 0.1060500E+00,   63.5784
 0.2777500E-01, 0.1085750E+00,   63.5583
 0.2777500E-01, 0.1111000E+00,   63.5068
 0.2777500E-01, 0.1136250E+00,   63.3694
 0.2777500E-01, 0.1161500E+00,   62.9314
 0.2777500E-01, 0.1186750E+00,   61.7269
 0.3030000E-01, 0.2525000E-02,   63.9425
 0.3030000E-01, 0.5050000E-02,   63.9539
 0.3030000E-01, 0.7575000E-02,   63.9706
 0.3030000E-01, 0.1010000E-01,   63.9878
 0.3030000E-01, 0.1262500E-01,   63.9984
 0.3030000E-01, 0.1515000E-01,   63.9963
 0.3030000E-01, 0.1767500E-01,   63.9777
 0.3030000E-01, 0.2020000E-01,   63.9334
 0.3030000E-01, 0.2272500E-01,   63.8230
 0.3030000E-01, 0.2525000E-01,   63.4786
 0.3030000E-01, 0.2777500E-01,   62.6071
 0.3030000E-01, 0.3030000E-01,   62.6071
 0.3030000E-01, 0.3282500E-01,   63.4786
 0.3030000E-01, 0.3535000E-01,   63.8230
 0.3030000E-01, 0.3787500E-01,   63.9334
 0.3030000E-01, 0.4040000E-01,   63.9775
 0.3030000E-01, 0.4292500E-01,   63.9955
 0.3030000E-01, 0.4545000E-01,   63.9955
 0.3030000E-01, 0.4797500E-01,   63.9775
 0.3030000E-01, 0.5050000E-01,   63.9334
 0.3030000E-01, 0.5302500E-01,   63.8230
 0.3030000E-01, 0.5555000E-01,   63.4786
 0.3030000E-01, 0.5807500E-01,   62.6071
 0.3030000E-01, 0.6060000E-01,   62.6071
 0.3030000E-01, 0.6312500E-01,   63.4786
 0.3030000E-01, 0.6565000E-01,   63.8230
 0.3030000E-01, 0.6817500E-01,   63.9334
 0.3030000E-01, 0.7070000E-01,   63.9775
 0.3030000E-01, 0.7322500E-01,   63.9955
 0.3030000E-01, 0.7575000E-01,   63.9955
 0.3030000E-01, 0.7827500E-01,   63.9775
 0.3030000E-01, 0.8080000E-01,   63.9334
 0.3030000E-01, 0.8332500E-01,   63.8230
 0.3030000E-01, 0.8585000E-01,   63.4786
 0.3030000E-01, 0.8837500E-01,   62.6071
 0.3030000E-01, 0.9090000E-01,   62.6071
 0.3030000E-01, 0.9342500E-01,   63.4786
 0.3030000E-01, 0.9595000E-01,   63.8230
 0.3030000E-01, 0.9847500E-01,   63.9334
 0.3030000E-01, 0.1010000E+00,   63.9774
 0.3030000E-01, 0.1035250E+00,   63.9953
 0.3030000E-01, 0.1060500E+00,   63.9947
 0.3030000E-01, 0.1085750E+00,   63.9746
 0.3030000E-01, 0.1111000E+00,   63.9231
 0.3030000E-01, 0.1136250E+00,   63.7857
 0.3030000E-01, 0.1161500E+00,   63.3477
 0.3030000E-01, 0.1186750E+00,   62.1432
 0.3282500E-01, 0.2525000E-02,   65.9295
 0.3282500E-01, 0.5050000E-02,   65.9647
 0.3282500E-01, 0.7575000E-02,   66.0233
 0.3282500E-01, 0.1010000E-01,   66.0891
 0.3282500E-01, 0.1262500E-01,   66.1338
 0.3282500E-01, 0.1515000E-01,   66.1317
 0.3282500E-01, 0.1767500E-01,   66.0786
 0.3282500E-01, 0.2020000E-01,   65.9839
 0.3282500E-01, 0.2272500E-01,   65.8221
 0.3282500E-01, 0.2525000E-01,   65.3901
 0.3282500E-01, 0.2777500E-01,   63.8949
 0.3282500E-01, 0.3030000E-01,   63.8949
 0.3282500E-01, 0.3282500E-01,   65.3901
 0.3282500E-01, 0.3535000E-01,   65.8221
 0.3282500E-01, 0.3787500E-01,   65.9838
 0.3282500E-01, 0.4040000E-01,   66.0784
 0.3282500E-01, 0.4292500E-01,   66.1309
 0.3282500E-01, 0.4545000E-01,   66.1309
 0.3282500E-01, 0.4797500E-01,   66.0784
 0.3282500E-01, 0.5050000E-01,   65.9838
 0.3282500E-01, 0.5302500E-01,   65.8221
 0.3282500E-01, 0.5555000E-01,   65.3901
 0.3282500E-01, 0.5807500E-01,   63.8949
 0.3282500E-01, 0.6060000E-01,   63.8949
 0.3282500E-01, 0.6312500E-01,   65.3901
 0.3282500E-01, 0.6565000E-01,   65.8221
 0.3282500E-01, 0.6817500E-01,   65.9838
 0.3282500E-01, 0.7070000E-01,   66.0784
 0.3282500E-01, 0.7322500E-01,   66.1309
 0.3282500E-01, 0.7575000E-01,   66.1309
 0.3282500E-01, 0.7827500E-01,   66.0784
 0.3282500E-01, 0.8080000E-01,   65.9838
 0.3282500E-01, 0.8332500E-01,   65.8221
 0.3282500E-01, 0.8585000E-01,   65.3901
 0.3282500E-01, 0.8837500E-01,   63.8949
 0.3282500E-01, 0.9090000E-01,   63.8949
 0.3282500E-01, 0.9342500E-01,   65.3901
 0.3282500E-01, 0.9595000E-01,   65.8221
 0.3282500E-01, 0.9847500E-01,   65.9838
 0.3282500E-01, 0.1010000E+00,   66.0783
 0.3282500E-01, 0.1035250E+00,   66.1307
 0.3282500E-01, 0.1060500E+00,   66.1301
 0.3282500E-01, 0.1085750E+00,   66.0754
 0.3282500E-01, 0.1111000E+00,   65.9731
 0.3282500E-01, 0.1136250E+00,   65.7826
 0.3282500E-01, 0.1161500E+00,   65.2475
 0.3282500E-01, 0.1186750E+00,   63.3555
 0.3535000E-01, 0.2525000E-02,   66.8579
 0.3535000E-01, 0.5050000E-02,   66.9806
 0.3535000E-01, 0.7575000E-02,   67.2153
 0.3535000E-01, 0.1010000E-01,   67.5176
 0.3535000E-01, 0.1262500E-01,   67.7344
 0.3535000E-01, 0.1515000E-01,   67.7321
 0.3535000E-01, 0.1767500E-01,   67.5064
 0.3535000E-01, 0.2020000E-01,   67.1728
 0.3535000E-01, 0.2272500E-01,   66.8241
 0.3535000E-01, 0.2525000E-01,   66.2384
 0.3535000E-01, 0.2777500E-01,   64.6556
 0.3535000E-01, 0.3030000E-01,   64.6556
 0.3535000E-01, 0.3282500E-01,   66.2384
 0.3535000E-01, 0.3535000E-01,   66.8241
 0.3535000E-01, 0.3787500E-01,   67.1727
 0.3535000E-01, 0.4040000E-01,   67.5062
 0.3535000E-01, 0.4292500E-01,   67.7313
 0.3535000E-01, 0.4545000E-01,   67.7313
 0.3535000E-01, 0.4797500E-01,   67.5062
 0.3535000E-01, 0.5050000E-01,   67.1727
 0.3535000E-01, 0.5302500E-01,   66.8241
 0.3535000E-01, 0.5555000E-01,   66.2384
 0.3535000E-01, 0.5807500E-01,   64.6556
 0.3535000E-01, 0.6060000E-01,   64.6556
 0.3535000E-01, 0.6312500E-01,   66.2384
 0.3535000E-01, 0.6565000E-01,   66.8241
 0.3535000E-01, 0.6817500E-01,   67.1727
 0.3535000E-01, 0.7070000E-01,   67.5062
 0.3535000E-01, 0.7322500E-01,   67.7313
 0.3535000E-01, 0.7575000E-01,   67.7313
 0.3535000E-01, 0.7827500E-01,   67.5062
 0.3535000E-01, 0.8080000E-01,   67.1727
 0.3535000E-01, 0.8332500E-01,   66.8241
 0.3535000E-01, 0.8585000E-01,   66.2384
 0.3535000E-01, 0.8837500E-01,   64.6556
 0.3535000E-01, 0.9090000E-01,   64.6556
 0.3535000E-01, 0.9342500E-01,   66.2384
 0.3535000E-01, 0.9595000E-01,   66.8241
 0.3535000E-01, 0.9847500E-01,   67.1727
 0.3535000E-01, 0.1010000E+00,   67.5061
 0.3535000E-01, 0.1035250E+00,   67.7310
 0.3535000E-01, 0.1060500E+00,   67.7304
 0.3535000E-01, 0.1085750E+00,   67.5031
 0.3535000E-01, 0.1111000E+00,   67.1613
 0.3535000E-01, 0.1136250E+00,   66.7814
 0.3535000E-01, 0.1161500E+00,   66.0819
 0.3535000E-01, 0.1186750E+00,   64.0361
 0.3787500E-01, 0.2525000E-02,   67.4582
 0.3787500E-01, 0.5050000E-02,   67.7555
 0.3787500E-01, 0.7575000E-02,   68.7017
 0.3787500E-01, 0.1010000E-01,   70.2000
 0.3787500E-01, 0.1262500E-01,   71.4784
 0.3787500E-01, 0.1515000E-01,   71.4761
 0.3787500E-01, 0.1767500E-01,   70.1882
 0.3787500E-01, 0.2020000E-01,   68.6568
 0.3787500E-01, 0.2272500E-01,   67.5890
 0.3787500E-01, 0.2525000E-01,   66.8164
 0.3787500E-01, 0.2777500E-01,   65.1823
 0.3787500E-01, 0.3030000E-01,   65.1823
 0.3787500E-01, 0.3282500E-01,   66.8164
 0.3787500E-01, 0.3535000E-01,   67.5890
 0.3787500E-01, 0.3787500E-01,   68.6567
 0.3787500E-01, 0.4040000E-01,   70.1880
 0.3787500E-01, 0.4292500E-01,   71.4752
 0.3787500E-01, 0.4545000E-01,   71.4752
 0.3787500E-01, 0.4797500E-01,   70.1880
 0.3787500E-01, 0.5050000E-01,   68.6567
 0.3787500E-01, 0.5302500E-01,   67.5890
 0.3787500E-01, 0.5555000E-01,   66.8164
 0.3787500E-01, 0.5807500E-01,   65.1823
 0.3787500E-01, 0.6060000E-01,   65.1823
 0.3787500E-01, 0.6312500E-01,   66.8164
 0.3787500E-01, 0.6565000E-01,   67.5890
 0.3787500E-01, 0.6817500E-01,   68.6567
 0.3787500E-01, 0.7070000E-01,   70.1880
 0.3787500E-01, 0.7322500E-01,   71.4752
 0.3787500E-01, 0.7575000E-01,   71.4752
 0.3787500E-01, 0.7827500E-01,   70.1880
 0.3787500E-01, 0.8080000E-01,   68.6567
 0.3787500E-01, 0.8332500E-01,   67.5890
 0.3787500E-01, 0.8585000E-01,   66.8164
 0.3787500E-01, 0.8837500E-01,   65.1823
 0.3787500E-01, 0.9090000E-01,   65.1823
 0.3787500E-01, 0.9342500E-01,   66.8164
 0.3787500E-01, 0.9595000E-01,   67.5890
 0.3787500E-01, 0.9847500E-01,   68.6567
 0.3787500E-01, 0.1010000E+00,   70.1879
 0.3787500E-01, 0.1035250E+00,   71.4750
 0.3787500E-01, 0.1060500E+00,   71.4743
 0.3787500E-01, 0.1085750E+00,   70.1848
 0.3787500E-01, 0.1111000E+00,   68.6448
 0.3787500E-01, 0.1136250E+00,   67.5440
 0.3787500E-01, 0.1161500E+00,   66.6499
 0.3787500E-01, 0.1186750E+00,   64.5405
 0.4040000E-01, 0.2525000E-02,   67.9768
 0.4040000E-01, 0.5050000E-02,   68.5087
 0.4040000E-01, 0.7575000E-02,   70.6507
 0.4040000E-01, 0.1010000E-01,   78.1066
 0.4040000E-01, 0.1262500E-01,   85.1549
 0.4040000E-01, 0.1515000E-01,   85.1525
 0.4040000E-01, 0.1767500E-01,   78.0945
 0.4040000E-01, 0.2020000E-01,   70.6044
 0.4040000E-01, 0.2272500E-01,   68.3388
 0.4040000E-01, 0.2525000E-01,   67.3273
 0.4040000E-01, 0.2777500E-01,   65.6427
 0.4040000E-01, 0.3030000E-01,   65.6427
 0.4040000E-01, 0.3282500E-01,   67.3273
 0.4040000E-01, 0.3535000E-01,   68.3388
 0.4040000E-01, 0.3787500E-01,   70.6043
 0.4040000E-01, 0.4040000E-01,   78.0942
 0.4040000E-01, 0.4292500E-01,   85.1516
 0.4040000E-01, 0.4545000E-01,   85.1516
 0.4040000E-01, 0.4797500E-01,   78.0942
 0.4040000E-01, 0.5050000E-01,   70.6043
 0.4040000E-01, 0.5302500E-01,   68.3388
 0.4040000E-01, 0.5555000E-01,   67.3273
 0.4040000E-01, 0.5807500E-01,   65.6427
 0.4040000E-01, 0.6060000E-01,   65.6427
 0.4040000E-01, 0.6312500E-01,   67.3273
 0.4040000E-01, 0.6565000E-01,   68.3388
 0.4040000E-01, 0.6817500E-01,   70.6043
 0.4040000E-01, 0.7070000E-01,   78.0942
 0.4040000E-01, 0.7322500E-01,   85.1516
 0.4040000E-01, 0.7575000E-01,   85.1516
 0.4040000E-01, 0.7827500E-01,   78.0942
 0.4040000E-01, 0.8080000E-01,   70.6043
 0.4040000E-01, 0.8332500E-01,   68.3388
 0.4040000E-01, 0.8585000E-01,   67.3273
 0.4040000E-01, 0.8837500E-01,   65.6427
 0.4040000E-01, 0.9090000E-01,   65.6427
 0.4040000E-01, 0.9342500E-01,   67.3273
 0.4040000E-01, 0.9595000E-01,   68.3388
 0.4040000E-01, 0.9847500E-01,   70.6043
 0.4040000E-01, 0.1010000E+00,   78.0942
 0.4040000E-01, 0.1035250E+00,   85.1513
 0.4040000E-01, 0.1060500E+00,   85.1507
 0.4040000E-01, 0.1085750E+00,   78.0909
 0.4040000E-01, 0.1111000E+00,   70.5920
 0.4040000E-01, 0.1136250E+00,   68.2925
 0.4040000E-01, 0.1161500E+00,   67.1574
 0.4040000E-01, 0.1186750E+00,   64.9932
 0.4292500E-01, 0.2525000E-02,   68.4485
 0.4292500E-01, 0.5050000E-02,   69.1512
 0.4292500E-01, 0.7575000E-02,   72.3546
 0.4292500E-01, 0.1010000E-01,   85.5804
 0.4292500E-01, 0.1262500E-01,   98.2607
 0.4292500E-01, 0.1515000E-01,   98.2582
 0.4292500E-01, 0.1767500E-01,   85.5681
 0.4292500E-01, 0.2020000E-01,   72.3079
 0.4292500E-01, 0.2272500E-01,   68.9802
 0.4292500E-01, 0.2525000E-01,   67.7961
 0.4292500E-01, 0.2777500E-01,   66.0770
 0.4292500E-01, 0.3030000E-01,   66.0770
 0.4292500E-01, 0.3282500E-01,   67.7961
 0.4292500E-01, 0.3535000E-01,   68.9802
 0.4292500E-01, 0.3787500E-01,   72.3078
 0.4292500E-01, 0.4040000E-01,   85.5679
 0.4292500E-01, 0.4292500E-01,   98.2573
 0.4292500E-01, 0.4545000E-01,   98.2573
 0.4292500E-01, 0.4797500E-01,   85.5679
 0.4292500E-01, 0.5050000E-01,   72.3078
 0.4292500E-01, 0.5302500E-01,   68.9802
 0.4292500E-01, 0.5555000E-01,   67.7961
 0.4292500E-01, 0.5807500E-01,   66.0770
 0.4292500E-01, 0.6060000E-01,   66.0770
 0.4292500E-01, 0.6312500E-01,   67.7961
 0.4292500E-01, 0.6565000E-01,   68.9802
 0.4292500E-01, 0.6817500E-01,   72.3078
 0.4292500E-01, 0.7070000E-01,   85.5679
 0.4292500E-01, 0.7322500E-01,   98.2573
 0.4292500E-01, 0.7575000E-01,   98.2573
 0.4292500E-01, 0.7827500E-01,   85.5679
 0.4292500E-01, 0.8080000E-01,   72.3078
 0.4292500E-01, 0.8332500E-01,   68.9802
 0.4292500E-01, 0.8585000E-01,   67.7961
 0.4292500E-01, 0.8837500E-01,   66.0770
 0.4292500E-01, 0.9090000E-01,   66.0770
 0.4292500E-01, 0.9342500E-01,   67.7961
 0.4292500E-01, 0.9595000E-01,   68.9802
 0.4292500E-01, 0.9847500E-01,   72.3078
 0.4292500E-01, 0.1010000E+00,   85.5678
 0.4292500E-01, 0.1035250E+00,   98.2570
 0.4292500E-01, 0.1060500E+00,   98.2564
 0.4292500E-01, 0.1085750E+00,   85.5645
 0.4292500E-01, 0.1111000E+00,   72.2953
 0.4292500E-01, 0.1136250E+00,   68.9334
 0.4292500E-01, 0.1161500E+00,   67.6251
 0.4292500E-01, 0.1186750E+00,   65.4246
 0.4545000E-01, 0.2525000E-02,   68.8648
 0.4545000E-01, 0.5050000E-02,   69.5676
 0.4545000E-01, 0.7575000E-02,   72.7709
 0.4545000E-01, 0.1010000E-01,   85.9967
 0.4545000E-01, 0.1262500E-01,   98.6770
 0.4545000E-01, 0.1515000E-01,   98.6745
 0.4545000E-01, 0.1767500E-01,   85.9844
 0.4545000E-01, 0.2020000E-01,   72.7242
 0.4545000E-01, 0.2272500E-01,   69.3965
 0.4545000E-01, 0.2525000E-01,   68.2124
 0.4545000E-01, 0.2777500E-01,   66.4933
 0.4545000E-01, 0.3030000E-01,   66.4933
 0.4545000E-01, 0.3282500E-01,   68.2124
 0.4545000E-01, 0.3535000E-01,   69.3965
 0.4545000E-01, 0.3787500E-01,   72.7241
 0.4545000E-01, 0.4040000E-01,   85.9842
 0.4545000E-01, 0.4292500E-01,   98.6736
 0.4545000E-01, 0.4545000E-01,   98.6736
 0.4545000E-01, 0.4797500E-01,   85.9842
 0.4545000E-01, 0.5050000E-01,   72.7241
 0.4545000E-01, 0.5302500E-01,   69.3965
 0.4545000E-01, 0.5555000E-01,   68.2124
 0.4545000E-01, 0.5807500E-01,   66.4933
 0.4545000E-01, 0.6060000E-01,   66.4933
 0.4545000E-01, 0.6312500E-01,   68.2124
 0.4545000E-01, 0.6565000E-01,   69.3965
 0.4545000E-01, 0.6817500E-01,   72.7241
 0.4545000E-01, 0.7070000E-01,   85.9842
 0.4545000E-01, 0.7322500E-01,   98.6736
 0.4545000E-01, 0.7575000E-01,   98.6736
 0.4545000E-01, 0.7827500E-01,   85.9842
 0.4545000E-01, 0.8080000E-01,   72.7241
 0.4545000E-01, 0.8332500E-01,   69.3965
 0.4545000E-01, 0.8585000E-01,   68.2124
 0.4545000E-01, 0.8837500E-01,   66.4933
 0.4545000E-01, 0.9090000E-01,   66.4933
 0.4545000E-01, 0.9342500E-01,   68.2124
 0.4545000E-01, 0.9595000E-01,   69.3965
 0.4545000E-01, 0.9847500E-01,   72.7241
 0.4545000E-01, 0.1010000E+00,   85.9841
 0.4545000E-01, 0.1035250E+00,   98.6733
 0.4545000E-01, 0.1060500E+00,   98.6727
 0.4545000E-01, 0.1085750E+00,   85.9808
 0.4545000E-01, 0.1111000E+00,   72.7116
 0.4545000E-01, 0.1136250E+00,   69.3497
 0.4545000E-01, 0.1161500E+00,   68.0414
 0.4545000E-01, 0.1186750E+00,   65.8409
 0.4797500E-01, 0.2525000E-02,   69.2258
 0.4797500E-01, 0.5050000E-02,   69.7577
 0.4797500E-01, 0.7575000E-02,   71.8996
 0.4797500E-01, 0.1010000E-01,   79.3555
 0.4797500E-01, 0.1262500E-01,   86.4038
 0.4797500E-01, 0.1515000E-01,   86.4014
 0.4797500E-01, 0.1767500E-01,   79.3434
 0.4797500E-01, 0.2020000E-01,   71.8533
 0.4797500E-01, 0.2272500E-01,   69.5877
 0.4797500E-01, 0.2525000E-01,   68.5762
 0.4797500E-01, 0.2777500E-01,   66.8917
 0.4797500E-01, 0.3030000E-01,   66.8917
 0.4797500E-01, 0.3282500E-01,   68.5762
 0.4797500E-01, 0.3535000E-01,   69.5877
 0.4797500E-01, 0.3787500E-01,   71.8532
 0.4797500E-01, 0.4040000E-01,   79.3432
 0.4797500E-01, 0.4292500E-01,   86.4005
 0.4797500E-01, 0.4545000E-01,   86.4005
 0.4797500E-01, 0.4797500E-01,   79.3432
 0.4797500E-01, 0.5050000E-01,   71.8532
 0.4797500E-01, 0.5302500E-01,   69.5877
 0.4797500E-01, 0.5555000E-01,   68.5762
 0.4797500E-01, 0.5807500E-01,   66.8917
 0.4797500E-01, 0.6060000E-01,   66.8917
 0.4797500E-01, 0.6312500E-01,   68.5762
 0.4797500E-01, 0.6565000E-01,   69.5877
 0.4797500E-01, 0.6817500E-01,   71.8532
 0.4797500E-01, 0.7070000E-01,   79.3432
 0.4797500E-01, 0.7322500E-01,   86.4005
 0.4797500E-01, 0.7575000E-01,   86.4005
 0.4797500E-01, 0.7827500E-01,   79.3432
 0.4797500E-01, 0.8080000E-01,   71.8532
 0.4797500E-01, 0.8332500E-01,   69.5877
 0.4797500E-01, 0.8585000E-01,   68.5762
 0.4797500E-01, 0.8837500E-01,   66.8917
 0.4797500E-01, 0.9090000E-01,   66.8917
 0.4797500E-01, 0.9342500E-01,   68.5762
 0.4797500E-01, 0.9595000E-01,   69.5877
 0.4797500E-01, 0.9847500E-01,   71.8532
 0.4797500E-01, 0.1010000E+00,   79.3431
 0.4797500E-01, 0.1035250E+00,   86.4003
 0.4797500E-01, 0.1060500E+00,   86.3996
 0.4797500E-01, 0.1085750E+00,   79.3398
 0.4797500E-01, 0.1111000E+00,   71.8409
 0.4797500E-01, 0.1136250E+00,   69.5414
 0.4797500E-01, 0.1161500E+00,   68.4063
 0.4797500E-01, 0.1186750E+00,   66.2421
 0.5050000E-01, 0.2525000E-02,   69.5397
 0.5050000E-01, 0.5050000E-02,   69.8370
 0.5050000E-01, 0.7575000E-02,   70.7833
 0.5050000E-01, 0.1010000E-01,   72.2815
 0.5050000E-01, 0.1262500E-01,   73.5600
 0.5050000E-01, 0.1515000E-01,   73.5576
 0.5050000E-01, 0.1767500E-01,   72.2698
 0.5050000E-01, 0.2020000E-01,   70.7383
 0.5050000E-01, 0.2272500E-01,   69.6706
 0.5050000E-01, 0.2525000E-01,   68.8980
 0.5050000E-01, 0.2777500E-01,   67.2638
 0.5050000E-01, 0.3030000E-01,   67.2638
 0.5050000E-01, 0.3282500E-01,   68.8980
 0.5050000E-01, 0.3535000E-01,   69.6706
 0.5050000E-01, 0.3787500E-01,   70.7383
 0.5050000E-01, 0.4040000E-01,   72.2695
 0.5050000E-01, 0.4292500E-01,   73.5567
 0.5050000E-01, 0.4545000E-01,   73.5567
 0.5050000E-01, 0.4797500E-01,   72.2695
 0.5050000E-01, 0.5050000E-01,   70.7383
 0.5050000E-01, 0.5302500E-01,   69.6706
 0.5050000E-01, 0.5555000E-01,   68.8980
 0.5050000E-01, 0.5807500E-01,   67.2638
 0.5050000E-01, 0.6060000E-01,   67.2638
 0.5050000E-01, 0.6312500E-01,   68.8980
 0.5050000E-01, 0.6565000E-01,   69.6706
 0.5050000E-01, 0.6817500E-01,   70.7383
 0.5050000E-01, 0.7070000E-01,   72.2695
 0.5050000E-01, 0.7322500E-01,   73.5567
 0.5050000E-01, 0.7575000E-01,   73.5567
 0.5050000E-01, 0.7827500E-01,   72.2695
 0.5050000E-01, 0.8080000E-01,   70.7383
 0.5050000E-01, 0.8332500E-01,   69.6706
 0.5050000E-01, 0.8585000E-01,   68.8980
 0.5050000E-01, 0.8837500E-01,   67.2638
 0.5050000E-01, 0.9090000E-01,   67.2638
 0.5050000E-01, 0.9342500E-01,   68.8980
 0.5050000E-01, 0.9595000E-01,   69.6705
 0.5050000E-01, 0.9847500E-01,   70.7382
 0.5050000E-01, 0.1010000E+00,   72.2695
 0.5050000E-01, 0.1035250E+00,   73.5565
 0.5050000E-01, 0.1060500E+00,   73.5559
 0.5050000E-01, 0.1085750E+00,   72.2663
 0.5050000E-01, 0.1111000E+00,   70.7263
 0.5050000E-01, 0.1136250E+00,   69.6256
 0.5050000E-01, 0.1161500E+00,   68.7315
 0.5050000E-01, 0.1186750E+00,   66.6221
 0.5302500E-01, 0.2525000E-02,   69.7720
 0.5302500E-01, 0.5050000E-02,   69.8947
 0.5302500E-01, 0.7575000E-02,   70.1295
 0.5302500E-01, 0.1010000E-01,   70.4317
 0.5302500E-01, 0.1262500E-01,   70.6485
 0.5302500E-01, 0.1515000E-01,   70.6463
 0.5302500E-01, 0.1767500E-01,   70.4206
 0.5302500E-01, 0.2020000E-01,   70.0869
 0.5302500E-01, 0.2272500E-01,   69.7382
 0.5302500E-01, 0.2525000E-01,   69.1526
 0.5302500E-01, 0.2777500E-01,   67.5698
 0.5302500E-01, 0.3030000E-01,   67.5698
 0.5302500E-01, 0.3282500E-01,   69.1525
 0.5302500E-01, 0.3535000E-01,   69.7382
 0.5302500E-01, 0.3787500E-01,   70.0869
 0.5302500E-01, 0.4040000E-01,   70.4203
 0.5302500E-01, 0.4292500E-01,   70.6454
 0.5302500E-01, 0.4545000E-01,   70.6454
 0.5302500E-01, 0.4797500E-01,   70.4203
 0.5302500E-01, 0.5050000E-01,   70.0869
 0.5302500E-01, 0.5302500E-01,   69.7382
 0.5302500E-01, 0.5555000E-01,   69.1525
 0.5302500E-01, 0.5807500E-01,   67.5698
 0.5302500E-01, 0.6060000E-01,   67.5698
 0.5302500E-01, 0.6312500E-01,   69.1525
 0.5302500E-01, 0.6565000E-01,   69.7382
 0.5302500E-01, 0.6817500E-01,   70.0869
 0.5302500E-01, 0.7070000E-01,   70.4203
 0.5302500E-01, 0.7322500E-01,   70.6454
 0.5302500E-01, 0.7575000E-01,   70.6454
 0.5302500E-01, 0.7827500E-01,   70.4203
 0.5302500E-01, 0.8080000E-01,   70.0869
 0.5302500E-01, 0.8332500E-01,   69.7382
 0.5302500E-01, 0.8585000E-01,   69.1525
 0.5302500E-01, 0.8837500E-01,   67.5698
 0.5302500E-01, 0.9090000E-01,   67.5698
 0.5302500E-01, 0.9342500E-01,   69.1525
 0.5302500E-01, 0.9595000E-01,   69.7382
 0.5302500E-01, 0.9847500E-01,   70.0868
 0.5302500E-01, 0.1010000E+00,   70.4203
 0.5302500E-01, 0.1035250E+00,   70.6452
 0.5302500E-01, 0.1060500E+00,   70.6446
 0.5302500E-01, 0.1085750E+00,   70.4172
 0.5302500E-01, 0.1111000E+00,   70.0755
 0.5302500E-01, 0.1136250E+00,   69.6956
 0.5302500E-01, 0.1161500E+00,   68.9960
 0.5302500E-01, 0.1186750E+00,   66.9503
 0.5555000E-01, 0.2525000E-02,   69.6763
 0.5555000E-01, 0.5050000E-02,   69.7115
 0.5555000E-01, 0.7575000E-02,   69.7701
 0.5555000E-01, 0.1010000E-01,   69.8359
 0.5555000E-01, 0.1262500E-01,   69.8806
 0.5555000E-01, 0.1515000E-01,   69.8784
 0.5555000E-01, 0.1767500E-01,   69.8254
 0.5555000E-01, 0.2020000E-01,   69.7306
 0.5555000E-01, 0.2272500E-01,   69.5689
 0.5555000E-01, 0.2525000E-01,   69.1369
 0.5555000E-01, 0.2777500E-01,   67.6417
 0.5555000E-01, 0.3030000E-01,   67.6417
 0.5555000E-01, 0.3282500E-01,   69.1369
 0.5555000E-01, 0.3535000E-01,   69.5689
 0.5555000E-01, 0.3787500E-01,   69.7306
 0.5555000E-01, 0.4040000E-01,   69.8251
 0.5555000E-01, 0.4292500E-01,   69.8776
 0.5555000E-01, 0.4545000E-01,   69.8776
 0.5555000E-01, 0.4797500E-01,   69.8251
 0.5555000E-01, 0.5050000E-01,   69.7306
 0.5555000E-01, 0.5302500E-01,   69.5689
 0.5555000E-01, 0.5555000E-01,   69.1369
 0.5555000E-01, 0.5807500E-01,   67.6417
 0.5555000E-01, 0.6060000E-01,   67.6417
 0.5555000E-01, 0.6312500E-01,   69.1369
 0.5555000E-01, 0.6565000E-01,   69.5689
 0.5555000E-01, 0.6817500E-01,   69.7306
 0.5555000E-01, 0.7070000E-01,   69.8251
 0.5555000E-01, 0.7322500E-01,   69.8776
 0.5555000E-01, 0.7575000E-01,   69.8776
 0.5555000E-01, 0.7827500E-01,   69.8251
 0.5555000E-01, 0.8080000E-01,   69.7306
 0.5555000E-01, 0.8332500E-01,   69.5689
 0.5555000E-01, 0.8585000E-01,   69.1369
 0.5555000E-01, 0.8837500E-01,   67.6417
 0.5555000E-01, 0.9090000E-01,   67.6417
 0.5555000E-01, 0.9342500E-01,   69.1369
 0.5555000E-01, 0.9595000E-01,   69.5689
 0.5555000E-01, 0.9847500E-01,   69.7306
 0.5555000E-01, 0.1010000E+00,   69.8251
 0.5555000E-01, 0.1035250E+00,   69.8774
 0.5555000E-01, 0.1060500E+00,   69.8768
 0.5555000E-01, 0.1085750E+00,   69.8222
 0.5555000E-01, 0.1111000E+00,   69.7199
 0.5555000E-01, 0.1136250E+00,   69.5294
 0.5555000E-01, 0.1161500E+00,   68.9943
 0.5555000E-01, 0.1186750E+00,   67.1023
 0.5807500E-01, 0.2525000E-02,   68.5219
 0.5807500E-01, 0.5050000E-02,   68.5333
 0.5807500E-01, 0.7575000E-02,   68.5500
 0.5807500E-01, 0.1010000E-01,   68.5672
 0.5807500E-01, 0.1262500E-01,   68.5777
 0.5807500E-01, 0.1515000E-01,   68.5757
 0.5807500E-01, 0.1767500E-01,   68.5571
 0.5807500E-01, 0.2020000E-01,   68.5128
 0.5807500E-01, 0.2272500E-01,   68.4024
 0.5807500E-01, 0.2525000E-01,   68.0580
 0.5807500E-01, 0.2777500E-01,   67.1865
 0.5807500E-01, 0.3030000E-01,   67.1865
 0.5807500E-01, 0.3282500E-01,   68.0580
 0.5807500E-01, 0.3535000E-01,   68.4024
 0.5807500E-01, 0.3787500E-01,   68.5128
 0.5807500E-01, 0.4040000E-01,   68.5569
 0.5807500E-01, 0.4292500E-01,   68.5749
 0.5807500E-01, 0.4545000E-01,   68.5749
 0.5807500E-01, 0.4797500E-01,   68.5569
 0.5807500E-01, 0.5050000E-01,   68.5128
 0.5807500E-01, 0.5302500E-01,   68.4024
 0.5807500E-01, 0.5555000E-01,   68.0580
 0.5807500E-01, 0.5807500E-01,   67.1865
 0.5807500E-01, 0.6060000E-01,   67.1865
 0.5807500E-01, 0.6312500E-01,   68.0580
 0.5807500E-01, 0.6565000E-01,   68.4024
 0.5807500E-01, 0.6817500E-01,   68.5128
 0.5807500E-01, 0.7070000E-01,   68.5569
 0.5807500E-01, 0.7322500E-01,   68.5749
 0.5807500E-01, 0.7575000E-01,   68.5749
 0.5807500E-01, 0.7827500E-01,   68.5569
 0.5807500E-01, 0.8080000E-01,   68.5128
 0.5807500E-01, 0.8332500E-01,   68.4024
 0.5807500E-01, 0.8585000E-01,   68.0580
 0.5807500E-01, 0.8837500E-01,   67.1865
 0.5807500E-01, 0.9090000E-01,   67.1865
 0.5807500E-01, 0.9342500E-01,   68.0580
 0.5807500E-01, 0.9595000E-01,   68.4024
 0.5807500E-01, 0.9847500E-01,   68.5127
 0.5807500E-01, 0.1010000E+00,   68.5568
 0.5807500E-01, 0.1035250E+00,   68.5747
 0.5807500E-01, 0.1060500E+00,   68.5741
 0.5807500E-01, 0.1085750E+00,   68.5540
 0.5807500E-01, 0.1111000E+00,   68.5024
 0.5807500E-01, 0.1136250E+00,   68.3651
 0.5807500E-01, 0.1161500E+00,   67.9270
 0.5807500E-01, 0.1186750E+00,   66.7226
 0.6060000E-01, 0.2525000E-02,   68.9382
 0.6060000E-01, 0.5050000E-02,   68.9496
 0.6060000E-01, 0.7575000E-02,   68.9663
 0.6060000E-01, 0.1010000E-01,   68.9835
 0.6060000E-01, 0.1262500E-01,   68.9940
 0.6060000E-01, 0.1515000E-01,   68.9920
 0.6060000E-01, 0.1767500E-01,   68.9734
 0.6060000E-01, 0.2020000E-01,   68.9291
 0.6060000E-01, 0.2272500E-01,   68.8187
 0.6060000E-01, 0.2525000E-01,   68.4743
 0.6060000E-01, 0.2777500E-01,   67.6028
 0.6060000E-01, 0.3030000E-01,   67.6028
 0.6060000E-01, 0.3282500E-01,   68.4743
 0.6060000E-01, 0.3535000E-01,   68.8187
 0.6060000E-01, 0.3787500E-01,   68.9291
 0.6060000E-01, 0.4040000E-01,   68.9732
 0.6060000E-01, 0.4292500E-01,   68.9912
 0.6060000E-01, 0.4545000E-01,   68.9912
 0.6060000E-01, 0.4797500E-01,   68.9732
 0.6060000E-01, 0.5050000E-01,   68.9291
 0.6060000E-01, 0.5302500E-01,   68.8187
 0.6060000E-01, 0.5555000E-01,   68.4743
 0.6060000E-01, 0.5807500E-01,   67.6028
 0.6060000E-01, 0.6060000E-01,   67.6028
 0.6060000E-01, 0.6312500E-01,   68.4743
 0.6060000E-01, 0.6565000E-01,   68.8187
 0.6060000E-01, 0.6817500E-01,   68.9291
 0.6060000E-01, 0.7070000E-01,   68.9732
 0.6060000E-01, 0.7322500E-01,   68.9912
 0.6060000E-01, 0.7575000E-01,   68.9912
 0.6060000E-01, 0.7827500E-01,   68.9732
 0.6060000E-01, 0.8080000E-01,   68.9291
 0.6060000E-01, 0.8332500E-01,   68.8187
 0.6060000E-01, 0.8585000E-01,   68.4743
 0.6060000E-01, 0.8837500E-01,   67.6028
 0.6060000E-01, 0.9090000E-01,   67.6028
 0.6060000E-01, 0.9342500E-01,   68.4743
 0.6060000E-01, 0.9595000E-01,   68.8187
 0.6060000E-01, 0.9847500E-01,   68.9290
 0.6060000E-01, 0.1010000E+00,   68.9731
 0.6060000E-01, 0.1035250E+00,   68.9910
 0.6060000E-01, 0.1060500E+00,   68.9904
 0.6060000E-01, 0.1085750E+00,   68.9703
 0.6060000E-01, 0.1111000E+00,   68.9188
 0.6060000E-01, 0.1136250E+00,   68.7814
 0.6060000E-01, 0.1161500E+00,   68.3433
 0.6060000E-01, 0.1186750E+00,   67.1389
 0.6312500E-01, 0.2525000E-02,   70.9252
 0.6312500E-01, 0.5050000E-02,   70.9604
 0.6312500E-01, 0.7575000E-02,   71.0190
 0.6312500E-01, 0.1010000E-01,   71.0848
 0.6312500E-01, 0.1262500E-01,   71.1295
 0.6312500E-01, 0.1515000E-01,   71.1274
 0.6312500E-01, 0.1767500E-01,   71.0743
 0.6312500E-01, 0.2020000E-01,   70.9796
 0.6312500E-01, 0.2272500E-01,   70.8178
 0.6312500E-01, 0.2525000E-01,   70.3858
 0.6312500E-01, 0.2777500E-01,   68.8906
 0.6312500E-01, 0.3030000E-01,   68.8906
 0.6312500E-01, 0.3282500E-01,   70.3858
 0.6312500E-01, 0.3535000E-01,   70.8178
 0.6312500E-01, 0.3787500E-01,   70.9795
 0.6312500E-01, 0.4040000E-01,   71.0741
 0.6312500E-01, 0.4292500E-01,   71.1266
 0.6312500E-01, 0.4545000E-01,   71.1266
 0.6312500E-01, 0.4797500E-01,   71.0741
 0.6312500E-01, 0.5050000E-01,   70.9795
 0.6312500E-01, 0.5302500E-01,   70.8178
 0.6312500E-01, 0.5555000E-01,   70.3858
 0.6312500E-01, 0.5807500E-01,   68.8906
 0.6312500E-01, 0.6060000E-01,   68.8906
 0.6312500E-01, 0.6312500E-01,   70.3858
 0.6312500E-01, 0.6565000E-01,   70.8178
 0.6312500E-01, 0.6817500E-01,   70.9795
 0.6312500E-01, 0.7070000E-01,   71.0741
 0.6312500E-01, 0.7322500E-01,   71.1266
 0.6312500E-01, 0.7575000E-01,   71.1266
 0.6312500E-01, 0.7827500E-01,   71.0741
 0.6312500E-01, 0.8080000E-01,   70.9795
 0.6312500E-01, 0.8332500E-01,   70.8178
 0.6312500E-01, 0.8585000E-01,   70.3858
 0.6312500E-01, 0.8837500E-01,   68.8906
 0.6312500E-01, 0.9090000E-01,   68.8906
 0.6312500E-01, 0.9342500E-01,   70.3858
 0.6312500E-01, 0.9595000E-01,   70.8178
 0.6312500E-01, 0.9847500E-01,   70.9795
 0.6312500E-01, 0.1010000E+00,   71.0740
 0.6312500E-01, 0.1035250E+00,   71.1263
 0.6312500E-01, 0.1060500E+00,   71.1258
 0.6312500E-01, 0.1085750E+00,   71.0711
 0.6312500E-01, 0.1111000E+00,   70.9688
 0.6312500E-01, 0.1136250E+00,   70.7783
 0.6312500E-01, 0.1161500E+00,   70.2432
 0.6312500E-01, 0.1186750E+00,   68.3512
 0.6565000E-01, 0.2525000E-02,   71.8536
 0.6565000E-01, 0.5050000E-02,   71.9763
 0.6565000E-01, 0.7575000E-02,   72.2110
 0.6565000E-01, 0.1010000E-01,   72.5132
 0.6565000E-01, 0.1262500E-01,   72.7301
 0.6565000E-01, 0.1515000E-01,   72.7278
 0.6565000E-01, 0.1767500E-01,   72.5021
 0.6565000E-01, 0.2020000E-01,   72.1685
 0.6565000E-01, 0.2272500E-01,   71.8198
 0.6565000E-01, 0.2525000E-01,   71.2341
 0.6565000E-01, 0.2777500E-01,   69.6513
 0.6565000E-01, 0.3030000E-01,   69.6513
 0.6565000E-01, 0.3282500E-01,   71.2341
 0.6565000E-01, 0.3535000E-01,   71.8198
 0.6565000E-01, 0.3787500E-01,   72.1684
 0.6565000E-01, 0.4040000E-01,   72.5019
 0.6565000E-01, 0.4292500E-01,   72.7270
 0.6565000E-01, 0.4545000E-01,   72.7270
 0.6565000E-01, 0.4797500E-01,   72.5019
 0.6565000E-01, 0.5050000E-01,   72.1684
 0.6565000E-01, 0.5302500E-01,   71.8198
 0.6565000E-01, 0.5555000E-01,   71.2341
 0.6565000E-01, 0.5807500E-01,   69.6513
 0.6565000E-01, 0.6060000E-01,   69.6513
 0.6565000E-01, 0.6312500E-01,   71.2341
 0.6565000E-01, 0.6565000E-01,   71.8198
 0.6565000E-01, 0.6817500E-01,   72.1684
 0.6565000E-01, 0.7070000E-01,   72.5019
 0.6565000E-01, 0.7322500E-01,   72.7270
 0.6565000E-01, 0.7575000E-01,   72.7270
 0.6565000E-01, 0.7827500E-01,   72.5019
 0.6565000E-01, 0.8080000E-01,   72.1684
 0.6565000E-01, 0.8332500E-01,   71.8198
 0.6565000E-01, 0.8585000E-01,   71.2341
 0.6565000E-01, 0.8837500E-01,   69.6513
 0.6565000E-01, 0.9090000E-01,   69.6513
 0.6565000E-01, 0.9342500E-01,   71.2341
 0.6565000E-01, 0.9595000E-01,   71.8197
 0.6565000E-01, 0.9847500E-01,   72.1684
 0.6565000E-01, 0.1010000E+00,   72.5018
 0.6565000E-01, 0.1035250E+00,   72.7267
 0.6565000E-01, 0.1060500E+00,   72.7261
 0.6565000E-01, 0.1085750E+00,   72.4988
 0.6565000E-01, 0.1111000E+00,   72.1570
 0.6565000E-01, 0.1136250E+00,   71.7771
 0.6565000E-01, 0.1161500E+00,   71.0776
 0.6565000E-01, 0.1186750E+00,   69.0318
 0.6817500E-01, 0.2525000E-02,   72.4539
 0.6817500E-01, 0.5050000E-02,   72.7512
 0.6817500E-01, 0.7575000E-02,   73.6974
 0.6817500E-01, 0.1010000E-01,   75.1957
 0.6817500E-01, 0.1262500E-01,   76.4741
 0.6817500E-01, 0.1515000E-01,   76.4718
 0.6817500E-01, 0.1767500E-01,   75.1839
 0.6817500E-01, 0.2020000E-01,   73.6525
 0.6817500E-01, 0.2272500E-01,   72.5847
 0.6817500E-01, 0.2525000E-01,   71.8121
 0.6817500E-01, 0.2777500E-01,   70.1780
 0.6817500E-01, 0.3030000E-01,   70.1780
 0.6817500E-01, 0.3282500E-01,   71.8121
 0.6817500E-01, 0.3535000E-01,   72.5847
 0.6817500E-01, 0.3787500E-01,   73.6524
 0.6817500E-01, 0.4040000E-01,   75.1837
 0.6817500E-01, 0.4292500E-01,   76.4709
 0.6817500E-01, 0.4545000E-01,   76.4709
 0.6817500E-01, 0.4797500E-01,   75.1837
 0.6817500E-01, 0.5050000E-01,   73.6524
 0.6817500E-01, 0.5302500E-01,   72.5847
 0.6817500E-01, 0.5555000E-01,   71.8121
 0.6817500E-01, 0.5807500E-01,   70.1780
 0.6817500E-01, 0.6060000E-01,   70.1780
 0.6817500E-01, 0.6312500E-01,   71.8121
 0.6817500E-01, 0.6565000E-01,   72.5847
 0.6817500E-01, 0.6817500E-01,   73.6524
 0.6817500E-01, 0.7070000E-01,   75.1837
 0.6817500E-01, 0.7322500E-01,   76.4709
 0.6817500E-01, 0.7575000E-01,   76.4709
 0.6817500E-01, 0.7827500E-01,   75.1837
 0.6817500E-01, 0.8080000E-01,   73.6524
 0.6817500E-01, 0.8332500E-01,   72.5847
 0.6817500E-01, 0.8585000E-01,   71.8121
 0.6817500E-01, 0.8837500E-01,   70.1780
 0.6817500E-01, 0.9090000E-01,   70.1780
 0.6817500E-01, 0.9342500E-01,   71.8121
 0.6817500E-01, 0.9595000E-01,   72.5847
 0.6817500E-01, 0.9847500E-01,   73.6524
 0.6817500E-01, 0.1010000E+00,   75.1836
 0.6817500E-01, 0.1035250E+00,   76.4707
 0.6817500E-01, 0.1060500E+00,   76.4700
 0.6817500E-01, 0.1085750E+00,   75.1805
 0.6817500E-01, 0.1111000E+00,   73.6404
 0.6817500E-01, 0.1136250E+00,   72.5397
 0.6817500E-01, 0.1161500E+00,   71.6456
 0.6817500E-01, 0.1186750E+00,   69.5362
 0.7070000E-01, 0.2525000E-02,   72.9725
 0.7070000E-01, 0.5050000E-02,   73.5044
 0.7070000E-01, 0.7575000E-02,   75.6463
 0.7070000E-01, 0.1010000E-01,   83.1023
 0.7070000E-01, 0.1262500E-01,   90.1506
 0.7070000E-01, 0.1515000E-01,   90.1482
 0.7070000E-01, 0.1767500E-01,   83.0902
 0.7070000E-01, 0.2020000E-01,   75.6001
 0.7070000E-01, 0.2272500E-01,   73.3345
 0.7070000E-01, 0.2525000E-01,   72.3230
 0.7070000E-01, 0.2777500E-01,   70.6384
 0.7070000E-01, 0.3030000E-01,   70.6384
 0.7070000E-01, 0.3282500E-01,   72.3230
 0.7070000E-01, 0.3535000E-01,   73.3345
 0.7070000E-01, 0.3787500E-01,   75.6000
 0.7070000E-01, 0.4040000E-01,   83.0899
 0.7070000E-01, 0.4292500E-01,   90.1473
 0.7070000E-01, 0.4545000E-01,   90.1473
 0.7070000E-01, 0.4797500E-01,   83.0899
 0.7070000E-01, 0.5050000E-01,   75.6000
 0.7070000E-01, 0.5302500E-01,   73.3345
 0.7070000E-01, 0.5555000E-01,   72.3230
 0.7070000E-01, 0.5807500E-01,   70.6384
 0.7070000E-01, 0.6060000E-01,   70.6384
 0.7070000E-01, 0.6312500E-01,   72.3230
 0.7070000E-01, 0.6565000E-01,   73.3345
 0.7070000E-01, 0.6817500E-01,   75.6000
 0.7070000E-01, 0.7070000E-01,   83.0899
 0.7070000E-01, 0.7322500E-01,   90.1473
 0.7070000E-01, 0.7575000E-01,   90.1473
 0.7070000E-01, 0.7827500E-01,   83.0899
 0.7070000E-01, 0.8080000E-01,   75.6000
 0.7070000E-01, 0.8332500E-01,   73.3345
 0.7070000E-01, 0.8585000E-01,   72.3230
 0.7070000E-01, 0.8837500E-01,   70.6384
 0.7070000E-01, 0.9090000E-01,   70.6384
 0.7070000E-01, 0.9342500E-01,   72.3230
 0.7070000E-01, 0.9595000E-01,   73.3345
 0.7070000E-01, 0.9847500E-01,   75.6000
 0.7070000E-01, 0.1010000E+00,   83.0899
 0.7070000E-01, 0.1035250E+00,   90.1470
 0.7070000E-01, 0.1060500E+00,   90.1464
 0.7070000E-01, 0.1085750E+00,   83.0866
 0.7070000E-01, 0.1111000E+00,   75.5877
 0.7070000E-01, 0.1136250E+00,   73.2881
 0.7070000E-01, 0.1161500E+00,   72.1531
 0.7070000E-01, 0.1186750E+00,   69.9889
 0.7322500E-01, 0.2525000E-02,   73.4442
 0.7322500E-01, 0.5050000E-02,   74.1469
 0.7322500E-01, 0.7575000E-02,   77.3503
 0.7322500E-01, 0.1010000E-01,   90.5761
 0.7322500E-01, 0.1262500E-01,  103.2564
 0.7322500E-01, 0.1515000E-01,  103.2539
 0.7322500E-01, 0.1767500E-01,   90.5638
 0.7322500E-01, 0.2020000E-01,   77.3036
 0.7322500E-01, 0.2272500E-01,   73.9759
 0.7322500E-01, 0.2525000E-01,   72.7918
 0.7322500E-01, 0.2777500E-01,   71.0727
 0.7322500E-01, 0.3030000E-01,   71.0727
 0.7322500E-01, 0.3282500E-01,   72.7918
 0.7322500E-01, 0.3535000E-01,   73.9759
 0.7322500E-01, 0.3787500E-01,   77.3035
 0.7322500E-01, 0.4040000E-01,   90.5636
 0.7322500E-01, 0.4292500E-01,  103.2530
 0.7322500E-01, 0.4545000E-01,  103.2530
 0.7322500E-01, 0.4797500E-01,   90.5636
 0.7322500E-01, 0.5050000E-01,   77.3035
 0.7322500E-01, 0.5302500E-01,   73.9759
 0.7322500E-01, 0.5555000E-01,   72.7918
 0.7322500E-01, 0.5807500E-01,   71.0727
 0.7322500E-01, 0.6060000E-01,   71.0727
 0.7322500E-01, 0.6312500E-01,   72.7918
 0.7322500E-01, 0.6565000E-01,   73.9759
 0.7322500E-01, 0.6817500E-01,   77.3035
 0.7322500E-01, 0.7070000E-01,   90.5636
 0.7322500E-01, 0.7322500E-01,  103.2530
 0.7322500E-01, 0.7575000E-01,  103.2530
 0.7322500E-01, 0.7827500E-01,   90.5636
 0.7322500E-01, 0.8080000E-01,   77.3035
 0.7322500E-01, 0.8332500E-01,   73.9759
 0.7322500E-01, 0.8585000E-01,   72.7918
 0.7322500E-01, 0.8837500E-01,   71.0727
 0.7322500E-01, 0.9090000E-01,   71.0727
 0.7322500E-01, 0.9342500E-01,   72.7918
 0.7322500E-01, 0.9595000E-01,   73.9759
 0.7322500E-01, 0.9847500E-01,   77.3035
 0.7322500E-01, 0.1010000E+00,   90.5635
 0.7322500E-01, 0.1035250E+00,  103.2527
 0.7322500E-01, 0.1060500E+00,  103.2521
 0.7322500E-01, 0.1085750E+00,   90.5602
 0.7322500E-01, 0.1111000E+00,   77.2910
 0.7322500E-01, 0.1136250E+00,   73.9291
 0.7322500E-01, 0.1161500E+00,   72.6207
 0.7322500E-01, 0.1186750E+00,   70.4203
 0.7575000E-01, 0.2525000E-02,   73.8605
 0.7575000E-01, 0.5050000E-02,   74.5632
 0.7575000E-01, 0.7575000E-02,   77.7666
 0.7575000E-01, 0.1010000E-01,   90.9924
 0.7575000E-01, 0.1262500E-01,  103.6727
 0.7575000E-01, 0.1515000E-01,  103.6702
 0.7575000E-01, 0.1767500E-01,   90.9801
 0.7575000E-01, 0.2020000E-01,   77.7199
 0.7575000E-01, 0.2272500E-01,   74.3922
 0.7575000E-01, 0.2525000E-01,   73.2081
 0.7575000E-01, 0.2777500E-01,   71.4890
 0.7575000E-01, 0.3030000E-01,   71.4890
 0.7575000E-01, 0.3282500E-01,   73.2081
 0.7575000E-01, 0.3535000E-01,   74.3922
 0.7575000E-01, 0.3787500E-01,   77.7198
 0.7575000E-01, 0.4040000E-01,   90.9799
 0.7575000E-01, 0.4292500E-01,  103.6693
 0.7575000E-01, 0.4545000E-01,  103.6693
 0.7575000E-01, 0.4797500E-01,   90.9799
 0.7575000E-01, 0.5050000E-01,   77.7198
 0.7575000E-01, 0.5302500E-01,   74.3922
 0.7575000E-01, 0.5555000E-01,   73.2081
 0.7575000E-01, 0.5807500E-01,   71.4890
 0.7575000E-01, 0.6060000E-01,   71.4890
 0.7575000E-01, 0.6312500E-01,   73.2081
 0.7575000E-01, 0.6565000E-01,   74.3922
 0.7575000E-01, 0.6817500E-01,   77.7198
 0.7575000E-01, 0.7070000E-01,   90.9799
 0.7575000E-01, 0.7322500E-01,  103.6693
 0.7575000E-01, 0.7575000E-01,  103.6693
 0.7575000E-01, 0.7827500E-01,   90.9799
 0.7575000E-01, 0.8080000E-01,   77.7198
 0.7575000E-01, 0.8332500E-01,   74.3922
 0.7575000E-01, 0.8585000E-01,   73.2081
 0.7575000E-01, 0.8837500E-01,   71.4890
 0.7575000E-01, 0.9090000E-01,   71.4890
 0.7575000E-01, 0.9342500E-01,   73.2081
 0.7575000E-01, 0.9595000E-01,   74.3922
 0.7575000E-01, 0.9847500E-01,   77.7198
 0.7575000E-01, 0.1010000E+00,   90.9798
 0.7575000E-01, 0.1035250E+00,  103.6690
 0.7575000E-01, 0.1060500E+00,  103.6684
 0.7575000E-01, 0.1085750E+00,   90.9765
 0.7575000E-01, 0.1111000E+00,   77.7073
 0.7575000E-01, 0.1136250E+00,   74.3454
 0.7575000E-01, 0.1161500E+00,   73.0370
 0.7575000E-01, 0.1186750E+00,   70.8366
 0.7827500E-01, 0.2525000E-02,   74.2215
 0.7827500E-01, 0.5050000E-02,   74.7533
 0.7827500E-01, 0.7575000E-02,   76.8953
 0.7827500E-01, 0.1010000E-01,   84.3512
 0.7827500E-01, 0.1262500E-01,   91.3995
 0.7827500E-01, 0.1515000E-01,   91.3971
 0.7827500E-01, 0.1767500E-01,   84.3391
 0.7827500E-01, 0.2020000E-01,   76.8490
 0.7827500E-01, 0.2272500E-01,   74.5834
 0.7827500E-01, 0.2525000E-01,   73.5719
 0.7827500E-01, 0.2777500E-01,   71.8873
 0.7827500E-01, 0.3030000E-01,   71.8873
 0.7827500E-01, 0.3282500E-01,   73.5719
 0.7827500E-01, 0.3535000E-01,   74.5834
 0.7827500E-01, 0.3787500E-01,   76.8489
 0.7827500E-01, 0.4040000E-01,   84.3389
 0.7827500E-01, 0.4292500E-01,   91.3962
 0.7827500E-01, 0.4545000E-01,   91.3962
 0.7827500E-01, 0.4797500E-01,   84.3389
 0.7827500E-01, 0.5050000E-01,   76.8489
 0.7827500E-01, 0.5302500E-01,   74.5834
 0.7827500E-01, 0.5555000E-01,   73.5719
 0.7827500E-01, 0.5807500E-01,   71.8873
 0.7827500E-01, 0.6060000E-01,   71.8873
 0.7827500E-01, 0.6312500E-01,   73.5719
 0.7827500E-01, 0.6565000E-01,   74.5834
 0.7827500E-01, 0.6817500E-01,   76.8489
 0.7827500E-01, 0.7070000E-01,   84.3389
 0.7827500E-01, 0.7322500E-01,   91.3962
 0.7827500E-01, 0.7575000E-01,   91.3962
 0.7827500E-01, 0.7827500E-01,   84.3389
 0.7827500E-01, 0.8080000E-01,   76.8489
 0.7827500E-01, 0.8332500E-01,   74.5834
 0.7827500E-01, 0.8585000E-01,   73.5719
 0.7827500E-01, 0.8837500E-01,   71.8873
 0.7827500E-01, 0.9090000E-01,   71.8873
 0.7827500E-01, 0.9342500E-01,   73.5719
 0.7827500E-01, 0.9595000E-01,   74.5834
 0.7827500E-01, 0.9847500E-01,   76.8489
 0.7827500E-01, 0.1010000E+00,   84.3388
 0.7827500E-01, 0.1035250E+00,   91.3959
 0.7827500E-01, 0.1060500E+00,   91.3953
 0.7827500E-01, 0.1085750E+00,   84.3355
 0.7827500E-01, 0.1111000E+00,   76.8366
 0.7827500E-01, 0.1136250E+00,   74.5371
 0.7827500E-01, 0.1161500E+00,   73.4020
 0.7827500E-01, 0.1186750E+00,   71.2378
 0.8080000E-01, 0.2525000E-02,   74.5354
 0.8080000E-01, 0.5050000E-02,   74.8327
 0.8080000E-01, 0.7575000E-02,   75.7789
 0.8080000E-01, 0.1010000E-01,   77.2772
 0.8080000E-01, 0.1262500E-01,   78.5557
 0.8080000E-01, 0.1515000E-01,   78.5533
 0.8080000E-01, 0.1767500E-01,   77.2655
 0.8080000E-01, 0.2020000E-01,   75.7340
 0.8080000E-01, 0.2272500E-01,   74.6663
 0.8080000E-01, 0.2525000E-01,   73.8937
 0.8080000E-01, 0.2777500E-01,   72.2595
 0.8080000E-01, 0.3030000E-01,   72.2595
 0.8080000E-01, 0.3282500E-01,   73.8937
 0.8080000E-01, 0.3535000E-01,   74.6662
 0.8080000E-01, 0.3787500E-01,   75.7340
 0.8080000E-01, 0.4040000E-01,   77.2652
 0.8080000E-01, 0.4292500E-01,   78.5524
 0.8080000E-01, 0.4545000E-01,   78.5524
 0.8080000E-01, 0.4797500E-01,   77.2652
 0.8080000E-01, 0.5050000E-01,   75.7340
 0.8080000E-01, 0.5302500E-01,   74.6662
 0.8080000E-01, 0.5555000E-01,   73.8937
 0.8080000E-01, 0.5807500E-01,   72.2595
 0.8080000E-01, 0.6060000E-01,   72.2595
 0.8080000E-01, 0.6312500E-01,   73.8937
 0.8080000E-01, 0.6565000E-01,   74.6662
 0.8080000E-01, 0.6817500E-01,   75.7340
 0.8080000E-01, 0.7070000E-01,   77.2652
 0.8080000E-01, 0.7322500E-01,   78.5524
 0.8080000E-01, 0.7575000E-01,   78.5524
 0.8080000E-01, 0.7827500E-01,   77.2652
 0.8080000E-01, 0.8080000E-01,   75.7340
 0.8080000E-01, 0.8332500E-01,   74.6662
 0.8080000E-01, 0.8585000E-01,   73.8937
 0.8080000E-01, 0.8837500E-01,   72.2595
 0.8080000E-01, 0.9090000E-01,   72.2595
 0.8080000E-01, 0.9342500E-01,   73.8937
 0.8080000E-01, 0.9595000E-01,   74.6662
 0.8080000E-01, 0.9847500E-01,   75.7339
 0.8080000E-01, 0.1010000E+00,   77.2652
 0.8080000E-01, 0.1035250E+00,   78.5522
 0.8080000E-01, 0.1060500E+00,   78.5516
 0.8080000E-01, 0.1085750E+00,   77.2620
 0.8080000E-01, 0.1111000E+00,   75.7220
 0.8080000E-01, 0.1136250E+00,   74.6213
 0.8080000E-01, 0.1161500E+00,   73.7272
 0.8080000E-01, 0.1186750E+00,   71.6177
 0.8332500E-01, 0.2525000E-02,   74.7677
 0.8332500E-01, 0.5050000E-02,   74.8904
 0.8332500E-01, 0.7575000E-02,   75.1252
 0.8332500E-01, 0.1010000E-01,   75.4274
 0.8332500E-01, 0.1262500E-01,   75.6442
 0.8332500E-01, 0.1515000E-01,   75.6419
 0.8332500E-01, 0.1767500E-01,   75.4163
 0.8332500E-01, 0.2020000E-01,   75.0826
 0.8332500E-01, 0.2272500E-01,   74.7339
 0.8332500E-01, 0.2525000E-01,   74.1482
 0.8332500E-01, 0.2777500E-01,   72.5654
 0.8332500E-01, 0.3030000E-01,   72.5654
 0.8332500E-01, 0.3282500E-01,   74.1482
 0.8332500E-01, 0.3535000E-01,   74.7339
 0.8332500E-01, 0.3787500E-01,   75.0825
 0.8332500E-01, 0.4040000E-01,   75.4160
 0.8332500E-01, 0.4292500E-01,   75.6411
 0.8332500E-01, 0.4545000E-01,   75.6411
 0.8332500E-01, 0.4797500E-01,   75.4160
 0.8332500E-01, 0.5050000E-01,   75.0825
 0.8332500E-01, 0.5302500E-01,   74.7339
 0.8332500E-01, 0.5555000E-01,   74.1482
 0.8332500E-01, 0.5807500E-01,   72.5654
 0.8332500E-01, 0.6060000E-01,   72.5654
 0.8332500E-01, 0.6312500E-01,   74.1482
 0.8332500E-01, 0.6565000E-01,   74.7339
 0.8332500E-01, 0.6817500E-01,   75.0825
 0.8332500E-01, 0.7070000E-01,   75.4160
 0.8332500E-01, 0.7322500E-01,   75.6411
 0.8332500E-01, 0.7575000E-01,   75.6411
 0.8332500E-01, 0.7827500E-01,   75.4160
 0.8332500E-01, 0.8080000E-01,   75.0825
 0.8332500E-01, 0.8332500E-01,   74.7339
 0.8332500E-01, 0.8585000E-01,   74.1482
 0.8332500E-01, 0.8837500E-01,   72.5654
 0.8332500E-01, 0.9090000E-01,   72.5654
 0.8332500E-01, 0.9342500E-01,   74.1482
 0.8332500E-01, 0.9595000E-01,   74.7339
 0.8332500E-01, 0.9847500E-01,   75.0825
 0.8332500E-01, 0.1010000E+00,   75.4160
 0.8332500E-01, 0.1035250E+00,   75.6409
 0.8332500E-01, 0.1060500E+00,   75.6403
 0.8332500E-01, 0.1085750E+00,   75.4129
 0.8332500E-01, 0.1111000E+00,   75.0712
 0.8332500E-01, 0.1136250E+00,   74.6913
 0.8332500E-01, 0.1161500E+00,   73.9917
 0.8332500E-01, 0.1186750E+00,   71.9460
 0.8585000E-01, 0.2525000E-02,   74.6720
 0.8585000E-01, 0.5050000E-02,   74.7072
 0.8585000E-01, 0.7575000E-02,   74.7658
 0.8585000E-01, 0.1010000E-01,   74.8316
 0.8585000E-01, 0.1262500E-01,   74.8763
 0.8585000E-01, 0.1515000E-01,   74.8741
 0.8585000E-01, 0.1767500E-01,   74.8210
 0.8585000E-01, 0.2020000E-01,   74.7263
 0.8585000E-01, 0.2272500E-01,   74.5646
 0.8585000E-01, 0.2525000E-01,   74.1326
 0.8585000E-01, 0.2777500E-01,   72.6374
 0.8585000E-01, 0.3030000E-01,   72.6374
 0.8585000E-01, 0.3282500E-01,   74.1326
 0.8585000E-01, 0.3535000E-01,   74.5645
 0.8585000E-01, 0.3787500E-01,   74.7263
 0.8585000E-01, 0.4040000E-01,   74.8208
 0.8585000E-01, 0.4292500E-01,   74.8733
 0.8585000E-01, 0.4545000E-01,   74.8733
 0.8585000E-01, 0.4797500E-01,   74.8208
 0.8585000E-01, 0.5050000E-01,   74.7263
 0.8585000E-01, 0.5302500E-01,   74.5645
 0.8585000E-01, 0.5555000E-01,   74.1326
 0.8585000E-01, 0.5807500E-01,   72.6374
 0.8585000E-01, 0.6060000E-01,   72.6374
 0.8585000E-01, 0.6312500E-01,   74.1326
 0.8585000E-01, 0.6565000E-01,   74.5645
 0.8585000E-01, 0.6817500E-01,   74.7263
 0.8585000E-01, 0.7070000E-01,   74.8208
 0.8585000E-01, 0.7322500E-01,   74.8733
 0.8585000E-01, 0.7575000E-01,   74.8733
 0.8585000E-01, 0.7827500E-01,   74.8208
 0.8585000E-01, 0.8080000E-01,   74.7263
 0.8585000E-01, 0.8332500E-01,   74.5645
 0.8585000E-01, 0.8585000E-01,   74.1326
 0.8585000E-01, 0.8837500E-01,   72.6374
 0.8585000E-01, 0.9090000E-01,   72.6374
 0.8585000E-01, 0.9342500E-01,   74.1326
 0.8585000E-01, 0.9595000E-01,   74.5645
 0.8585000E-01, 0.9847500E-01,   74.7263
 0.8585000E-01, 0.1010000E+00,   74.8208
 0.8585000E-01, 0.1035250E+00,   74.8731
 0.8585000E-01, 0.1060500E+00,   74.8725
 0.8585000E-01, 0.1085750E+00,   74.8179
 0.8585000E-01, 0.1111000E+00,   74.7155
 0.8585000E-01, 0.1136250E+00,   74.5250
 0.8585000E-01, 0.1161500E+00,   73.9899
 0.8585000E-01, 0.1186750E+00,   72.0980
 0.8837500E-01, 0.2525000E-02,   73.5176
 0.8837500E-01, 0.5050000E-02,   73.5290
 0.8837500E-01, 0.7575000E-02,   73.5457
 0.8837500E-01, 0.1010000E-01,   73.5629
 0.8837500E-01, 0.1262500E-01,   73.5734
 0.8837500E-01, 0.1515000E-01,   73.5714
 0.8837500E-01, 0.1767500E-01,   73.5528
 0.8837500E-01, 0.2020000E-01,   73.5085
 0.8837500E-01, 0.2272500E-01,   73.3981
 0.8837500E-01, 0.2525000E-01,   73.0537
 0.8837500E-01, 0.2777500E-01,   72.1822
 0.8837500E-01, 0.3030000E-01,   72.1822
 0.8837500E-01, 0.3282500E-01,   73.0537
 0.8837500E-01, 0.3535000E-01,   73.3981
 0.8837500E-01, 0.3787500E-01,   73.5084
 0.8837500E-01, 0.4040000E-01,   73.5526
 0.8837500E-01, 0.4292500E-01,   73.5706
 0.8837500E-01, 0.4545000E-01,   73.5706
 0.8837500E-01, 0.4797500E-01,   73.5526
 0.8837500E-01, 0.5050000E-01,   73.5084
 0.8837500E-01, 0.5302500E-01,   73.3981
 0.8837500E-01, 0.5555000E-01,   73.0537
 0.8837500E-01, 0.5807500E-01,   72.1822
 0.8837500E-01, 0.6060000E-01,   72.1822
 0.8837500E-01, 0.6312500E-01,   73.0537
 0.8837500E-01, 0.6565000E-01,   73.3981
 0.8837500E-01, 0.6817500E-01,   73.5084
 0.8837500E-01, 0.7070000E-01,   73.5526
 0.8837500E-01, 0.7322500E-01,   73.5706
 0.8837500E-01, 0.7575000E-01,   73.5706
 0.8837500E-01, 0.7827500E-01,   73.5526
 0.8837500E-01, 0.8080000E-01,   73.5084
 0.8837500E-01, 0.8332500E-01,   73.3981
 0.8837500E-01, 0.8585000E-01,   73.0537
 0.8837500E-01, 0.8837500E-01,   72.1822
 0.8837500E-01, 0.9090000E-01,   72.1822
 0.8837500E-01, 0.9342500E-01,   73.0537
 0.8837500E-01, 0.9595000E-01,   73.3981
 0.8837500E-01, 0.9847500E-01,   73.5084
 0.8837500E-01, 0.1010000E+00,   73.5525
 0.8837500E-01, 0.1035250E+00,   73.5704
 0.8837500E-01, 0.1060500E+00,   73.5698
 0.8837500E-01, 0.1085750E+00,   73.5497
 0.8837500E-01, 0.1111000E+00,   73.4981
 0.8837500E-01, 0.1136250E+00,   73.3608
 0.8837500E-01, 0.1161500E+00,   72.9227
 0.8837500E-01, 0.1186750E+00,   71.7182
 0.9090000E-01, 0.2525000E-02,   73.9339
 0.9090000E-01, 0.5050000E-02,   73.9453
 0.9090000E-01, 0.7575000E-02,   73.9620
 0.9090000E-01, 0.1010000E-01,   73.9792
 0.9090000E-01, 0.1262500E-01,   73.9897
 0.9090000E-01, 0.1515000E-01,   73.9877
 0.9090000E-01, 0.1767500E-01,   73.9691
 0.9090000E-01, 0.2020000E-01,   73.9248
 0.9090000E-01, 0.2272500E-01,   73.8144
 0.9090000E-01, 0.2525000E-01,   73.4700
 0.9090000E-01, 0.2777500E-01,   72.5985
 0.9090000E-01, 0.3030000E-01,   72.5985
 0.9090000E-01, 0.3282500E-01,   73.4700
 0.9090000E-01, 0.3535000E-01,   73.8144
 0.9090000E-01, 0.3787500E-01,   73.9247
 0.9090000E-01, 0.4040000E-01,   73.9689
 0.9090000E-01, 0.4292500E-01,   73.9869
 0.9090000E-01, 0.4545000E-01,   73.9869
 0.9090000E-01, 0.4797500E-01,   73.9689
 0.9090000E-01, 0.5050000E-01,   73.9247
 0.9090000E-01, 0.5302500E-01,   73.8144
 0.9090000E-01, 0.5555000E-01,   73.4700
 0.9090000E-01, 0.5807500E-01,   72.5985
 0.9090000E-01, 0.6060000E-01,   72.5985
 0.9090000E-01, 0.6312500E-01,   73.4700
 0.9090000E-01, 0.6565000E-01,   73.8144
 0.9090000E-01, 0.6817500E-01,   73.9247
 0.9090000E-01, 0.7070000E-01,   73.9689
 0.9090000E-01, 0.7322500E-01,   73.9869
 0.9090000E-01, 0.7575000E-01,   73.9869
 0.9090000E-01, 0.7827500E-01,   73.9689
 0.9090000E-01, 0.8080000E-01,   73.9247
 0.9090000E-01, 0.8332500E-01,   73.8144
 0.9090000E-01, 0.8585000E-01,   73.4700
 0.9090000E-01, 0.8837500E-01,   72.5985
 0.9090000E-01, 0.9090000E-01,   72.5985
 0.9090000E-01, 0.9342500E-01,   73.4700
 0.9090000E-01, 0.9595000E-01,   73.8144
 0.9090000E-01, 0.9847500E-01,   73.9247
 0.9090000E-01, 0.1010000E+00,   73.9688
 0.9090000E-01, 0.1035250E+00,   73.9867
 0.9090000E-01, 0.1060500E+00,   73.9861
 0.9090000E-01, 0.1085750E+00,   73.9660
 0.9090000E-01, 0.1111000E+00,   73.9144
 0.9090000E-01, 0.1136250E+00,   73.7771
 0.9090000E-01, 0.1161500E+00,   73.3390
 0.9090000E-01, 0.1186750E+00,   72.1346
 0.9342500E-01, 0.2525000E-02,   75.9209
 0.9342500E-01, 0.5050000E-02,   75.9561
 0.9342500E-01, 0.7575000E-02,   76.0147
 0.9342500E-01, 0.1010000E-01,   76.0805
 0.9342500E-01, 0.1262500E-01,   76.1252
 0.9342500E-01, 0.1515000E-01,   76.1231
 0.9342500E-01, 0.1767500E-01,   76.0700
 0.9342500E-01, 0.2020000E-01,   75.9753
 0.9342500E-01, 0.2272500E-01,   75.8135
 0.9342500E-01, 0.2525000E-01,   75.3815
 0.9342500E-01, 0.2777500E-01,   73.8863
 0.9342500E-01, 0.3030000E-01,   73.8863
 0.9342500E-01, 0.3282500E-01,   75.3815
 0.9342500E-01, 0.3535000E-01,   75.8135
 0.9342500E-01, 0.3787500E-01,   75.9752
 0.9342500E-01, 0.4040000E-01,   76.0697
 0.9342500E-01, 0.4292500E-01,   76.1223
 0.9342500E-01, 0.4545000E-01,   76.1223
 0.9342500E-01, 0.4797500E-01,   76.0697
 0.9342500E-01, 0.5050000E-01,   75.9752
 0.9342500E-01, 0.5302500E-01,   75.8135
 0.9342500E-01, 0.5555000E-01,   75.3815
 0.9342500E-01, 0.5807500E-01,   73.8863
 0.9342500E-01, 0.6060000E-01,   73.8863
 0.9342500E-01, 0.6312500E-01,   75.3815
 0.9342500E-01, 0.6565000E-01,   75.8135
 0.9342500E-01, 0.6817500E-01,   75.9752
 0.9342500E-01, 0.7070000E-01,   76.0697
 0.9342500E-01, 0.7322500E-01,   76.1223
 0.9342500E-01, 0.7575000E-01,   76.1223
 0.9342500E-01, 0.7827500E-01,   76.0697
 0.9342500E-01, 0.8080000E-01,   75.9752
 0.9342500E-01, 0.8332500E-01,   75.8135
 0.9342500E-01, 0.8585000E-01,   75.3815
 0.9342500E-01, 0.8837500E-01,   73.8863
 0.9342500E-01, 0.9090000E-01,   73.8863
 0.9342500E-01, 0.9342500E-01,   75.3815
 0.9342500E-01, 0.9595000E-01,   75.8135
 0.9342500E-01, 0.9847500E-01,   75.9752
 0.9342500E-01, 0.1010000E+00,   76.0697
 0.9342500E-01, 0.1035250E+00,   76.1220
 0.9342500E-01, 0.1060500E+00,   76.1215
 0.9342500E-01, 0.1085750E+00,   76.0668
 0.9342500E-01, 0.1111000E+00,   75.9645
 0.9342500E-01, 0.1136250E+00,   75.7740
 0.9342500E-01, 0.1161500E+00,   75.2389
 0.9342500E-01, 0.1186750E+00,   73.3469
 0.9595000E-01, 0.2525000E-02,   76.8493
 0.9595000E-01, 0.5050000E-02,   76.9720
 0.9595000E-01, 0.7575000E-02,   77.2067
 0.9595000E-01, 0.1010000E-01,   77.5089
 0.9595000E-01, 0.1262500E-01,   77.7257
 0.9595000E-01, 0.1515000E-01,   77.7235
 0.9595000E-01, 0.1767500E-01,   77.4978
 0.9595000E-01, 0.2020000E-01,   77.1641
 0.9595000E-01, 0.2272500E-01,   76.8155
 0.9595000E-01, 0.2525000E-01,   76.2298
 0.9595000E-01, 0.2777500E-01,   74.6470
 0.9595000E-01, 0.3030000E-01,   74.6470
 0.9595000E-01, 0.3282500E-01,   76.2298
 0.9595000E-01, 0.3535000E-01,   76.8154
 0.9595000E-01, 0.3787500E-01,   77.1641
 0.9595000E-01, 0.4040000E-01,   77.4976
 0.9595000E-01, 0.4292500E-01,   77.7226
 0.9595000E-01, 0.4545000E-01,   77.7226
 0.9595000E-01, 0.4797500E-01,   77.4976
 0.9595000E-01, 0.5050000E-01,   77.1641
 0.9595000E-01, 0.5302500E-01,   76.8154
 0.9595000E-01, 0.5555000E-01,   76.2298
 0.9595000E-01, 0.5807500E-01,   74.6470
 0.9595000E-01, 0.6060000E-01,   74.6470
 0.9595000E-01, 0.6312500E-01,   76.2298
 0.9595000E-01, 0.6565000E-01,   76.8154
 0.9595000E-01, 0.6817500E-01,   77.1641
 0.9595000E-01, 0.7070000E-01,   77.4976
 0.9595000E-01, 0.7322500E-01,   77.7226
 0.9595000E-01, 0.7575000E-01,   77.7226
 0.9595000E-01, 0.7827500E-01,   77.4976
 0.9595000E-01, 0.8080000E-01,   77.1641
 0.9595000E-01, 0.8332500E-01,   76.8154
 0.9595000E-01, 0.8585000E-01,   76.2298
 0.9595000E-01, 0.8837500E-01,   74.6470
 0.9595000E-01, 0.9090000E-01,   74.6470
 0.9595000E-01, 0.9342500E-01,   76.2298
 0.9595000E-01, 0.9595000E-01,   76.8154
 0.9595000E-01, 0.9847500E-01,   77.1641
 0.9595000E-01, 0.1010000E+00,   77.4975
 0.9595000E-01, 0.1035250E+00,   77.7224
 0.9595000E-01, 0.1060500E+00,   77.7218
 0.9595000E-01, 0.1085750E+00,   77.4945
 0.9595000E-01, 0.1111000E+00,   77.1527
 0.9595000E-01, 0.1136250E+00,   76.7728
 0.9595000E-01, 0.1161500E+00,   76.0732
 0.9595000E-01, 0.1186750E+00,   74.0275
 0.9847500E-01, 0.2525000E-02,   77.4496
 0.9847500E-01, 0.5050000E-02,   77.7469
 0.9847500E-01, 0.7575000E-02,   78.6931
 0.9847500E-01, 0.1010000E-01,   80.1913
 0.9847500E-01, 0.1262500E-01,   81.4698
 0.9847500E-01, 0.1515000E-01,   81.4674
 0.9847500E-01, 0.1767500E-01,   80.1796
 0.9847500E-01, 0.2020000E-01,   78.6481
 0.9847500E-01, 0.2272500E-01,   77.5804
 0.9847500E-01, 0.2525000E-01,   76.8078
 0.9847500E-01, 0.2777500E-01,   75.1737
 0.9847500E-01, 0.3030000E-01,   75.1737
 0.9847500E-01, 0.3282500E-01,   76.8078
 0.9847500E-01, 0.3535000E-01,   77.5804
 0.9847500E-01, 0.3787500E-01,   78.6481
 0.9847500E-01, 0.4040000E-01,   80.1794
 0.9847500E-01, 0.4292500E-01,   81.4666
 0.9847500E-01, 0.4545000E-01,   81.4666
 0.9847500E-01, 0.4797500E-01,   80.1794
 0.9847500E-01, 0.5050000E-01,   78.6481
 0.9847500E-01, 0.5302500E-01,   77.5804
 0.9847500E-01, 0.5555000E-01,   76.8078
 0.9847500E-01, 0.5807500E-01,   75.1737
 0.9847500E-01, 0.6060000E-01,   75.1737
 0.9847500E-01, 0.6312500E-01,   76.8078
 0.9847500E-01, 0.6565000E-01,   77.5804
 0.9847500E-01, 0.6817500E-01,   78.6481
 0.9847500E-01, 0.7070000E-01,   80.1794
 0.9847500E-01, 0.7322500E-01,   81.4666
 0.9847500E-01, 0.7575000E-01,   81.4666
 0.9847500E-01, 0.7827500E-01,   80.1794
 0.9847500E-01, 0.8080000E-01,   78.6481
 0.9847500E-01, 0.8332500E-01,   77.5804
 0.9847500E-01, 0.8585000E-01,   76.8078
 0.9847500E-01, 0.8837500E-01,   75.1737
 0.9847500E-01, 0.9090000E-01,   75.1737
 0.9847500E-01, 0.9342500E-01,   76.8078
 0.9847500E-01, 0.9595000E-01,   77.5804
 0.9847500E-01, 0.9847500E-01,   78.6481
 0.9847500E-01, 0.1010000E+00,   80.1793
 0.9847500E-01, 0.1035250E+00,   81.4663
 0.9847500E-01, 0.1060500E+00,   81.4657
 0.9847500E-01, 0.1085750E+00,   80.1761
 0.9847500E-01, 0.1111000E+00,   78.6361
 0.9847500E-01, 0.1136250E+00,   77.5354
 0.9847500E-01, 0.1161500E+00,   76.6413
 0.9847500E-01, 0.1186750E+00,   74.5319
 0.1010000E+00, 0.2525000E-02,   77.9681
 0.1010000E+00, 0.5050000E-02,   78.5000
 0.1010000E+00, 0.7575000E-02,   80.6420
 0.1010000E+00, 0.1010000E-01,   88.0979
 0.1010000E+00, 0.1262500E-01,   95.1462
 0.1010000E+00, 0.1515000E-01,   95.1438
 0.1010000E+00, 0.1767500E-01,   88.0858
 0.1010000E+00, 0.2020000E-01,   80.5957
 0.1010000E+00, 0.2272500E-01,   78.3301
 0.1010000E+00, 0.2525000E-01,   77.3186
 0.1010000E+00, 0.2777500E-01,   75.6340
 0.1010000E+00, 0.3030000E-01,   75.6340
 0.1010000E+00, 0.3282500E-01,   77.3186
 0.1010000E+00, 0.3535000E-01,   78.3301
 0.1010000E+00, 0.3787500E-01,   80.5956
 0.1010000E+00, 0.4040000E-01,   88.0855
 0.1010000E+00, 0.4292500E-01,   95.1429
 0.1010000E+00, 0.4545000E-01,   95.1429
 0.1010000E+00, 0.4797500E-01,   88.0855
 0.1010000E+00, 0.5050000E-01,   80.5956
 0.1010000E+00, 0.5302500E-01,   78.3301
 0.1010000E+00, 0.5555000E-01,   77.3186
 0.1010000E+00, 0.5807500E-01,   75.6340
 0.1010000E+00, 0.6060000E-01,   75.6340
 0.1010000E+00, 0.6312500E-01,   77.3186
 0.1010000E+00, 0.6565000E-01,   78.3301
 0.1010000E+00, 0.6817500E-01,   80.5956
 0.1010000E+00, 0.7070000E-01,   88.0855
 0.1010000E+00, 0.7322500E-01,   95.1429
 0.1010000E+00, 0.7575000E-01,   95.1429
 0.1010000E+00, 0.7827500E-01,   88.0855
 0.1010000E+00, 0.8080000E-01,   80.5956
 0.1010000E+00, 0.8332500E-01,   78.3301
 0.1010000E+00, 0.8585000E-01,   77.3186
 0.1010000E+00, 0.8837500E-01,   75.6340
 0.1010000E+00, 0.9090000E-01,   75.6340
 0.1010000E+00, 0.9342500E-01,   77.3186
 0.1010000E+00, 0.9595000E-01,   78.3301
 0.1010000E+00, 0.9847500E-01,   80.5956
 0.1010000E+00, 0.1010000E+00,   88.0855
 0.1010000E+00, 0.1035250E+00,   95.1426
 0.1010000E+00, 0.1060500E+00,   95.1420
 0.1010000E+00, 0.1085750E+00,   88.0822
 0.1010000E+00, 0.1111000E+00,   80.5833
 0.1010000E+00, 0.1136250E+00,   78.2838
 0.1010000E+00, 0.1161500E+00,   77.1487
 0.1010000E+00, 0.1186750E+00,   74.9845
 0.1035250E+00, 0.2525000E-02,   78.4396
 0.1035250E+00, 0.5050000E-02,   79.1423
 0.1035250E+00, 0.7575000E-02,   82.3457
 0.1035250E+00, 0.1010000E-01,   95.5715
 0.1035250E+00, 0.1262500E-01,  108.2518
 0.1035250E+00, 0.1515000E-01,  108.2493
 0.1035250E+00, 0.1767500E-01,   95.5592
 0.1035250E+00, 0.2020000E-01,   82.2990
 0.1035250E+00, 0.2272500E-01,   78.9713
 0.1035250E+00, 0.2525000E-01,   77.7872
 0.1035250E+00, 0.2777500E-01,   76.0682
 0.1035250E+00, 0.3030000E-01,   76.0682
 0.1035250E+00, 0.3282500E-01,   77.7872
 0.1035250E+00, 0.3535000E-01,   78.9713
 0.1035250E+00, 0.3787500E-01,   82.2989
 0.1035250E+00, 0.4040000E-01,   95.5590
 0.1035250E+00, 0.4292500E-01,  108.2484
 0.1035250E+00, 0.4545000E-01,  108.2484
 0.1035250E+00, 0.4797500E-01,   95.5590
 0.1035250E+00, 0.5050000E-01,   82.2989
 0.1035250E+00, 0.5302500E-01,   78.9713
 0.1035250E+00, 0.5555000E-01,   77.7872
 0.1035250E+00, 0.5807500E-01,   76.0682
 0.1035250E+00, 0.6060000E-01,   76.0682
 0.1035250E+00, 0.6312500E-01,   77.7872
 0.1035250E+00, 0.6565000E-01,   78.9713
 0.1035250E+00, 0.6817500E-01,   82.2989
 0.1035250E+00, 0.7070000E-01,   95.5590
 0.1035250E+00, 0.7322500E-01,  108.2484
 0.1035250E+00, 0.7575000E-01,  108.2484
 0.1035250E+00, 0.7827500E-01,   95.5590
 0.1035250E+00, 0.8080000E-01,   82.2989
 0.1035250E+00, 0.8332500E-01,   78.9713
 0.1035250E+00, 0.8585000E-01,   77.7872
 0.1035250E+00, 0.8837500E-01,   76.0682
 0.1035250E+00, 0.9090000E-01,   76.0682
 0.1035250E+00, 0.9342500E-01,   77.7872
 0.1035250E+00, 0.9595000E-01,   78.9713
 0.1035250E+00, 0.9847500E-01,   82.2989
 0.1035250E+00, 0.1010000E+00,   95.5589
 0.1035250E+00, 0.1035250E+00,  108.2481
 0.1035250E+00, 0.1060500E+00,  108.2475
 0.1035250E+00, 0.1085750E+00,   95.5556
 0.1035250E+00, 0.1111000E+00,   82.2864
 0.1035250E+00, 0.1136250E+00,   78.9245
 0.1035250E+00, 0.1161500E+00,   77.6162
 0.1035250E+00, 0.1186750E+00,   75.4158
 0.1060500E+00, 0.2525000E-02,   78.8551
 0.1060500E+00, 0.5050000E-02,   79.5579
 0.1060500E+00, 0.7575000E-02,   82.7612
 0.1060500E+00, 0.1010000E-01,   95.9870
 0.1060500E+00, 0.1262500E-01,  108.6673
 0.1060500E+00, 0.1515000E-01,  108.6648
 0.1060500E+00, 0.1767500E-01,   95.9748
 0.1060500E+00, 0.2020000E-01,   82.7146
 0.1060500E+00, 0.2272500E-01,   79.3869
 0.1060500E+00, 0.2525000E-01,   78.2028
 0.1060500E+00, 0.2777500E-01,   76.4838
 0.1060500E+00, 0.3030000E-01,   76.4838
 0.1060500E+00, 0.3282500E-01,   78.2028
 0.1060500E+00, 0.3535000E-01,   79.3869
 0.1060500E+00, 0.3787500E-01,   82.7145
 0.1060500E+00, 0.4040000E-01,   95.9745
 0.1060500E+00, 0.4292500E-01,  108.6639
 0.1060500E+00, 0.4545000E-01,  108.6639
 0.1060500E+00, 0.4797500E-01,   95.9745
 0.1060500E+00, 0.5050000E-01,   82.7145
 0.1060500E+00, 0.5302500E-01,   79.3869
 0.1060500E+00, 0.5555000E-01,   78.2028
 0.1060500E+00, 0.5807500E-01,   76.4838
 0.1060500E+00, 0.6060000E-01,   76.4838
 0.1060500E+00, 0.6312500E-01,   78.2028
 0.1060500E+00, 0.6565000E-01,   79.3869
 0.1060500E+00, 0.6817500E-01,   82.7145
 0.1060500E+00, 0.7070000E-01,   95.9745
 0.1060500E+00, 0.7322500E-01,  108.6639
 0.1060500E+00, 0.7575000E-01,  108.6639
 0.1060500E+00, 0.7827500E-01,   95.9745
 0.1060500E+00, 0.8080000E-01,   82.7145
 0.1060500E+00, 0.8332500E-01,   79.3869
 0.1060500E+00, 0.8585000E-01,   78.2028
 0.1060500E+00, 0.8837500E-01,   76.4838
 0.1060500E+00, 0.9090000E-01,   76.4838
 0.1060500E+00, 0.9342500E-01,   78.2028
 0.1060500E+00, 0.9595000E-01,   79.3869
 0.1060500E+00, 0.9847500E-01,   82.7145
 0.1060500E+00, 0.1010000E+00,   95.9745
 0.1060500E+00, 0.1035250E+00,  108.6637
 0.1060500E+00, 0.1060500E+00,  108.6630
 0.1060500E+00, 0.1085750E+00,   95.9712
 0.1060500E+00, 0.1111000E+00,   82.7020
 0.1060500E+00, 0.1136250E+00,   79.3401
 0.1060500E+00, 0.1161500E+00,   78.0319
 0.1060500E+00, 0.1186750E+00,   75.8315
 0.1085750E+00, 0.2525000E-02,   79.2132
 0.1085750E+00, 0.5050000E-02,   79.7451
 0.1085750E+00, 0.7575000E-02,   81.8870
 0.1085750E+00, 0.1010000E-01,   89.3429
 0.1085750E+00, 0.1262500E-01,   96.3913
 0.1085750E+00, 0.1515000E-01,   96.3888
 0.1085750E+00, 0.1767500E-01,   89.3309
 0.1085750E+00, 0.2020000E-01,   81.8409
 0.1085750E+00, 0.2272500E-01,   79.5755
 0.1085750E+00, 0.2525000E-01,   78.5641
 0.1085750E+00, 0.2777500E-01,   76.8796
 0.1085750E+00, 0.3030000E-01,   76.8796
 0.1085750E+00, 0.3282500E-01,   78.5641
 0.1085750E+00, 0.3535000E-01,   79.5755
 0.1085750E+00, 0.3787500E-01,   81.8408
 0.1085750E+00, 0.4040000E-01,   89.3307
 0.1085750E+00, 0.4292500E-01,   96.3879
 0.1085750E+00, 0.4545000E-01,   96.3879
 0.1085750E+00, 0.4797500E-01,   89.3307
 0.1085750E+00, 0.5050000E-01,   81.8408
 0.1085750E+00, 0.5302500E-01,   79.5755
 0.1085750E+00, 0.5555000E-01,   78.5641
 0.1085750E+00, 0.5807500E-01,   76.8796
 0.1085750E+00, 0.6060000E-01,   76.8796
 0.1085750E+00, 0.6312500E-01,   78.5641
 0.1085750E+00, 0.6565000E-01,   79.5755
 0.1085750E+00, 0.6817500E-01,   81.8408
 0.1085750E+00, 0.7070000E-01,   89.3307
 0.1085750E+00, 0.7322500E-01,   96.3879
 0.1085750E+00, 0.7575000E-01,   96.3879
 0.1085750E+00, 0.7827500E-01,   89.3307
 0.1085750E+00, 0.8080000E-01,   81.8408
 0.1085750E+00, 0.8332500E-01,   79.5755
 0.1085750E+00, 0.8585000E-01,   78.5641
 0.1085750E+00, 0.8837500E-01,   76.8796
 0.1085750E+00, 0.9090000E-01,   76.8796
 0.1085750E+00, 0.9342500E-01,   78.5641
 0.1085750E+00, 0.9595000E-01,   79.5755
 0.1085750E+00, 0.9847500E-01,   81.8408
 0.1085750E+00, 0.1010000E+00,   89.3306
 0.1085750E+00, 0.1035250E+00,   96.3877
 0.1085750E+00, 0.1060500E+00,   96.3871
 0.1085750E+00, 0.1085750E+00,   89.3274
 0.1085750E+00, 0.1111000E+00,   81.8286
 0.1085750E+00, 0.1136250E+00,   79.5293
 0.1085750E+00, 0.1161500E+00,   78.3945
 0.1085750E+00, 0.1186750E+00,   76.2306
 0.1111000E+00, 0.2525000E-02,   79.5166
 0.1111000E+00, 0.5050000E-02,   79.8139
 0.1111000E+00, 0.7575000E-02,   80.7601
 0.1111000E+00, 0.1010000E-01,   82.2583
 0.1111000E+00, 0.1262500E-01,   83.5368
 0.1111000E+00, 0.1515000E-01,   83.5345
 0.1111000E+00, 0.1767500E-01,   82.2468
 0.1111000E+00, 0.2020000E-01,   80.7158
 0.1111000E+00, 0.2272500E-01,   79.6486
 0.1111000E+00, 0.2525000E-01,   78.8767
 0.1111000E+00, 0.2777500E-01,   77.2429
 0.1111000E+00, 0.3030000E-01,   77.2429
 0.1111000E+00, 0.3282500E-01,   78.8767
 0.1111000E+00, 0.3535000E-01,   79.6486
 0.1111000E+00, 0.3787500E-01,   80.7157
 0.1111000E+00, 0.4040000E-01,   82.2466
 0.1111000E+00, 0.4292500E-01,   83.5336
 0.1111000E+00, 0.4545000E-01,   83.5336
 0.1111000E+00, 0.4797500E-01,   82.2466
 0.1111000E+00, 0.5050000E-01,   80.7157
 0.1111000E+00, 0.5302500E-01,   79.6486
 0.1111000E+00, 0.5555000E-01,   78.8767
 0.1111000E+00, 0.5807500E-01,   77.2429
 0.1111000E+00, 0.6060000E-01,   77.2429
 0.1111000E+00, 0.6312500E-01,   78.8767
 0.1111000E+00, 0.6565000E-01,   79.6486
 0.1111000E+00, 0.6817500E-01,   80.7157
 0.1111000E+00, 0.7070000E-01,   82.2466
 0.1111000E+00, 0.7322500E-01,   83.5336
 0.1111000E+00, 0.7575000E-01,   83.5336
 0.1111000E+00, 0.7827500E-01,   82.2466
 0.1111000E+00, 0.8080000E-01,   80.7157
 0.1111000E+00, 0.8332500E-01,   79.6486
 0.1111000E+00, 0.8585000E-01,   78.8767
 0.1111000E+00, 0.8837500E-01,   77.2429
 0.1111000E+00, 0.9090000E-01,   77.2429
 0.1111000E+00, 0.9342500E-01,   78.8767
 0.1111000E+00, 0.9595000E-01,   79.6486
 0.1111000E+00, 0.9847500E-01,   80.7157
 0.1111000E+00, 0.1010000E+00,   82.2466
 0.1111000E+00, 0.1035250E+00,   83.5334
 0.1111000E+00, 0.1060500E+00,   83.5328
 0.1111000E+00, 0.1085750E+00,   82.2435
 0.1111000E+00, 0.1111000E+00,   80.7040
 0.1111000E+00, 0.1136250E+00,   79.6042
 0.1111000E+00, 0.1161500E+00,   78.7114
 0.1111000E+00, 0.1186750E+00,   76.6030
 0.1136250E+00, 0.2525000E-02,   79.7095
 0.1136250E+00, 0.5050000E-02,   79.8322
 0.1136250E+00, 0.7575000E-02,   80.0668
 0.1136250E+00, 0.1010000E-01,   80.3689
 0.1136250E+00, 0.1262500E-01,   80.5856
 0.1136250E+00, 0.1515000E-01,   80.5835
 0.1136250E+00, 0.1767500E-01,   80.3583
 0.1136250E+00, 0.2020000E-01,   80.0261
 0.1136250E+00, 0.2272500E-01,   79.6797
 0.1136250E+00, 0.2525000E-01,   79.0972
 0.1136250E+00, 0.2777500E-01,   77.5166
 0.1136250E+00, 0.3030000E-01,   77.5166
 0.1136250E+00, 0.3282500E-01,   79.0972
 0.1136250E+00, 0.3535000E-01,   79.6797
 0.1136250E+00, 0.3787500E-01,   80.0260
 0.1136250E+00, 0.4040000E-01,   80.3581
 0.1136250E+00, 0.4292500E-01,   80.5827
 0.1136250E+00, 0.4545000E-01,   80.5827
 0.1136250E+00, 0.4797500E-01,   80.3581
 0.1136250E+00, 0.5050000E-01,   80.0260
 0.1136250E+00, 0.5302500E-01,   79.6797
 0.1136250E+00, 0.5555000E-01,   79.0972
 0.1136250E+00, 0.5807500E-01,   77.5166
 0.1136250E+00, 0.6060000E-01,   77.5166
 0.1136250E+00, 0.6312500E-01,   79.0972
 0.1136250E+00, 0.6565000E-01,   79.6797
 0.1136250E+00, 0.6817500E-01,   80.0260
 0.1136250E+00, 0.7070000E-01,   80.3581
 0.1136250E+00, 0.7322500E-01,   80.5827
 0.1136250E+00, 0.7575000E-01,   80.5827
 0.1136250E+00, 0.7827500E-01,   80.3581
 0.1136250E+00, 0.8080000E-01,   80.0260
 0.1136250E+00, 0.8332500E-01,   79.6797
 0.1136250E+00, 0.8585000E-01,   79.0972
 0.1136250E+00, 0.8837500E-01,   77.5166
 0.1136250E+00, 0.9090000E-01,   77.5166
 0.1136250E+00, 0.9342500E-01,   79.0972
 0.1136250E+00, 0.9595000E-01,   79.6797
 0.1136250E+00, 0.9847500E-01,   80.0260
 0.1136250E+00, 0.1010000E+00,   80.3581
 0.1136250E+00, 0.1035250E+00,   80.5825
 0.1136250E+00, 0.1060500E+00,   80.5820
 0.1136250E+00, 0.1085750E+00,   80.3552
 0.1136250E+00, 0.1111000E+00,   80.0153
 0.1136250E+00, 0.1136250E+00,   79.6390
 0.1136250E+00, 0.1161500E+00,   78.9447
 0.1136250E+00, 0.1186750E+00,   76.9043
 0.1161500E+00, 0.2525000E-02,   79.4715
 0.1161500E+00, 0.5050000E-02,   79.5063
 0.1161500E+00, 0.7575000E-02,   79.5643
 0.1161500E+00, 0.1010000E-01,   79.6296
 0.1161500E+00, 0.1262500E-01,   79.6741
 0.1161500E+00, 0.1515000E-01,   79.6722
 0.1161500E+00, 0.1767500E-01,   79.6203
 0.1161500E+00, 0.2020000E-01,   79.5290
 0.1161500E+00, 0.2272500E-01,   79.3772
 0.1161500E+00, 0.2525000E-01,   78.9591
 0.1161500E+00, 0.2777500E-01,   77.4756
 0.1161500E+00, 0.3030000E-01,   77.4756
 0.1161500E+00, 0.3282500E-01,   78.9591
 0.1161500E+00, 0.3535000E-01,   79.3772
 0.1161500E+00, 0.3787500E-01,   79.5289
 0.1161500E+00, 0.4040000E-01,   79.6201
 0.1161500E+00, 0.4292500E-01,   79.6714
 0.1161500E+00, 0.4545000E-01,   79.6714
 0.1161500E+00, 0.4797500E-01,   79.6201
 0.1161500E+00, 0.5050000E-01,   79.5289
 0.1161500E+00, 0.5302500E-01,   79.3772
 0.1161500E+00, 0.5555000E-01,   78.9591
 0.1161500E+00, 0.5807500E-01,   77.4756
 0.1161500E+00, 0.6060000E-01,   77.4756
 0.1161500E+00, 0.6312500E-01,   78.9591
 0.1161500E+00, 0.6565000E-01,   79.3772
 0.1161500E+00, 0.6817500E-01,   79.5289
 0.1161500E+00, 0.7070000E-01,   79.6201
 0.1161500E+00, 0.7322500E-01,   79.6714
 0.1161500E+00, 0.7575000E-01,   79.6714
 0.1161500E+00, 0.7827500E-01,   79.6201
 0.1161500E+00, 0.8080000E-01,   79.5289
 0.1161500E+00, 0.8332500E-01,   79.3772
 0.1161500E+00, 0.8585000E-01,   78.9591
 0.1161500E+00, 0.8837500E-01,   77.4756
 0.1161500E+00, 0.9090000E-01,   77.4756
 0.1161500E+00, 0.9342500E-01,   78.9591
 0.1161500E+00, 0.9595000E-01,   79.3772
 0.1161500E+00, 0.9847500E-01,   79.5289
 0.1161500E+00, 0.1010000E+00,   79.6200
 0.1161500E+00, 0.1035250E+00,   79.6712
 0.1161500E+00, 0.1060500E+00,   79.6707
 0.1161500E+00, 0.1085750E+00,   79.6174
 0.1161500E+00, 0.1111000E+00,   79.5194
 0.1161500E+00, 0.1136250E+00,   79.3418
 0.1161500E+00, 0.1161500E+00,   78.8300
 0.1161500E+00, 0.1186750E+00,   76.9631
 0.1186750E+00, 0.2525000E-02,   77.7691
 0.1186750E+00, 0.5050000E-02,   77.7788
 0.1186750E+00, 0.7575000E-02,   77.7930
 0.1186750E+00, 0.1010000E-01,   77.8077
 0.1186750E+00, 0.1262500E-01,   77.8168
 0.1186750E+00, 0.1515000E-01,   77.8150
 0.1186750E+00, 0.1767500E-01,   77.7994
 0.1186750E+00, 0.2020000E-01,   77.7629
 0.1186750E+00, 0.2272500E-01,   77.6748
 0.1186750E+00, 0.2525000E-01,   77.4105
 0.1186750E+00, 0.2777500E-01,   76.6145
 0.1186750E+00, 0.3030000E-01,   76.6145
 0.1186750E+00, 0.3282500E-01,   77.4105
 0.1186750E+00, 0.3535000E-01,   77.6748
 0.1186750E+00, 0.3787500E-01,   77.7629
 0.1186750E+00, 0.4040000E-01,   77.7992
 0.1186750E+00, 0.4292500E-01,   77.8144
 0.1186750E+00, 0.4545000E-01,   77.8144
 0.1186750E+00, 0.4797500E-01,   77.7992
 0.1186750E+00, 0.5050000E-01,   77.7629
 0.1186750E+00, 0.5302500E-01,   77.6748
 0.1186750E+00, 0.5555000E-01,   77.4105
 0.1186750E+00, 0.5807500E-01,   76.6145
 0.1186750E+00, 0.6060000E-01,   76.6145
 0.1186750E+00, 0.6312500E-01,   77.4105
 0.1186750E+00, 0.6565000E-01,   77.6748
 0.1186750E+00, 0.6817500E-01,   77.7629
 0.1186750E+00, 0.7070000E-01,   77.7992
 0.1186750E+00, 0.7322500E-01,   77.8144
 0.1186750E+00, 0.7575000E-01,   77.8144
 0.1186750E+00, 0.7827500E-01,   77.7992
 0.1186750E+00, 0.8080000E-01,   77.7629
 0.1186750E+00, 0.8332500E-01,   77.6748
 0.1186750E+00, 0.8585000E-01,   77.4105
 0.1186750E+00, 0.8837500E-01,   76.6145
 0.1186750E+00, 0.9090000E-01,   76.6145
 0.1186750E+00, 0.9342500E-01,   77.4105
 0.1186750E+00, 0.9595000E-01,   77.6748
 0.1186750E+00, 0.9847500E-01,   77.7629
 0.1186750E+00, 0.1010000E+00,   77.7992
 0.1186750E+00, 0.1035250E+00,   77.8142
 0.1186750E+00, 0.1060500E+00,   77.8137
 0.1186750E+00, 0.1085750E+00,   77.7968
 0.1186750E+00, 0.1111000E+00,   77.7544
 0.1186750E+00, 0.1136250E+00,   77.6446
 0.1186750E+00, 0.1161500E+00,   77.3065
 0.1186750E+00, 0.1186750E+00,   76.2559
 0.0000000E+00, 0.0000000E+00,   61.4945
 0.1212000E+00, 0.0000000E+00,   76.3275
 0.2525000E-02, 0.0000000E+00,   61.6643
 0.5050000E-02, 0.0000000E+00,   62.0272
 0.7575000E-02, 0.0000000E+00,   62.4509
 0.1010000E-01, 0.0000000E+00,   62.8904
 0.1262500E-01, 0.0000000E+00,   63.3232
 0.1515000E-01, 0.0000000E+00,   63.7367
 0.1767500E-01, 0.0000000E+00,   64.1253
 0.2020000E-01, 0.0000000E+00,   64.4802
 0.2272500E-01, 0.0000000E+00,   64.7468
 0.2525000E-01, 0.0000000E+00,   64.6913
 0.2777500E-01, 0.0000000E+00,   63.4988
 0.3030000E-01, 0.0000000E+00,   63.9152
 0.3282500E-01, 0.0000000E+00,   65.9403
 0.3535000E-01, 0.0000000E+00,   66.8283
 0.3787500E-01, 0.0000000E+00,   67.3943
 0.4040000E-01, 0.0000000E+00,   67.8719
 0.4292500E-01, 0.0000000E+00,   68.3152
 0.4545000E-01, 0.0000000E+00,   68.7315
 0.4797500E-01, 0.0000000E+00,   69.1209
 0.5050000E-01, 0.0000000E+00,   69.4759
 0.5302500E-01, 0.0000000E+00,   69.7426
 0.5555000E-01, 0.0000000E+00,   69.6871
 0.5807500E-01, 0.0000000E+00,   68.4947
 0.6060000E-01, 0.0000000E+00,   68.9110
 0.6312500E-01, 0.0000000E+00,   70.9361
 0.6565000E-01, 0.0000000E+00,   71.8242
 0.6817500E-01, 0.0000000E+00,   72.3902
 0.7070000E-01, 0.0000000E+00,   72.8678
 0.7322500E-01, 0.0000000E+00,   73.3111
 0.7575000E-01, 0.0000000E+00,   73.7274
 0.7827500E-01, 0.0000000E+00,   74.1167
 0.8080000E-01, 0.0000000E+00,   74.4718
 0.8332500E-01, 0.0000000E+00,   74.7384
 0.8585000E-01, 0.0000000E+00,   74.6830
 0.8837500E-01, 0.0000000E+00,   73.4905
 0.9090000E-01, 0.0000000E+00,   73.9069
 0.9342500E-01, 0.0000000E+00,   75.9319
 0.9595000E-01, 0.0000000E+00,   76.8200
 0.9847500E-01, 0.0000000E+00,   77.3860
 0.1010000E+00, 0.0000000E+00,   77.8635
 0.1035250E+00, 0.0000000E+00,   78.3066
 0.1060500E+00, 0.0000000E+00,   78.7222
 0.1085750E+00, 0.0000000E+00,   79.1087
 0.1111000E+00, 0.0000000E+00,   79.4533
 0.1136250E+00, 0.0000000E+00,   79.6818
 0.1161500E+00, 0.0000000E+00,   79.4841
 0.1186750E+00, 0.0000000E+00,   77.7665
 0.1212000E+00, 0.1212000E+00,   75.4401
 0.1212000E+00, 0.2525000E-02,   76.3291
 0.1212000E+00, 0.5050000E-02,   76.3335
 0.1212000E+00, 0.7575000E-02,   76.3398
 0.1212000E+00, 0.1010000E-01,   76.3458
 0.1212000E+00, 0.1262500E-01,   76.3491
 0.1212000E+00, 0.1515000E-01,   76.3475
 0.1212000E+00, 0.1767500E-01,   76.3380
 0.1212000E+00, 0.2020000E-01,   76.3122
 0.1212000E+00, 0.2272500E-01,   76.2433
 0.1212000E+00, 0.2525000E-01,   76.0484
 0.1212000E+00, 0.2777500E-01,   75.8838
 0.1212000E+00, 0.3030000E-01,   75.8838
 0.1212000E+00, 0.3282500E-01,   76.0484
 0.1212000E+00, 0.3535000E-01,   76.2432
 0.1212000E+00, 0.3787500E-01,   76.3122
 0.1212000E+00, 0.4040000E-01,   76.3379
 0.1212000E+00, 0.4292500E-01,   76.3469
 0.1212000E+00, 0.4545000E-01,   76.3469
 0.1212000E+00, 0.4797500E-01,   76.3379
 0.1212000E+00, 0.5050000E-01,   76.3122
 0.1212000E+00, 0.5302500E-01,   76.2432
 0.1212000E+00, 0.5555000E-01,   76.0484
 0.1212000E+00, 0.5807500E-01,   75.8838
 0.1212000E+00, 0.6060000E-01,   75.8838
 0.1212000E+00, 0.6312500E-01,   76.0484
 0.1212000E+00, 0.6565000E-01,   76.2432
 0.1212000E+00, 0.6817500E-01,   76.3122
 0.1212000E+00, 0.7070000E-01,   76.3379
 0.1212000E+00, 0.7322500E-01,   76.3469
 0.1212000E+00, 0.7575000E-01,   76.3469
 0.1212000E+00, 0.7827500E-01,   76.3379
 0.1212000E+00, 0.8080000E-01,   76.3122
 0.1212000E+00, 0.8332500E-01,   76.2432
 0.1212000E+00, 0.8585000E-01,   76.0484
 0.1212000E+00, 0.8837500E-01,   75.8838
 0.1212000E+00, 0.9090000E-01,   75.8838
 0.1212000E+00, 0.9342500E-01,   76.0484
 0.1212000E+00, 0.9595000E-01,   76.2432
 0.1212000E+00, 0.9847500E-01,   76.3122
 0.1212000E+00, 0.1010000E+00,   76.3378
 0.1212000E+00, 0.1035250E+00,   76.3467
 0.1212000E+00, 0.1060500E+00,   76.3463
 0.1212000E+00, 0.1085750E+00,   76.3356
 0.1212000E+00, 0.1111000E+00,   76.3043
 0.1212000E+00, 0.1136250E+00,   76.2156
 0.1212000E+00, 0.1161500E+00,   75.9581
 0.1212000E+00, 0.1186750E+00,   75.6031
 0.0000000E+00, 0.1212000E+00,   57.0443
 0.1186750E+00, 0.1212000E+00,   75.4393
 0.1161500E+00, 0.1212000E+00,   75.4495
 0.1136250E+00, 0.1212000E+00,   75.3096
 0.1111000E+00, 0.1212000E+00,   74.9872
 0.1085750E+00, 0.1212000E+00,   74.6036
 0.1060500E+00, 0.1212000E+00,   74.1983
 0.1035250E+00, 0.1212000E+00,   73.7825
 0.1010000E+00, 0.1212000E+00,   73.3573
 0.9847500E-01, 0.1212000E+00,   72.9154
 0.9595000E-01, 0.1212000E+00,   72.4301
 0.9342500E-01, 0.1212000E+00,   71.8189
 0.9090000E-01, 0.1212000E+00,   71.2381
 0.8837500E-01, 0.1212000E+00,   70.8218
 0.8585000E-01, 0.1212000E+00,   70.5700
 0.8332500E-01, 0.1212000E+00,   70.3485
 0.8080000E-01, 0.1212000E+00,   70.0011
 0.7827500E-01, 0.1212000E+00,   69.6105
 0.7575000E-01, 0.1212000E+00,   69.2032
 0.7322500E-01, 0.1212000E+00,   68.7869
 0.7070000E-01, 0.1212000E+00,   68.3616
 0.6817500E-01, 0.1212000E+00,   67.9195
 0.6565000E-01, 0.1212000E+00,   67.4343
 0.6312500E-01, 0.1212000E+00,   66.8231
 0.6060000E-01, 0.1212000E+00,   66.2422
 0.5807500E-01, 0.1212000E+00,   65.8259
 0.5555000E-01, 0.1212000E+00,   65.5741
 0.5302500E-01, 0.1212000E+00,   65.3527
 0.5050000E-01, 0.1212000E+00,   65.0053
 0.4797500E-01, 0.1212000E+00,   64.6147
 0.4545000E-01, 0.1212000E+00,   64.2074
 0.4292500E-01, 0.1212000E+00,   63.7911
 0.4040000E-01, 0.1212000E+00,   63.3657
 0.3787500E-01, 0.1212000E+00,   62.9237
 0.3535000E-01, 0.1212000E+00,   62.4384
 0.3282500E-01, 0.1212000E+00,   61.8272
 0.3030000E-01, 0.1212000E+00,   61.2464
 0.2777500E-01, 0.1212000E+00,   60.8301
 0.2525000E-01, 0.1212000E+00,   60.5783
 0.2272500E-01, 0.1212000E+00,   60.3569
 0.2020000E-01, 0.1212000E+00,   60.0095
 0.1767500E-01, 0.1212000E+00,   59.6191
 0.1515000E-01, 0.1212000E+00,   59.2123
 0.1262500E-01, 0.1212000E+00,   58.7980
 0.1010000E-01, 0.1212000E+00,   58.3797
 0.7575000E-02, 0.1212000E+00,   57.9626
 0.5050000E-02, 0.1212000E+00,   57.5589
 0.2525000E-02, 0.1212000E+00,   57.2097
 0.0000000E+00, 0.1186750E+00,   58.6471
 0.0000000E+00, 0.1161500E+00,   60.7096
 0.0000000E+00, 0.1136250E+00,   61.3046
 0.0000000E+00, 0.1111000E+00,   61.4872
 0.0000000E+00, 0.1085750E+00,   61.5576
 0.0000000E+00, 0.1060500E+00,   61.5870
 0.0000000E+00, 0.1035250E+00,   61.5876
 0.0000000E+00, 0.1010000E+00,   61.5608
 0.0000000E+00, 0.9847500E-01,   61.4996
 0.0000000E+00, 0.9595000E-01,   61.3499
 0.0000000E+00, 0.9342500E-01,   60.8782
 0.0000000E+00, 0.9090000E-01,   59.2694
 0.0000000E+00, 0.8837500E-01,   59.2694
 0.0000000E+00, 0.8585000E-01,   60.8782
 0.0000000E+00, 0.8332500E-01,   61.3500
 0.0000000E+00, 0.8080000E-01,   61.4996
 0.0000000E+00, 0.7827500E-01,   61.5609
 0.0000000E+00, 0.7575000E-01,   61.5879
 0.0000000E+00, 0.7322500E-01,   61.5879
 0.0000000E+00, 0.7070000E-01,   61.5609
 0.0000000E+00, 0.6817500E-01,   61.4996
 0.0000000E+00, 0.6565000E-01,   61.3500
 0.0000000E+00, 0.6312500E-01,   60.8782
 0.0000000E+00, 0.6060000E-01,   59.2694
 0.0000000E+00, 0.5807500E-01,   59.2694
 0.0000000E+00, 0.5555000E-01,   60.8782
 0.0000000E+00, 0.5302500E-01,   61.3500
 0.0000000E+00, 0.5050000E-01,   61.4996
 0.0000000E+00, 0.4797500E-01,   61.5609
 0.0000000E+00, 0.4545000E-01,   61.5879
 0.0000000E+00, 0.4292500E-01,   61.5879
 0.0000000E+00, 0.4040000E-01,   61.5609
 0.0000000E+00, 0.3787500E-01,   61.4996
 0.0000000E+00, 0.3535000E-01,   61.3500
 0.0000000E+00, 0.3282500E-01,   60.8782
 0.0000000E+00, 0.3030000E-01,   59.2694
 0.0000000E+00, 0.2777500E-01,   59.2694
 0.0000000E+00, 0.2525000E-01,   60.8782
 0.0000000E+00, 0.2272500E-01,   61.3500
 0.0000000E+00, 0.2020000E-01,   61.4997
 0.0000000E+00, 0.1767500E-01,   61.5612
 0.0000000E+00, 0.1515000E-01,   61.5888
 0.0000000E+00, 0.1262500E-01,   61.5912
 0.0000000E+00, 0.1010000E-01,   61.5733
 0.0000000E+00, 0.7575000E-02,   61.5450
 0.0000000E+00, 0.5050000E-02,   61.5186
 0.0000000E+00, 0.2525000E-02,   61.5006
 0.2525000E-02, 0.2525000E-02,   61.6763
 0.2525000E-02, 0.5050000E-02,   61.7124
 0.2525000E-02, 0.7575000E-02,   61.7729
 0.2525000E-02, 0.1010000E-01,   61.8382
 0.2525000E-02, 0.1262500E-01,   61.8821
 0.2525000E-02, 0.1515000E-01,   61.8796
 0.2525000E-02, 0.1767500E-01,   61.8260
 0.2525000E-02, 0.2020000E-01,   61.7276
 0.2525000E-02, 0.2272500E-01,   61.5436
 0.2525000E-02, 0.2525000E-01,   61.0533
 0.2525000E-02, 0.2777500E-01,   59.4370
 0.2525000E-02, 0.3030000E-01,   59.4370
 0.2525000E-02, 0.3282500E-01,   61.0533
 0.2525000E-02, 0.3535000E-01,   61.5436
 0.2525000E-02, 0.3787500E-01,   61.7275
 0.2525000E-02, 0.4040000E-01,   61.8258
 0.2525000E-02, 0.4292500E-01,   61.8787
 0.2525000E-02, 0.4545000E-01,   61.8787
 0.2525000E-02, 0.4797500E-01,   61.8258
 0.2525000E-02, 0.5050000E-01,   61.7275
 0.2525000E-02, 0.5302500E-01,   61.5436
 0.2525000E-02, 0.5555000E-01,   61.0533
 0.2525000E-02, 0.5807500E-01,   59.4370
 0.2525000E-02, 0.6060000E-01,   59.4370
 0.2525000E-02, 0.6312500E-01,   61.0533
 0.2525000E-02, 0.6565000E-01,   61.5436
 0.2525000E-02, 0.6817500E-01,   61.7275
 0.2525000E-02, 0.7070000E-01,   61.8258
 0.2525000E-02, 0.7322500E-01,   61.8787
 0.2525000E-02, 0.7575000E-01,   61.8787
 0.2525000E-02, 0.7827500E-01,   61.8258
 0.2525000E-02, 0.8080000E-01,   61.7275
 0.2525000E-02, 0.8332500E-01,   61.5436
 0.2525000E-02, 0.8585000E-01,   61.0533
 0.2525000E-02, 0.8837500E-01,   59.4370
 0.2525000E-02, 0.9090000E-01,   59.4370
 0.2525000E-02, 0.9342500E-01,   61.0533
 0.2525000E-02, 0.9595000E-01,   61.5436
 0.2525000E-02, 0.9847500E-01,   61.7275
 0.2525000E-02, 0.1010000E+00,   61.8257
 0.2525000E-02, 0.1035250E+00,   61.8785
 0.2525000E-02, 0.1060500E+00,   61.8778
 0.2525000E-02, 0.1085750E+00,   61.8225
 0.2525000E-02, 0.1111000E+00,   61.7151
 0.2525000E-02, 0.1136250E+00,   61.4982
 0.2525000E-02, 0.1161500E+00,   60.8845
 0.2525000E-02, 0.1186750E+00,   58.8141
 0.5050000E-02, 0.2525000E-02,   62.0572
 0.5050000E-02, 0.5050000E-02,   62.1786
 0.5050000E-02, 0.7575000E-02,   62.4079
 0.5050000E-02, 0.1010000E-01,   62.7134
 0.5050000E-02, 0.1262500E-01,   62.9342
 0.5050000E-02, 0.1515000E-01,   62.9317
 0.5050000E-02, 0.1767500E-01,   62.7012
 0.5050000E-02, 0.2020000E-01,   62.3625
 0.5050000E-02, 0.2272500E-01,   62.0094
 0.5050000E-02, 0.2525000E-01,   61.4326
 0.5050000E-02, 0.2777500E-01,   59.7931
 0.5050000E-02, 0.3030000E-01,   59.7931
 0.5050000E-02, 0.3282500E-01,   61.4326
 0.5050000E-02, 0.3535000E-01,   62.0094
 0.5050000E-02, 0.3787500E-01,   62.3624
 0.5050000E-02, 0.4040000E-01,   62.7010
 0.5050000E-02, 0.4292500E-01,   62.9308
 0.5050000E-02, 0.4545000E-01,   62.9308
 0.5050000E-02, 0.4797500E-01,   62.7010
 0.5050000E-02, 0.5050000E-01,   62.3624
 0.5050000E-02, 0.5302500E-01,   62.0094
 0.5050000E-02, 0.5555000E-01,   61.4326
 0.5050000E-02, 0.5807500E-01,   59.7931
 0.5050000E-02, 0.6060000E-01,   59.7931
 0.5050000E-02, 0.6312500E-01,   61.4326
 0.5050000E-02, 0.6565000E-01,   62.0094
 0.5050000E-02, 0.6817500E-01,   62.3624
 0.5050000E-02, 0.7070000E-01,   62.7010
 0.5050000E-02, 0.7322500E-01,   62.9308
 0.5050000E-02, 0.7575000E-01,   62.9308
 0.5050000E-02, 0.7827500E-01,   62.7010
 0.5050000E-02, 0.8080000E-01,   62.3624
 0.5050000E-02, 0.8332500E-01,   62.0094
 0.5050000E-02, 0.8585000E-01,   61.4326
 0.5050000E-02, 0.8837500E-01,   59.7931
 0.5050000E-02, 0.9090000E-01,   59.7931
 0.5050000E-02, 0.9342500E-01,   61.4326
 0.5050000E-02, 0.9595000E-01,   62.0094
 0.5050000E-02, 0.9847500E-01,   62.3624
 0.5050000E-02, 0.1010000E+00,   62.7009
 0.5050000E-02, 0.1035250E+00,   62.9306
 0.5050000E-02, 0.1060500E+00,   62.9299
 0.5050000E-02, 0.1085750E+00,   62.6976
 0.5050000E-02, 0.1111000E+00,   62.3500
 0.5050000E-02, 0.1136250E+00,   61.9639
 0.5050000E-02, 0.1161500E+00,   61.2634
 0.5050000E-02, 0.1186750E+00,   59.1685
 0.7575000E-02, 0.2525000E-02,   62.5151
 0.7575000E-02, 0.5050000E-02,   62.8053
 0.7575000E-02, 0.7575000E-02,   63.7421
 0.7575000E-02, 0.1010000E-01,   65.1775
 0.7575000E-02, 0.1262500E-01,   66.3994
 0.7575000E-02, 0.1515000E-01,   66.3969
 0.7575000E-02, 0.1767500E-01,   65.1653
 0.7575000E-02, 0.2020000E-01,   63.6966
 0.7575000E-02, 0.2272500E-01,   62.6355
 0.7575000E-02, 0.2525000E-01,   61.8880
 0.7575000E-02, 0.2777500E-01,   60.2068
 0.7575000E-02, 0.3030000E-01,   60.2068
 0.7575000E-02, 0.3282500E-01,   61.8880
 0.7575000E-02, 0.3535000E-01,   62.6355
 0.7575000E-02, 0.3787500E-01,   63.6965
 0.7575000E-02, 0.4040000E-01,   65.1651
 0.7575000E-02, 0.4292500E-01,   66.3960
 0.7575000E-02, 0.4545000E-01,   66.3960
 0.7575000E-02, 0.4797500E-01,   65.1651
 0.7575000E-02, 0.5050000E-01,   63.6965
 0.7575000E-02, 0.5302500E-01,   62.6355
 0.7575000E-02, 0.5555000E-01,   61.8880
 0.7575000E-02, 0.5807500E-01,   60.2068
 0.7575000E-02, 0.6060000E-01,   60.2068
 0.7575000E-02, 0.6312500E-01,   61.8880
 0.7575000E-02, 0.6565000E-01,   62.6355
 0.7575000E-02, 0.6817500E-01,   63.6965
 0.7575000E-02, 0.7070000E-01,   65.1651
 0.7575000E-02, 0.7322500E-01,   66.3960
 0.7575000E-02, 0.7575000E-01,   66.3960
 0.7575000E-02, 0.7827500E-01,   65.1651
 0.7575000E-02, 0.8080000E-01,   63.6965
 0.7575000E-02, 0.8332500E-01,   62.6355
 0.7575000E-02, 0.8585000E-01,   61.8880
 0.7575000E-02, 0.8837500E-01,   60.2068
 0.7575000E-02, 0.9090000E-01,   60.2068
 0.7575000E-02, 0.9342500E-01,   61.8880
 0.7575000E-02, 0.9595000E-01,   62.6355
 0.7575000E-02, 0.9847500E-01,   63.6965
 0.7575000E-02, 0.1010000E+00,   65.1650
 0.7575000E-02, 0.1035250E+00,   66.3958
 0.7575000E-02, 0.1060500E+00,   66.3951
 0.7575000E-02, 0.1085750E+00,   65.1617
 0.7575000E-02, 0.1111000E+00,   63.6841
 0.7575000E-02, 0.1136250E+00,   62.5899
 0.7575000E-02, 0.1161500E+00,   61.7183
 0.7575000E-02, 0.1186750E+00,   59.5797
 0.1010000E-01, 0.2525000E-02,   62.9915
 0.1010000E-01, 0.5050000E-02,   63.5219
 0.1010000E-01, 0.7575000E-02,   65.5887
 0.1010000E-01, 0.1010000E-01,   73.1361
 0.1010000E-01, 0.1262500E-01,   80.2740
 0.1010000E-01, 0.1515000E-01,   80.2715
 0.1010000E-01, 0.1767500E-01,   73.1239
 0.1010000E-01, 0.2020000E-01,   65.5430
 0.1010000E-01, 0.2272500E-01,   63.3516
 0.1010000E-01, 0.2525000E-01,   62.3622
 0.1010000E-01, 0.2777500E-01,   60.6351
 0.1010000E-01, 0.3030000E-01,   60.6351
 0.1010000E-01, 0.3282500E-01,   62.3621
 0.1010000E-01, 0.3535000E-01,   63.3516
 0.1010000E-01, 0.3787500E-01,   65.5430
 0.1010000E-01, 0.4040000E-01,   73.1236
 0.1010000E-01, 0.4292500E-01,   80.2706
 0.1010000E-01, 0.4545000E-01,   80.2706
 0.1010000E-01, 0.4797500E-01,   73.1236
 0.1010000E-01, 0.5050000E-01,   65.5430
 0.1010000E-01, 0.5302500E-01,   63.3516
 0.1010000E-01, 0.5555000E-01,   62.3621
 0.1010000E-01, 0.5807500E-01,   60.6351
 0.1010000E-01, 0.6060000E-01,   60.6351
 0.1010000E-01, 0.6312500E-01,   62.3621
 0.1010000E-01, 0.6565000E-01,   63.3516
 0.1010000E-01, 0.6817500E-01,   65.5430
 0.1010000E-01, 0.7070000E-01,   73.1236
 0.1010000E-01, 0.7322500E-01,   80.2706
 0.1010000E-01, 0.7575000E-01,   80.2706
 0.1010000E-01, 0.7827500E-01,   73.1236
 0.1010000E-01, 0.8080000E-01,   65.5430
 0.1010000E-01, 0.8332500E-01,   63.3516
 0.1010000E-01, 0.8585000E-01,   62.3621
 0.1010000E-01, 0.8837500E-01,   60.6351
 0.1010000E-01, 0.9090000E-01,   60.6351
 0.1010000E-01, 0.9342500E-01,   62.3621
 0.1010000E-01, 0.9595000E-01,   63.3516
 0.1010000E-01, 0.9847500E-01,   65.5429
 0.1010000E-01, 0.1010000E+00,   73.1236
 0.1010000E-01, 0.1035250E+00,   80.2704
 0.1010000E-01, 0.1060500E+00,   80.2697
 0.1010000E-01, 0.1085750E+00,   73.1203
 0.1010000E-01, 0.1111000E+00,   65.5305
 0.1010000E-01, 0.1136250E+00,   63.3059
 0.1010000E-01, 0.1161500E+00,   62.1919
 0.1010000E-01, 0.1186750E+00,   60.0057
 0.1262500E-01, 0.2525000E-02,   63.4503
 0.1262500E-01, 0.5050000E-02,   64.1576
 0.1262500E-01, 0.7575000E-02,   67.2254
 0.1262500E-01, 0.1010000E-01,   80.6889
 0.1262500E-01, 0.1262500E-01,   93.5966
 0.1262500E-01, 0.1515000E-01,   93.5941
 0.1262500E-01, 0.1767500E-01,   80.6766
 0.1262500E-01, 0.2020000E-01,   67.1797
 0.1262500E-01, 0.2272500E-01,   63.9870
 0.1262500E-01, 0.2525000E-01,   62.8195
 0.1262500E-01, 0.2777500E-01,   61.0606
 0.1262500E-01, 0.3030000E-01,   61.0606
 0.1262500E-01, 0.3282500E-01,   62.8195
 0.1262500E-01, 0.3535000E-01,   63.9870
 0.1262500E-01, 0.3787500E-01,   67.1797
 0.1262500E-01, 0.4040000E-01,   80.6764
 0.1262500E-01, 0.4292500E-01,   93.5932
 0.1262500E-01, 0.4545000E-01,   93.5932
 0.1262500E-01, 0.4797500E-01,   80.6764
 0.1262500E-01, 0.5050000E-01,   67.1797
 0.1262500E-01, 0.5302500E-01,   63.9870
 0.1262500E-01, 0.5555000E-01,   62.8195
 0.1262500E-01, 0.5807500E-01,   61.0606
 0.1262500E-01, 0.6060000E-01,   61.0606
 0.1262500E-01, 0.6312500E-01,   62.8195
 0.1262500E-01, 0.6565000E-01,   63.9870
 0.1262500E-01, 0.6817500E-01,   67.1797
 0.1262500E-01, 0.7070000E-01,   80.6764
 0.1262500E-01, 0.7322500E-01,   93.5932
 0.1262500E-01, 0.7575000E-01,   93.5932
 0.1262500E-01, 0.7827500E-01,   80.6764
 0.1262500E-01, 0.8080000E-01,   67.1797
 0.1262500E-01, 0.8332500E-01,   63.9870
 0.1262500E-01, 0.8585000E-01,   62.8195
 0.1262500E-01, 0.8837500E-01,   61.0606
 0.1262500E-01, 0.9090000E-01,   61.0606
 0.1262500E-01, 0.9342500E-01,   62.8195
 0.1262500E-01, 0.9595000E-01,   63.9870
 0.1262500E-01, 0.9847500E-01,   67.1797
 0.1262500E-01, 0.1010000E+00,   80.6763
 0.1262500E-01, 0.1035250E+00,   93.5930
 0.1262500E-01, 0.1060500E+00,   93.5923
 0.1262500E-01, 0.1085750E+00,   80.6730
 0.1262500E-01, 0.1111000E+00,   67.1672
 0.1262500E-01, 0.1136250E+00,   63.9412
 0.1262500E-01, 0.1161500E+00,   62.6490
 0.1262500E-01, 0.1186750E+00,   60.4299
 0.1515000E-01, 0.2525000E-02,   63.8638
 0.1515000E-01, 0.5050000E-02,   64.5711
 0.1515000E-01, 0.7575000E-02,   67.6389
 0.1515000E-01, 0.1010000E-01,   81.1024
 0.1515000E-01, 0.1262500E-01,   94.0101
 0.1515000E-01, 0.1515000E-01,   94.0077
 0.1515000E-01, 0.1767500E-01,   81.0902
 0.1515000E-01, 0.2020000E-01,   67.5934
 0.1515000E-01, 0.2272500E-01,   64.4008
 0.1515000E-01, 0.2525000E-01,   63.2334
 0.1515000E-01, 0.2777500E-01,   61.4745
 0.1515000E-01, 0.3030000E-01,   61.4745
 0.1515000E-01, 0.3282500E-01,   63.2334
 0.1515000E-01, 0.3535000E-01,   64.4007
 0.1515000E-01, 0.3787500E-01,   67.5933
 0.1515000E-01, 0.4040000E-01,   81.0900
 0.1515000E-01, 0.4292500E-01,   94.0068
 0.1515000E-01, 0.4545000E-01,   94.0068
 0.1515000E-01, 0.4797500E-01,   81.0900
 0.1515000E-01, 0.5050000E-01,   67.5933
 0.1515000E-01, 0.5302500E-01,   64.4007
 0.1515000E-01, 0.5555000E-01,   63.2334
 0.1515000E-01, 0.5807500E-01,   61.4745
 0.1515000E-01, 0.6060000E-01,   61.4745
 0.1515000E-01, 0.6312500E-01,   63.2334
 0.1515000E-01, 0.6565000E-01,   64.4007
 0.1515000E-01, 0.6817500E-01,   67.5933
 0.1515000E-01, 0.7070000E-01,   81.0900
 0.1515000E-01, 0.7322500E-01,   94.0068
 0.1515000E-01, 0.7575000E-01,   94.0068
 0.1515000E-01, 0.7827500E-01,   81.0900
 0.1515000E-01, 0.8080000E-01,   67.5933
 0.1515000E-01, 0.8332500E-01,   64.4007
 0.1515000E-01, 0.8585000E-01,   63.2334
 0.1515000E-01, 0.8837500E-01,   61.4745
 0.1515000E-01, 0.9090000E-01,   61.4745
 0.1515000E-01, 0.9342500E-01,   63.2334
 0.1515000E-01, 0.9595000E-01,   64.4007
 0.1515000E-01, 0.9847500E-01,   67.5933
 0.1515000E-01, 0.1010000E+00,   81.0899
 0.1515000E-01, 0.1035250E+00,   94.0065
 0.1515000E-01, 0.1060500E+00,   94.0059
 0.1515000E-01, 0.1085750E+00,   81.0866
 0.1515000E-01, 0.1111000E+00,   67.5809
 0.1515000E-01, 0.1136250E+00,   64.3551
 0.1515000E-01, 0.1161500E+00,   63.0631
 0.1515000E-01, 0.1186750E+00,   60.8441
 0.1767500E-01, 0.2525000E-02,   64.2264
 0.1767500E-01, 0.5050000E-02,   64.7567
 0.1767500E-01, 0.7575000E-02,   66.8235
 0.1767500E-01, 0.1010000E-01,   74.3710
 0.1767500E-01, 0.1262500E-01,   81.5088
 0.1767500E-01, 0.1515000E-01,   81.5064
 0.1767500E-01, 0.1767500E-01,   74.3590
 0.1767500E-01, 0.2020000E-01,   66.7785
 0.1767500E-01, 0.2272500E-01,   64.5876
 0.1767500E-01, 0.2525000E-01,   63.5988
 0.1767500E-01, 0.2777500E-01,   61.8722
 0.1767500E-01, 0.3030000E-01,   61.8722
 0.1767500E-01, 0.3282500E-01,   63.5988
 0.1767500E-01, 0.3535000E-01,   64.5876
 0.1767500E-01, 0.3787500E-01,   66.7784
 0.1767500E-01, 0.4040000E-01,   74.3587
 0.1767500E-01, 0.4292500E-01,   81.5055
 0.1767500E-01, 0.4545000E-01,   81.5055
 0.1767500E-01, 0.4797500E-01,   74.3587
 0.1767500E-01, 0.5050000E-01,   66.7784
 0.1767500E-01, 0.5302500E-01,   64.5876
 0.1767500E-01, 0.5555000E-01,   63.5988
 0.1767500E-01, 0.5807500E-01,   61.8722
 0.1767500E-01, 0.6060000E-01,   61.8722
 0.1767500E-01, 0.6312500E-01,   63.5988
 0.1767500E-01, 0.6565000E-01,   64.5876
 0.1767500E-01, 0.6817500E-01,   66.7784
 0.1767500E-01, 0.7070000E-01,   74.3587
 0.1767500E-01, 0.7322500E-01,   81.5055
 0.1767500E-01, 0.7575000E-01,   81.5055
 0.1767500E-01, 0.7827500E-01,   74.3587
 0.1767500E-01, 0.8080000E-01,   66.7784
 0.1767500E-01, 0.8332500E-01,   64.5876
 0.1767500E-01, 0.8585000E-01,   63.5988
 0.1767500E-01, 0.8837500E-01,   61.8722
 0.1767500E-01, 0.9090000E-01,   61.8722
 0.1767500E-01, 0.9342500E-01,   63.5988
 0.1767500E-01, 0.9595000E-01,   64.5876
 0.1767500E-01, 0.9847500E-01,   66.7784
 0.1767500E-01, 0.1010000E+00,   74.3586
 0.1767500E-01, 0.1035250E+00,   81.5053
 0.1767500E-01, 0.1060500E+00,   81.5047
 0.1767500E-01, 0.1085750E+00,   74.3554
 0.1767500E-01, 0.1111000E+00,   66.7662
 0.1767500E-01, 0.1136250E+00,   64.5425
 0.1767500E-01, 0.1161500E+00,   63.4297
 0.1767500E-01, 0.1186750E+00,   61.2445
 0.2020000E-01, 0.2525000E-02,   64.5443
 0.2020000E-01, 0.5050000E-02,   64.8343
 0.2020000E-01, 0.7575000E-02,   65.7711
 0.2020000E-01, 0.1010000E-01,   67.2064
 0.2020000E-01, 0.1262500E-01,   68.4282
 0.2020000E-01, 0.1515000E-01,   68.4259
 0.2020000E-01, 0.1767500E-01,   67.1948
 0.2020000E-01, 0.2020000E-01,   65.7274
 0.2020000E-01, 0.2272500E-01,   64.6686
 0.2020000E-01, 0.2525000E-01,   63.9243
 0.2020000E-01, 0.2777500E-01,   62.2448
 0.2020000E-01, 0.3030000E-01,   62.2448
 0.2020000E-01, 0.3282500E-01,   63.9243
 0.2020000E-01, 0.3535000E-01,   64.6686
 0.2020000E-01, 0.3787500E-01,   65.7273
 0.2020000E-01, 0.4040000E-01,   67.1945
 0.2020000E-01, 0.4292500E-01,   68.4250
 0.2020000E-01, 0.4545000E-01,   68.4250
 0.2020000E-01, 0.4797500E-01,   67.1945
 0.2020000E-01, 0.5050000E-01,   65.7273
 0.2020000E-01, 0.5302500E-01,   64.6686
 0.2020000E-01, 0.5555000E-01,   63.9243
 0.2020000E-01, 0.5807500E-01,   62.2448
 0.2020000E-01, 0.6060000E-01,   62.2448
 0.2020000E-01, 0.6312500E-01,   63.9243
 0.2020000E-01, 0.6565000E-01,   64.6686
 0.2020000E-01, 0.6817500E-01,   65.7273
 0.2020000E-01, 0.7070000E-01,   67.1945
 0.2020000E-01, 0.7322500E-01,   68.4250
 0.2020000E-01, 0.7575000E-01,   68.4250
 0.2020000E-01, 0.7827500E-01,   67.1945
 0.2020000E-01, 0.8080000E-01,   65.7273
 0.2020000E-01, 0.8332500E-01,   64.6686
 0.2020000E-01, 0.8585000E-01,   63.9243
 0.2020000E-01, 0.8837500E-01,   62.2448
 0.2020000E-01, 0.9090000E-01,   62.2448
 0.2020000E-01, 0.9342500E-01,   63.9243
 0.2020000E-01, 0.9595000E-01,   64.6686
 0.2020000E-01, 0.9847500E-01,   65.7273
 0.2020000E-01, 0.1010000E+00,   67.1945
 0.2020000E-01, 0.1035250E+00,   68.4248
 0.2020000E-01, 0.1060500E+00,   68.4242
 0.2020000E-01, 0.1085750E+00,   67.1914
 0.2020000E-01, 0.1111000E+00,   65.7154
 0.2020000E-01, 0.1136250E+00,   64.6248
 0.2020000E-01, 0.1161500E+00,   63.7585
 0.2020000E-01, 0.1186750E+00,   61.6249
 0.2272500E-01, 0.2525000E-02,   64.7766
 0.2272500E-01, 0.5050000E-02,   64.8976
 0.2272500E-01, 0.7575000E-02,   65.1264
 0.2272500E-01, 0.1010000E-01,   65.4313
 0.2272500E-01, 0.1262500E-01,   65.6518
 0.2272500E-01, 0.1515000E-01,   65.6496
 0.2272500E-01, 0.1767500E-01,   65.4202
 0.2272500E-01, 0.2020000E-01,   65.0849
 0.2272500E-01, 0.2272500E-01,   64.7417
 0.2272500E-01, 0.2525000E-01,   64.1782
 0.2272500E-01, 0.2777500E-01,   62.5518
 0.2272500E-01, 0.3030000E-01,   62.5518
 0.2272500E-01, 0.3282500E-01,   64.1782
 0.2272500E-01, 0.3535000E-01,   64.7417
 0.2272500E-01, 0.3787500E-01,   65.0849
 0.2272500E-01, 0.4040000E-01,   65.4200
 0.2272500E-01, 0.4292500E-01,   65.6488
 0.2272500E-01, 0.4545000E-01,   65.6488
 0.2272500E-01, 0.4797500E-01,   65.4200
 0.2272500E-01, 0.5050000E-01,   65.0849
 0.2272500E-01, 0.5302500E-01,   64.7417
 0.2272500E-01, 0.5555000E-01,   64.1782
 0.2272500E-01, 0.5807500E-01,   62.5518
 0.2272500E-01, 0.6060000E-01,   62.5518
 0.2272500E-01, 0.6312500E-01,   64.1782
 0.2272500E-01, 0.6565000E-01,   64.7417
 0.2272500E-01, 0.6817500E-01,   65.0849
 0.2272500E-01, 0.7070000E-01,   65.4200
 0.2272500E-01, 0.7322500E-01,   65.6488
 0.2272500E-01, 0.7575000E-01,   65.6488
 0.2272500E-01, 0.7827500E-01,   65.4200
 0.2272500E-01, 0.8080000E-01,   65.0849
 0.2272500E-01, 0.8332500E-01,   64.7417
 0.2272500E-01, 0.8585000E-01,   64.1781
 0.2272500E-01, 0.8837500E-01,   62.5518
 0.2272500E-01, 0.9090000E-01,   62.5518
 0.2272500E-01, 0.9342500E-01,   64.1781
 0.2272500E-01, 0.9595000E-01,   64.7417
 0.2272500E-01, 0.9847500E-01,   65.0849
 0.2272500E-01, 0.1010000E+00,   65.4200
 0.2272500E-01, 0.1035250E+00,   65.6485
 0.2272500E-01, 0.1060500E+00,   65.6479
 0.2272500E-01, 0.1085750E+00,   65.4170
 0.2272500E-01, 0.1111000E+00,   65.0736
 0.2272500E-01, 0.1136250E+00,   64.7003
 0.2272500E-01, 0.1161500E+00,   64.0223
 0.2272500E-01, 0.1186750E+00,   61.9533
 0.2525000E-01, 0.2525000E-02,   64.7026
 0.2525000E-01, 0.5050000E-02,   64.7371
 0.2525000E-01, 0.7575000E-02,   64.7952
 0.2525000E-01, 0.1010000E-01,   64.8582
 0.2525000E-01, 0.1262500E-01,   64.9006
 0.2525000E-01, 0.1515000E-01,   64.8985
 0.2525000E-01, 0.1767500E-01,   64.8477
 0.2525000E-01, 0.2020000E-01,   64.7569
 0.2525000E-01, 0.2272500E-01,   64.5945
 0.2525000E-01, 0.2525000E-01,   64.1844
 0.2525000E-01, 0.2777500E-01,   62.6348
 0.2525000E-01, 0.3030000E-01,   62.6348
 0.2525000E-01, 0.3282500E-01,   64.1844
 0.2525000E-01, 0.3535000E-01,   64.5945
 0.2525000E-01, 0.3787500E-01,   64.7569
 0.2525000E-01, 0.4040000E-01,   64.8475
 0.2525000E-01, 0.4292500E-01,   64.8977
 0.2525000E-01, 0.4545000E-01,   64.8977
 0.2525000E-01, 0.4797500E-01,   64.8475
 0.2525000E-01, 0.5050000E-01,   64.7569
 0.2525000E-01, 0.5302500E-01,   64.5945
 0.2525000E-01, 0.5555000E-01,   64.1844
 0.2525000E-01, 0.5807500E-01,   62.6348
 0.2525000E-01, 0.6060000E-01,   62.6348
 0.2525000E-01, 0.6312500E-01,   64.1844
 0.2525000E-01, 0.6565000E-01,   64.5945
 0.2525000E-01, 0.6817500E-01,   64.7569
 0.2525000E-01, 0.7070000E-01,   64.8475
 0.2525000E-01, 0.7322500E-01,   64.8977
 0.2525000E-01, 0.7575000E-01,   64.8977
 0.2525000E-01, 0.7827500E-01,   64.8475
 0.2525000E-01, 0.8080000E-01,   64.7569
 0.2525000E-01, 0.8332500E-01,   64.5945
 0.2525000E-01, 0.8585000E-01,   64.1844
 0.2525000E-01, 0.8837500E-01,   62.6348
 0.2525000E-01, 0.9090000E-01,   62.6348
 0.2525000E-01, 0.9342500E-01,   64.1844
 0.2525000E-01, 0.9595000E-01,   64.5945
 0.2525000E-01, 0.9847500E-01,   64.7568
 0.2525000E-01, 0.1010000E+00,   64.8474
 0.2525000E-01, 0.1035250E+00,   64.8975
 0.2525000E-01, 0.1060500E+00,   64.8969
 0.2525000E-01, 0.1085750E+00,   64.8446
 0.2525000E-01, 0.1111000E+00,   64.7462
 0.2525000E-01, 0.1136250E+00,   64.5562
 0.2525000E-01, 0.1161500E+00,   64.0418
 0.2525000E-01, 0.1186750E+00,   62.1166
 0.2777500E-01, 0.2525000E-02,   63.5027
 0.2777500E-01, 0.5050000E-02,   63.5139
 0.2777500E-01, 0.7575000E-02,   63.5302
 0.2777500E-01, 0.1010000E-01,   63.5474
 0.2777500E-01, 0.1262500E-01,   63.5580
 0.2777500E-01, 0.1515000E-01,   63.5560
 0.2777500E-01, 0.1767500E-01,   63.5374
 0.2777500E-01, 0.2020000E-01,   63.4938
 0.2777500E-01, 0.2272500E-01,   63.3844
 0.2777500E-01, 0.2525000E-01,   63.0511
 0.2777500E-01, 0.2777500E-01,   62.1645
 0.2777500E-01, 0.3030000E-01,   62.1645
 0.2777500E-01, 0.3282500E-01,   63.0511
 0.2777500E-01, 0.3535000E-01,   63.3844
 0.2777500E-01, 0.3787500E-01,   63.4937
 0.2777500E-01, 0.4040000E-01,   63.5372
 0.2777500E-01, 0.4292500E-01,   63.5552
 0.2777500E-01, 0.4545000E-01,   63.5552
 0.2777500E-01, 0.4797500E-01,   63.5372
 0.2777500E-01, 0.5050000E-01,   63.4937
 0.2777500E-01, 0.5302500E-01,   63.3844
 0.2777500E-01, 0.5555000E-01,   63.0511
 0.2777500E-01, 0.5807500E-01,   62.1645
 0.2777500E-01, 0.6060000E-01,   62.1645
 0.2777500E-01, 0.6312500E-01,   63.0511
 0.2777500E-01, 0.6565000E-01,   63.3844
 0.2777500E-01, 0.6817500E-01,   63.4937
 0.2777500E-01, 0.7070000E-01,   63.5372
 0.2777500E-01, 0.7322500E-01,   63.5552
 0.2777500E-01, 0.7575000E-01,   63.5552
 0.2777500E-01, 0.7827500E-01,   63.5372
 0.2777500E-01, 0.8080000E-01,   63.4937
 0.2777500E-01, 0.8332500E-01,   63.3844
 0.2777500E-01, 0.8585000E-01,   63.0511
 0.2777500E-01, 0.8837500E-01,   62.1645
 0.2777500E-01, 0.9090000E-01,   62.1645
 0.2777500E-01, 0.9342500E-01,   63.0511
 0.2777500E-01, 0.9595000E-01,   63.3844
 0.2777500E-01, 0.9847500E-01,   63.4937
 0.2777500E-01, 0.1010000E+00,   63.5372
 0.2777500E-01, 0.1035250E+00,   63.5550
 0.2777500E-01, 0.1060500E+00,   63.5544
 0.2777500E-01, 0.1085750E+00,   63.5344
 0.2777500E-01, 0.1111000E+00,   63.4836
 0.2777500E-01, 0.1136250E+00,   63.3479
 0.2777500E-01, 0.1161500E+00,   62.9217
 0.2777500E-01, 0.1186750E+00,   61.7129
 0.3030000E-01, 0.2525000E-02,   63.9190
 0.3030000E-01, 0.5050000E-02,   63.9302
 0.3030000E-01, 0.7575000E-02,   63.9465
 0.3030000E-01, 0.1010000E-01,   63.9637
 0.3030000E-01, 0.1262500E-01,   63.9743
 0.3030000E-01, 0.1515000E-01,   63.9723
 0.3030000E-01, 0.1767500E-01,   63.9538
 0.3030000E-01, 0.2020000E-01,   63.9101
 0.3030000E-01, 0.2272500E-01,   63.8008
 0.3030000E-01, 0.2525000E-01,   63.4674
 0.3030000E-01, 0.2777500E-01,   62.5808
 0.3030000E-01, 0.3030000E-01,   62.5808
 0.3030000E-01, 0.3282500E-01,   63.4674
 0.3030000E-01, 0.3535000E-01,   63.8007
 0.3030000E-01, 0.3787500E-01,   63.9100
 0.3030000E-01, 0.4040000E-01,   63.9535
 0.3030000E-01, 0.4292500E-01,   63.9715
 0.3030000E-01, 0.4545000E-01,   63.9715
 0.3030000E-01, 0.4797500E-01,   63.9535
 0.3030000E-01, 0.5050000E-01,   63.9100
 0.3030000E-01, 0.5302500E-01,   63.8007
 0.3030000E-01, 0.5555000E-01,   63.4674
 0.3030000E-01, 0.5807500E-01,   62.5808
 0.3030000E-01, 0.6060000E-01,   62.5808
 0.3030000E-01, 0.6312500E-01,   63.4674
 0.3030000E-01, 0.6565000E-01,   63.8007
 0.3030000E-01, 0.6817500E-01,   63.9100
 0.3030000E-01, 0.7070000E-01,   63.9535
 0.3030000E-01, 0.7322500E-01,   63.9715
 0.3030000E-01, 0.7575000E-01,   63.9715
 0.3030000E-01, 0.7827500E-01,   63.9535
 0.3030000E-01, 0.8080000E-01,   63.9100
 0.3030000E-01, 0.8332500E-01,   63.8007
 0.3030000E-01, 0.8585000E-01,   63.4674
 0.3030000E-01, 0.8837500E-01,   62.5808
 0.3030000E-01, 0.9090000E-01,   62.5808
 0.3030000E-01, 0.9342500E-01,   63.4674
 0.3030000E-01, 0.9595000E-01,   63.8007
 0.3030000E-01, 0.9847500E-01,   63.9100
 0.3030000E-01, 0.1010000E+00,   63.9535
 0.3030000E-01, 0.1035250E+00,   63.9713
 0.3030000E-01, 0.1060500E+00,   63.9708
 0.3030000E-01, 0.1085750E+00,   63.9507
 0.3030000E-01, 0.1111000E+00,   63.8999
 0.3030000E-01, 0.1136250E+00,   63.7643
 0.3030000E-01, 0.1161500E+00,   63.3380
 0.3030000E-01, 0.1186750E+00,   62.1292
 0.3282500E-01, 0.2525000E-02,   65.9516
 0.3282500E-01, 0.5050000E-02,   65.9860
 0.3282500E-01, 0.7575000E-02,   66.0441
 0.3282500E-01, 0.1010000E-01,   66.1071
 0.3282500E-01, 0.1262500E-01,   66.1496
 0.3282500E-01, 0.1515000E-01,   66.1475
 0.3282500E-01, 0.1767500E-01,   66.0967
 0.3282500E-01, 0.2020000E-01,   66.0059
 0.3282500E-01, 0.2272500E-01,   65.8434
 0.3282500E-01, 0.2525000E-01,   65.4334
 0.3282500E-01, 0.2777500E-01,   63.8838
 0.3282500E-01, 0.3030000E-01,   63.8838
 0.3282500E-01, 0.3282500E-01,   65.4333
 0.3282500E-01, 0.3535000E-01,   65.8434
 0.3282500E-01, 0.3787500E-01,   66.0058
 0.3282500E-01, 0.4040000E-01,   66.0964
 0.3282500E-01, 0.4292500E-01,   66.1467
 0.3282500E-01, 0.4545000E-01,   66.1467
 0.3282500E-01, 0.4797500E-01,   66.0964
 0.3282500E-01, 0.5050000E-01,   66.0058
 0.3282500E-01, 0.5302500E-01,   65.8434
 0.3282500E-01, 0.5555000E-01,   65.4333
 0.3282500E-01, 0.5807500E-01,   63.8838
 0.3282500E-01, 0.6060000E-01,   63.8838
 0.3282500E-01, 0.6312500E-01,   65.4333
 0.3282500E-01, 0.6565000E-01,   65.8434
 0.3282500E-01, 0.6817500E-01,   66.0058
 0.3282500E-01, 0.7070000E-01,   66.0964
 0.3282500E-01, 0.7322500E-01,   66.1467
 0.3282500E-01, 0.7575000E-01,   66.1467
 0.3282500E-01, 0.7827500E-01,   66.0964
 0.3282500E-01, 0.8080000E-01,   66.0058
 0.3282500E-01, 0.8332500E-01,   65.8434
 0.3282500E-01, 0.8585000E-01,   65.4333
 0.3282500E-01, 0.8837500E-01,   63.8838
 0.3282500E-01, 0.9090000E-01,   63.8838
 0.3282500E-01, 0.9342500E-01,   65.4333
 0.3282500E-01, 0.9595000E-01,   65.8434
 0.3282500E-01, 0.9847500E-01,   66.0058
 0.3282500E-01, 0.1010000E+00,   66.0964
 0.3282500E-01, 0.1035250E+00,   66.1465
 0.3282500E-01, 0.1060500E+00,   66.1459
 0.3282500E-01, 0.1085750E+00,   66.0936
 0.3282500E-01, 0.1111000E+00,   65.9951
 0.3282500E-01, 0.1136250E+00,   65.8051
 0.3282500E-01, 0.1161500E+00,   65.2907
 0.3282500E-01, 0.1186750E+00,   63.3655
 0.3535000E-01, 0.2525000E-02,   66.8582
 0.3535000E-01, 0.5050000E-02,   66.9792
 0.3535000E-01, 0.7575000E-02,   67.2079
 0.3535000E-01, 0.1010000E-01,   67.5129
 0.3535000E-01, 0.1262500E-01,   67.7334
 0.3535000E-01, 0.1515000E-01,   67.7312
 0.3535000E-01, 0.1767500E-01,   67.5018
 0.3535000E-01, 0.2020000E-01,   67.1665
 0.3535000E-01, 0.2272500E-01,   66.8233
 0.3535000E-01, 0.2525000E-01,   66.2597
 0.3535000E-01, 0.2777500E-01,   64.6334
 0.3535000E-01, 0.3030000E-01,   64.6334
 0.3535000E-01, 0.3282500E-01,   66.2597
 0.3535000E-01, 0.3535000E-01,   66.8233
 0.3535000E-01, 0.3787500E-01,   67.1665
 0.3535000E-01, 0.4040000E-01,   67.5016
 0.3535000E-01, 0.4292500E-01,   67.7303
 0.3535000E-01, 0.4545000E-01,   67.7303
 0.3535000E-01, 0.4797500E-01,   67.5016
 0.3535000E-01, 0.5050000E-01,   67.1665
 0.3535000E-01, 0.5302500E-01,   66.8233
 0.3535000E-01, 0.5555000E-01,   66.2597
 0.3535000E-01, 0.5807500E-01,   64.6334
 0.3535000E-01, 0.6060000E-01,   64.6334
 0.3535000E-01, 0.6312500E-01,   66.2597
 0.3535000E-01, 0.6565000E-01,   66.8233
 0.3535000E-01, 0.6817500E-01,   67.1665
 0.3535000E-01, 0.7070000E-01,   67.5016
 0.3535000E-01, 0.7322500E-01,   67.7303
 0.3535000E-01, 0.7575000E-01,   67.7303
 0.3535000E-01, 0.7827500E-01,   67.5016
 0.3535000E-01, 0.8080000E-01,   67.1665
 0.3535000E-01, 0.8332500E-01,   66.8233
 0.3535000E-01, 0.8585000E-01,   66.2597
 0.3535000E-01, 0.8837500E-01,   64.6334
 0.3535000E-01, 0.9090000E-01,   64.6334
 0.3535000E-01, 0.9342500E-01,   66.2597
 0.3535000E-01, 0.9595000E-01,   66.8233
 0.3535000E-01, 0.9847500E-01,   67.1664
 0.3535000E-01, 0.1010000E+00,   67.5015
 0.3535000E-01, 0.1035250E+00,   67.7301
 0.3535000E-01, 0.1060500E+00,   67.7295
 0.3535000E-01, 0.1085750E+00,   67.4986
 0.3535000E-01, 0.1111000E+00,   67.1552
 0.3535000E-01, 0.1136250E+00,   66.7818
 0.3535000E-01, 0.1161500E+00,   66.1039
 0.3535000E-01, 0.1186750E+00,   64.0349
 0.3787500E-01, 0.2525000E-02,   67.4584
 0.3787500E-01, 0.5050000E-02,   67.7485
 0.3787500E-01, 0.7575000E-02,   68.6853
 0.3787500E-01, 0.1010000E-01,   70.1206
 0.3787500E-01, 0.1262500E-01,   71.3424
 0.3787500E-01, 0.1515000E-01,   71.3401
 0.3787500E-01, 0.1767500E-01,   70.1089
 0.3787500E-01, 0.2020000E-01,   68.6415
 0.3787500E-01, 0.2272500E-01,   67.5828
 0.3787500E-01, 0.2525000E-01,   66.8385
 0.3787500E-01, 0.2777500E-01,   65.1590
 0.3787500E-01, 0.3030000E-01,   65.1590
 0.3787500E-01, 0.3282500E-01,   66.8385
 0.3787500E-01, 0.3535000E-01,   67.5828
 0.3787500E-01, 0.3787500E-01,   68.6415
 0.3787500E-01, 0.4040000E-01,   70.1087
 0.3787500E-01, 0.4292500E-01,   71.3392
 0.3787500E-01, 0.4545000E-01,   71.3392
 0.3787500E-01, 0.4797500E-01,   70.1087
 0.3787500E-01, 0.5050000E-01,   68.6415
 0.3787500E-01, 0.5302500E-01,   67.5828
 0.3787500E-01, 0.5555000E-01,   66.8385
 0.3787500E-01, 0.5807500E-01,   65.1590
 0.3787500E-01, 0.6060000E-01,   65.1590
 0.3787500E-01, 0.6312500E-01,   66.8385
 0.3787500E-01, 0.6565000E-01,   67.5828
 0.3787500E-01, 0.6817500E-01,   68.6415
 0.3787500E-01, 0.7070000E-01,   70.1087
 0.3787500E-01, 0.7322500E-01,   71.3392
 0.3787500E-01, 0.7575000E-01,   71.3392
 0.3787500E-01, 0.7827500E-01,   70.1087
 0.3787500E-01, 0.8080000E-01,   68.6415
 0.3787500E-01, 0.8332500E-01,   67.5828
 0.3787500E-01, 0.8585000E-01,   66.8385
 0.3787500E-01, 0.8837500E-01,   65.1590
 0.3787500E-01, 0.9090000E-01,   65.1590
 0.3787500E-01, 0.9342500E-01,   66.8384
 0.3787500E-01, 0.9595000E-01,   67.5828
 0.3787500E-01, 0.9847500E-01,   68.6415
 0.3787500E-01, 0.1010000E+00,   70.1086
 0.3787500E-01, 0.1035250E+00,   71.3390
 0.3787500E-01, 0.1060500E+00,   71.3383
 0.3787500E-01, 0.1085750E+00,   70.1055
 0.3787500E-01, 0.1111000E+00,   68.6296
 0.3787500E-01, 0.1136250E+00,   67.5390
 0.3787500E-01, 0.1161500E+00,   66.6727
 0.3787500E-01, 0.1186750E+00,   64.5390
 0.4040000E-01, 0.2525000E-02,   67.9730
 0.4040000E-01, 0.5050000E-02,   68.5033
 0.4040000E-01, 0.7575000E-02,   70.5701
 0.4040000E-01, 0.1010000E-01,   78.1176
 0.4040000E-01, 0.1262500E-01,   85.2554
 0.4040000E-01, 0.1515000E-01,   85.2530
 0.4040000E-01, 0.1767500E-01,   78.1056
 0.4040000E-01, 0.2020000E-01,   70.5251
 0.4040000E-01, 0.2272500E-01,   68.3343
 0.4040000E-01, 0.2525000E-01,   67.3454
 0.4040000E-01, 0.2777500E-01,   65.6188
 0.4040000E-01, 0.3030000E-01,   65.6188
 0.4040000E-01, 0.3282500E-01,   67.3454
 0.4040000E-01, 0.3535000E-01,   68.3342
 0.4040000E-01, 0.3787500E-01,   70.5250
 0.4040000E-01, 0.4040000E-01,   78.1053
 0.4040000E-01, 0.4292500E-01,   85.2521
 0.4040000E-01, 0.4545000E-01,   85.2521
 0.4040000E-01, 0.4797500E-01,   78.1053
 0.4040000E-01, 0.5050000E-01,   70.5250
 0.4040000E-01, 0.5302500E-01,   68.3342
 0.4040000E-01, 0.5555000E-01,   67.3454
 0.4040000E-01, 0.5807500E-01,   65.6188
 0.4040000E-01, 0.6060000E-01,   65.6188
 0.4040000E-01, 0.6312500E-01,   67.3454
 0.4040000E-01, 0.6565000E-01,   68.3342
 0.4040000E-01, 0.6817500E-01,   70.5250
 0.4040000E-01, 0.7070000E-01,   78.1053
 0.4040000E-01, 0.7322500E-01,   85.2521
 0.4040000E-01, 0.7575000E-01,   85.2521
 0.4040000E-01, 0.7827500E-01,   78.1053
 0.4040000E-01, 0.8080000E-01,   70.5250
 0.4040000E-01, 0.8332500E-01,   68.3342
 0.4040000E-01, 0.8585000E-01,   67.3454
 0.4040000E-01, 0.8837500E-01,   65.6188
 0.4040000E-01, 0.9090000E-01,   65.6188
 0.4040000E-01, 0.9342500E-01,   67.3454
 0.4040000E-01, 0.9595000E-01,   68.3342
 0.4040000E-01, 0.9847500E-01,   70.5250
 0.4040000E-01, 0.1010000E+00,   78.1053
 0.4040000E-01, 0.1035250E+00,   85.2519
 0.4040000E-01, 0.1060500E+00,   85.2513
 0.4040000E-01, 0.1085750E+00,   78.1021
 0.4040000E-01, 0.1111000E+00,   70.5128
 0.4040000E-01, 0.1136250E+00,   68.2891
 0.4040000E-01, 0.1161500E+00,   67.1763
 0.4040000E-01, 0.1186750E+00,   64.9912
 0.4292500E-01, 0.2525000E-02,   68.4423
 0.4292500E-01, 0.5050000E-02,   69.1495
 0.4292500E-01, 0.7575000E-02,   72.2174
 0.4292500E-01, 0.1010000E-01,   85.6809
 0.4292500E-01, 0.1262500E-01,   98.5886
 0.4292500E-01, 0.1515000E-01,   98.5861
 0.4292500E-01, 0.1767500E-01,   85.6687
 0.4292500E-01, 0.2020000E-01,   72.1719
 0.4292500E-01, 0.2272500E-01,   68.9793
 0.4292500E-01, 0.2525000E-01,   67.8120
 0.4292500E-01, 0.2777500E-01,   66.0531
 0.4292500E-01, 0.3030000E-01,   66.0531
 0.4292500E-01, 0.3282500E-01,   67.8120
 0.4292500E-01, 0.3535000E-01,   68.9793
 0.4292500E-01, 0.3787500E-01,   72.1718
 0.4292500E-01, 0.4040000E-01,   85.6685
 0.4292500E-01, 0.4292500E-01,   98.5852
 0.4292500E-01, 0.4545000E-01,   98.5852
 0.4292500E-01, 0.4797500E-01,   85.6685
 0.4292500E-01, 0.5050000E-01,   72.1718
 0.4292500E-01, 0.5302500E-01,   68.9793
 0.4292500E-01, 0.5555000E-01,   67.8120
 0.4292500E-01, 0.5807500E-01,   66.0531
 0.4292500E-01, 0.6060000E-01,   66.0531
 0.4292500E-01, 0.6312500E-01,   67.8120
 0.4292500E-01, 0.6565000E-01,   68.9793
 0.4292500E-01, 0.6817500E-01,   72.1718
 0.4292500E-01, 0.7070000E-01,   85.6685
 0.4292500E-01, 0.7322500E-01,   98.5852
 0.4292500E-01, 0.7575000E-01,   98.5852
 0.4292500E-01, 0.7827500E-01,   85.6685
 0.4292500E-01, 0.8080000E-01,   72.1718
 0.4292500E-01, 0.8332500E-01,   68.9793
 0.4292500E-01, 0.8585000E-01,   67.8120
 0.4292500E-01, 0.8837500E-01,   66.0531
 0.4292500E-01, 0.9090000E-01,   66.0531
 0.4292500E-01, 0.9342500E-01,   67.8120
 0.4292500E-01, 0.9595000E-01,   68.9793
 0.4292500E-01, 0.9847500E-01,   72.1718
 0.4292500E-01, 0.1010000E+00,   85.6684
 0.4292500E-01, 0.1035250E+00,   98.5850
 0.4292500E-01, 0.1060500E+00,   98.5843
 0.4292500E-01, 0.1085750E+00,   85.6652
 0.4292500E-01, 0.1111000E+00,   72.1594
 0.4292500E-01, 0.1136250E+00,   68.9337
 0.4292500E-01, 0.1161500E+00,   67.6417
 0.4292500E-01, 0.1186750E+00,   65.4228
 0.4545000E-01, 0.2525000E-02,   68.8586
 0.4545000E-01, 0.5050000E-02,   69.5659
 0.4545000E-01, 0.7575000E-02,   72.6337
 0.4545000E-01, 0.1010000E-01,   86.0972
 0.4545000E-01, 0.1262500E-01,   99.0049
 0.4545000E-01, 0.1515000E-01,   99.0025
 0.4545000E-01, 0.1767500E-01,   86.0850
 0.4545000E-01, 0.2020000E-01,   72.5882
 0.4545000E-01, 0.2272500E-01,   69.3956
 0.4545000E-01, 0.2525000E-01,   68.2283
 0.4545000E-01, 0.2777500E-01,   66.4695
 0.4545000E-01, 0.3030000E-01,   66.4695
 0.4545000E-01, 0.3282500E-01,   68.2283
 0.4545000E-01, 0.3535000E-01,   69.3956
 0.4545000E-01, 0.3787500E-01,   72.5882
 0.4545000E-01, 0.4040000E-01,   86.0848
 0.4545000E-01, 0.4292500E-01,   99.0016
 0.4545000E-01, 0.4545000E-01,   99.0016
 0.4545000E-01, 0.4797500E-01,   86.0848
 0.4545000E-01, 0.5050000E-01,   72.5882
 0.4545000E-01, 0.5302500E-01,   69.3956
 0.4545000E-01, 0.5555000E-01,   68.2283
 0.4545000E-01, 0.5807500E-01,   66.4695
 0.4545000E-01, 0.6060000E-01,   66.4695
 0.4545000E-01, 0.6312500E-01,   68.2283
 0.4545000E-01, 0.6565000E-01,   69.3956
 0.4545000E-01, 0.6817500E-01,   72.5882
 0.4545000E-01, 0.7070000E-01,   86.0848
 0.4545000E-01, 0.7322500E-01,   99.0016
 0.4545000E-01, 0.7575000E-01,   99.0016
 0.4545000E-01, 0.7827500E-01,   86.0848
 0.4545000E-01, 0.8080000E-01,   72.5882
 0.4545000E-01, 0.8332500E-01,   69.3956
 0.4545000E-01, 0.8585000E-01,   68.2283
 0.4545000E-01, 0.8837500E-01,   66.4695
 0.4545000E-01, 0.9090000E-01,   66.4695
 0.4545000E-01, 0.9342500E-01,   68.2283
 0.4545000E-01, 0.9595000E-01,   69.3956
 0.4545000E-01, 0.9847500E-01,   72.5881
 0.4545000E-01, 0.1010000E+00,   86.0847
 0.4545000E-01, 0.1035250E+00,   99.0013
 0.4545000E-01, 0.1060500E+00,   99.0007
 0.4545000E-01, 0.1085750E+00,   86.0815
 0.4545000E-01, 0.1111000E+00,   72.5758
 0.4545000E-01, 0.1136250E+00,   69.3501
 0.4545000E-01, 0.1161500E+00,   68.0581
 0.4545000E-01, 0.1186750E+00,   65.8392
 0.4797500E-01, 0.2525000E-02,   69.2220
 0.4797500E-01, 0.5050000E-02,   69.7523
 0.4797500E-01, 0.7575000E-02,   71.8191
 0.4797500E-01, 0.1010000E-01,   79.3665
 0.4797500E-01, 0.1262500E-01,   86.5044
 0.4797500E-01, 0.1515000E-01,   86.5020
 0.4797500E-01, 0.1767500E-01,   79.3545
 0.4797500E-01, 0.2020000E-01,   71.7740
 0.4797500E-01, 0.2272500E-01,   69.5832
 0.4797500E-01, 0.2525000E-01,   68.5944
 0.4797500E-01, 0.2777500E-01,   66.8678
 0.4797500E-01, 0.3030000E-01,   66.8678
 0.4797500E-01, 0.3282500E-01,   68.5944
 0.4797500E-01, 0.3535000E-01,   69.5832
 0.4797500E-01, 0.3787500E-01,   71.7740
 0.4797500E-01, 0.4040000E-01,   79.3543
 0.4797500E-01, 0.4292500E-01,   86.5011
 0.4797500E-01, 0.4545000E-01,   86.5011
 0.4797500E-01, 0.4797500E-01,   79.3543
 0.4797500E-01, 0.5050000E-01,   71.7740
 0.4797500E-01, 0.5302500E-01,   69.5832
 0.4797500E-01, 0.5555000E-01,   68.5944
 0.4797500E-01, 0.5807500E-01,   66.8678
 0.4797500E-01, 0.6060000E-01,   66.8678
 0.4797500E-01, 0.6312500E-01,   68.5944
 0.4797500E-01, 0.6565000E-01,   69.5832
 0.4797500E-01, 0.6817500E-01,   71.7740
 0.4797500E-01, 0.7070000E-01,   79.3543
 0.4797500E-01, 0.7322500E-01,   86.5011
 0.4797500E-01, 0.7575000E-01,   86.5011
 0.4797500E-01, 0.7827500E-01,   79.3543
 0.4797500E-01, 0.8080000E-01,   71.7740
 0.4797500E-01, 0.8332500E-01,   69.5832
 0.4797500E-01, 0.8585000E-01,   68.5944
 0.4797500E-01, 0.8837500E-01,   66.8678
 0.4797500E-01, 0.9090000E-01,   66.8678
 0.4797500E-01, 0.9342500E-01,   68.5944
 0.4797500E-01, 0.9595000E-01,   69.5832
 0.4797500E-01, 0.9847500E-01,   71.7740
 0.4797500E-01, 0.1010000E+00,   79.3542
 0.4797500E-01, 0.1035250E+00,   86.5009
 0.4797500E-01, 0.1060500E+00,   86.5002
 0.4797500E-01, 0.1085750E+00,   79.3510
 0.4797500E-01, 0.1111000E+00,   71.7617
 0.4797500E-01, 0.1136250E+00,   69.5381
 0.4797500E-01, 0.1161500E+00,   68.4253
 0.4797500E-01, 0.1186750E+00,   66.2402
 0.5050000E-01, 0.2525000E-02,   69.5400
 0.5050000E-01, 0.5050000E-02,   69.8301
 0.5050000E-01, 0.7575000E-02,   70.7669
 0.5050000E-01, 0.1010000E-01,   72.2022
 0.5050000E-01, 0.1262500E-01,   73.4240
 0.5050000E-01, 0.1515000E-01,   73.4217
 0.5050000E-01, 0.1767500E-01,   72.1905
 0.5050000E-01, 0.2020000E-01,   70.7231
 0.5050000E-01, 0.2272500E-01,   69.6644
 0.5050000E-01, 0.2525000E-01,   68.9201
 0.5050000E-01, 0.2777500E-01,   67.2406
 0.5050000E-01, 0.3030000E-01,   67.2406
 0.5050000E-01, 0.3282500E-01,   68.9201
 0.5050000E-01, 0.3535000E-01,   69.6644
 0.5050000E-01, 0.3787500E-01,   70.7231
 0.5050000E-01, 0.4040000E-01,   72.1903
 0.5050000E-01, 0.4292500E-01,   73.4208
 0.5050000E-01, 0.4545000E-01,   73.4208
 0.5050000E-01, 0.4797500E-01,   72.1903
 0.5050000E-01, 0.5050000E-01,   70.7231
 0.5050000E-01, 0.5302500E-01,   69.6644
 0.5050000E-01, 0.5555000E-01,   68.9201
 0.5050000E-01, 0.5807500E-01,   67.2406
 0.5050000E-01, 0.6060000E-01,   67.2406
 0.5050000E-01, 0.6312500E-01,   68.9201
 0.5050000E-01, 0.6565000E-01,   69.6644
 0.5050000E-01, 0.6817500E-01,   70.7231
 0.5050000E-01, 0.7070000E-01,   72.1903
 0.5050000E-01, 0.7322500E-01,   73.4208
 0.5050000E-01, 0.7575000E-01,   73.4208
 0.5050000E-01, 0.7827500E-01,   72.1903
 0.5050000E-01, 0.8080000E-01,   70.7231
 0.5050000E-01, 0.8332500E-01,   69.6644
 0.5050000E-01, 0.8585000E-01,   68.9201
 0.5050000E-01, 0.8837500E-01,   67.2406
 0.5050000E-01, 0.9090000E-01,   67.2406
 0.5050000E-01, 0.9342500E-01,   68.9201
 0.5050000E-01, 0.9595000E-01,   69.6644
 0.5050000E-01, 0.9847500E-01,   70.7231
 0.5050000E-01, 0.1010000E+00,   72.1902
 0.5050000E-01, 0.1035250E+00,   73.4206
 0.5050000E-01, 0.1060500E+00,   73.4199
 0.5050000E-01, 0.1085750E+00,   72.1871
 0.5050000E-01, 0.1111000E+00,   70.7112
 0.5050000E-01, 0.1136250E+00,   69.6206
 0.5050000E-01, 0.1161500E+00,   68.7543
 0.5050000E-01, 0.1186750E+00,   66.6206
 0.5302500E-01, 0.2525000E-02,   69.7724
 0.5302500E-01, 0.5050000E-02,   69.8934
 0.5302500E-01, 0.7575000E-02,   70.1222
 0.5302500E-01, 0.1010000E-01,   70.4271
 0.5302500E-01, 0.1262500E-01,   70.6476
 0.5302500E-01, 0.1515000E-01,   70.6454
 0.5302500E-01, 0.1767500E-01,   70.4161
 0.5302500E-01, 0.2020000E-01,   70.0808
 0.5302500E-01, 0.2272500E-01,   69.7376
 0.5302500E-01, 0.2525000E-01,   69.1740
 0.5302500E-01, 0.2777500E-01,   67.5476
 0.5302500E-01, 0.3030000E-01,   67.5476
 0.5302500E-01, 0.3282500E-01,   69.1740
 0.5302500E-01, 0.3535000E-01,   69.7376
 0.5302500E-01, 0.3787500E-01,   70.0807
 0.5302500E-01, 0.4040000E-01,   70.4158
 0.5302500E-01, 0.4292500E-01,   70.6446
 0.5302500E-01, 0.4545000E-01,   70.6446
 0.5302500E-01, 0.4797500E-01,   70.4158
 0.5302500E-01, 0.5050000E-01,   70.0807
 0.5302500E-01, 0.5302500E-01,   69.7376
 0.5302500E-01, 0.5555000E-01,   69.1740
 0.5302500E-01, 0.5807500E-01,   67.5476
 0.5302500E-01, 0.6060000E-01,   67.5476
 0.5302500E-01, 0.6312500E-01,   69.1740
 0.5302500E-01, 0.6565000E-01,   69.7376
 0.5302500E-01, 0.6817500E-01,   70.0807
 0.5302500E-01, 0.7070000E-01,   70.4158
 0.5302500E-01, 0.7322500E-01,   70.6446
 0.5302500E-01, 0.7575000E-01,   70.6446
 0.5302500E-01, 0.7827500E-01,   70.4158
 0.5302500E-01, 0.8080000E-01,   70.0807
 0.5302500E-01, 0.8332500E-01,   69.7376
 0.5302500E-01, 0.8585000E-01,   69.1740
 0.5302500E-01, 0.8837500E-01,   67.5476
 0.5302500E-01, 0.9090000E-01,   67.5476
 0.5302500E-01, 0.9342500E-01,   69.1740
 0.5302500E-01, 0.9595000E-01,   69.7376
 0.5302500E-01, 0.9847500E-01,   70.0807
 0.5302500E-01, 0.1010000E+00,   70.4158
 0.5302500E-01, 0.1035250E+00,   70.6444
 0.5302500E-01, 0.1060500E+00,   70.6438
 0.5302500E-01, 0.1085750E+00,   70.4128
 0.5302500E-01, 0.1111000E+00,   70.0694
 0.5302500E-01, 0.1136250E+00,   69.6961
 0.5302500E-01, 0.1161500E+00,   69.0181
 0.5302500E-01, 0.1186750E+00,   66.9492
 0.5555000E-01, 0.2525000E-02,   69.6985
 0.5555000E-01, 0.5050000E-02,   69.7329
 0.5555000E-01, 0.7575000E-02,   69.7910
 0.5555000E-01, 0.1010000E-01,   69.8540
 0.5555000E-01, 0.1262500E-01,   69.8964
 0.5555000E-01, 0.1515000E-01,   69.8944
 0.5555000E-01, 0.1767500E-01,   69.8435
 0.5555000E-01, 0.2020000E-01,   69.7528
 0.5555000E-01, 0.2272500E-01,   69.5903
 0.5555000E-01, 0.2525000E-01,   69.1802
 0.5555000E-01, 0.2777500E-01,   67.6306
 0.5555000E-01, 0.3030000E-01,   67.6306
 0.5555000E-01, 0.3282500E-01,   69.1802
 0.5555000E-01, 0.3535000E-01,   69.5903
 0.5555000E-01, 0.3787500E-01,   69.7527
 0.5555000E-01, 0.4040000E-01,   69.8433
 0.5555000E-01, 0.4292500E-01,   69.8936
 0.5555000E-01, 0.4545000E-01,   69.8936
 0.5555000E-01, 0.4797500E-01,   69.8433
 0.5555000E-01, 0.5050000E-01,   69.7527
 0.5555000E-01, 0.5302500E-01,   69.5903
 0.5555000E-01, 0.5555000E-01,   69.1802
 0.5555000E-01, 0.5807500E-01,   67.6306
 0.5555000E-01, 0.6060000E-01,   67.6306
 0.5555000E-01, 0.6312500E-01,   69.1802
 0.5555000E-01, 0.6565000E-01,   69.5903
 0.5555000E-01, 0.6817500E-01,   69.7527
 0.5555000E-01, 0.7070000E-01,   69.8433
 0.5555000E-01, 0.7322500E-01,   69.8936
 0.5555000E-01, 0.7575000E-01,   69.8936
 0.5555000E-01, 0.7827500E-01,   69.8433
 0.5555000E-01, 0.8080000E-01,   69.7527
 0.5555000E-01, 0.8332500E-01,   69.5903
 0.5555000E-01, 0.8585000E-01,   69.1802
 0.5555000E-01, 0.8837500E-01,   67.6306
 0.5555000E-01, 0.9090000E-01,   67.6306
 0.5555000E-01, 0.9342500E-01,   69.1802
 0.5555000E-01, 0.9595000E-01,   69.5903
 0.5555000E-01, 0.9847500E-01,   69.7527
 0.5555000E-01, 0.1010000E+00,   69.8433
 0.5555000E-01, 0.1035250E+00,   69.8934
 0.5555000E-01, 0.1060500E+00,   69.8928
 0.5555000E-01, 0.1085750E+00,   69.8405
 0.5555000E-01, 0.1111000E+00,   69.7420
 0.5555000E-01, 0.1136250E+00,   69.5520
 0.5555000E-01, 0.1161500E+00,   69.0376
 0.5555000E-01, 0.1186750E+00,   67.1124
 0.5807500E-01, 0.2525000E-02,   68.4985
 0.5807500E-01, 0.5050000E-02,   68.5097
 0.5807500E-01, 0.7575000E-02,   68.5261
 0.5807500E-01, 0.1010000E-01,   68.5432
 0.5807500E-01, 0.1262500E-01,   68.5539
 0.5807500E-01, 0.1515000E-01,   68.5518
 0.5807500E-01, 0.1767500E-01,   68.5333
 0.5807500E-01, 0.2020000E-01,   68.4896
 0.5807500E-01, 0.2272500E-01,   68.3803
 0.5807500E-01, 0.2525000E-01,   68.0470
 0.5807500E-01, 0.2777500E-01,   67.1603
 0.5807500E-01, 0.3030000E-01,   67.1603
 0.5807500E-01, 0.3282500E-01,   68.0470
 0.5807500E-01, 0.3535000E-01,   68.3803
 0.5807500E-01, 0.3787500E-01,   68.4896
 0.5807500E-01, 0.4040000E-01,   68.5331
 0.5807500E-01, 0.4292500E-01,   68.5511
 0.5807500E-01, 0.4545000E-01,   68.5511
 0.5807500E-01, 0.4797500E-01,   68.5331
 0.5807500E-01, 0.5050000E-01,   68.4896
 0.5807500E-01, 0.5302500E-01,   68.3803
 0.5807500E-01, 0.5555000E-01,   68.0470
 0.5807500E-01, 0.5807500E-01,   67.1603
 0.5807500E-01, 0.6060000E-01,   67.1603
 0.5807500E-01, 0.6312500E-01,   68.0470
 0.5807500E-01, 0.6565000E-01,   68.3803
 0.5807500E-01, 0.6817500E-01,   68.4896
 0.5807500E-01, 0.7070000E-01,   68.5331
 0.5807500E-01, 0.7322500E-01,   68.5511
 0.5807500E-01, 0.7575000E-01,   68.5511
 0.5807500E-01, 0.7827500E-01,   68.5331
 0.5807500E-01, 0.8080000E-01,   68.4896
 0.5807500E-01, 0.8332500E-01,   68.3803
 0.5807500E-01, 0.8585000E-01,   68.0470
 0.5807500E-01, 0.8837500E-01,   67.1603
 0.5807500E-01, 0.9090000E-01,   67.1603
 0.5807500E-01, 0.9342500E-01,   68.0470
 0.5807500E-01, 0.9595000E-01,   68.3803
 0.5807500E-01, 0.9847500E-01,   68.4896
 0.5807500E-01, 0.1010000E+00,   68.5330
 0.5807500E-01, 0.1035250E+00,   68.5508
 0.5807500E-01, 0.1060500E+00,   68.5503
 0.5807500E-01, 0.1085750E+00,   68.5303
 0.5807500E-01, 0.1111000E+00,   68.4794
 0.5807500E-01, 0.1136250E+00,   68.3438
 0.5807500E-01, 0.1161500E+00,   67.9175
 0.5807500E-01, 0.1186750E+00,   66.7088
 0.6060000E-01, 0.2525000E-02,   68.9148
 0.6060000E-01, 0.5050000E-02,   68.9260
 0.6060000E-01, 0.7575000E-02,   68.9424
 0.6060000E-01, 0.1010000E-01,   68.9595
 0.6060000E-01, 0.1262500E-01,   68.9702
 0.6060000E-01, 0.1515000E-01,   68.9682
 0.6060000E-01, 0.1767500E-01,   68.9496
 0.6060000E-01, 0.2020000E-01,   68.9060
 0.6060000E-01, 0.2272500E-01,   68.7966
 0.6060000E-01, 0.2525000E-01,   68.4633
 0.6060000E-01, 0.2777500E-01,   67.5766
 0.6060000E-01, 0.3030000E-01,   67.5766
 0.6060000E-01, 0.3282500E-01,   68.4633
 0.6060000E-01, 0.3535000E-01,   68.7966
 0.6060000E-01, 0.3787500E-01,   68.9059
 0.6060000E-01, 0.4040000E-01,   68.9494
 0.6060000E-01, 0.4292500E-01,   68.9674
 0.6060000E-01, 0.4545000E-01,   68.9674
 0.6060000E-01, 0.4797500E-01,   68.9494
 0.6060000E-01, 0.5050000E-01,   68.9059
 0.6060000E-01, 0.5302500E-01,   68.7966
 0.6060000E-01, 0.5555000E-01,   68.4633
 0.6060000E-01, 0.5807500E-01,   67.5766
 0.6060000E-01, 0.6060000E-01,   67.5766
 0.6060000E-01, 0.6312500E-01,   68.4633
 0.6060000E-01, 0.6565000E-01,   68.7966
 0.6060000E-01, 0.6817500E-01,   68.9059
 0.6060000E-01, 0.7070000E-01,   68.9494
 0.6060000E-01, 0.7322500E-01,   68.9674
 0.6060000E-01, 0.7575000E-01,   68.9674
 0.6060000E-01, 0.7827500E-01,   68.9494
 0.6060000E-01, 0.8080000E-01,   68.9059
 0.6060000E-01, 0.8332500E-01,   68.7966
 0.6060000E-01, 0.8585000E-01,   68.4633
 0.6060000E-01, 0.8837500E-01,   67.5766
 0.6060000E-01, 0.9090000E-01,   67.5766
 0.6060000E-01, 0.9342500E-01,   68.4633
 0.6060000E-01, 0.9595000E-01,   68.7966
 0.6060000E-01, 0.9847500E-01,   68.9059
 0.6060000E-01, 0.1010000E+00,   68.9493
 0.6060000E-01, 0.1035250E+00,   68.9672
 0.6060000E-01, 0.1060500E+00,   68.9666
 0.6060000E-01, 0.1085750E+00,   68.9466
 0.6060000E-01, 0.1111000E+00,   68.8957
 0.6060000E-01, 0.1136250E+00,   68.7601
 0.6060000E-01, 0.1161500E+00,   68.3338
 0.6060000E-01, 0.1186750E+00,   67.1251
 0.6312500E-01, 0.2525000E-02,   70.9474
 0.6312500E-01, 0.5050000E-02,   70.9819
 0.6312500E-01, 0.7575000E-02,   71.0400
 0.6312500E-01, 0.1010000E-01,   71.1030
 0.6312500E-01, 0.1262500E-01,   71.1454
 0.6312500E-01, 0.1515000E-01,   71.1433
 0.6312500E-01, 0.1767500E-01,   71.0925
 0.6312500E-01, 0.2020000E-01,   71.0017
 0.6312500E-01, 0.2272500E-01,   70.8393
 0.6312500E-01, 0.2525000E-01,   70.4292
 0.6312500E-01, 0.2777500E-01,   68.8796
 0.6312500E-01, 0.3030000E-01,   68.8796
 0.6312500E-01, 0.3282500E-01,   70.4292
 0.6312500E-01, 0.3535000E-01,   70.8393
 0.6312500E-01, 0.3787500E-01,   71.0017
 0.6312500E-01, 0.4040000E-01,   71.0923
 0.6312500E-01, 0.4292500E-01,   71.1425
 0.6312500E-01, 0.4545000E-01,   71.1425
 0.6312500E-01, 0.4797500E-01,   71.0923
 0.6312500E-01, 0.5050000E-01,   71.0017
 0.6312500E-01, 0.5302500E-01,   70.8393
 0.6312500E-01, 0.5555000E-01,   70.4292
 0.6312500E-01, 0.5807500E-01,   68.8796
 0.6312500E-01, 0.6060000E-01,   68.8796
 0.6312500E-01, 0.6312500E-01,   70.4292
 0.6312500E-01, 0.6565000E-01,   70.8393
 0.6312500E-01, 0.6817500E-01,   71.0017
 0.6312500E-01, 0.7070000E-01,   71.0923
 0.6312500E-01, 0.7322500E-01,   71.1425
 0.6312500E-01, 0.7575000E-01,   71.1425
 0.6312500E-01, 0.7827500E-01,   71.0923
 0.6312500E-01, 0.8080000E-01,   71.0017
 0.6312500E-01, 0.8332500E-01,   70.8393
 0.6312500E-01, 0.8585000E-01,   70.4292
 0.6312500E-01, 0.8837500E-01,   68.8796
 0.6312500E-01, 0.9090000E-01,   68.8796
 0.6312500E-01, 0.9342500E-01,   70.4292
 0.6312500E-01, 0.9595000E-01,   70.8393
 0.6312500E-01, 0.9847500E-01,   71.0016
 0.6312500E-01, 0.1010000E+00,   71.0922
 0.6312500E-01, 0.1035250E+00,   71.1423
 0.6312500E-01, 0.1060500E+00,   71.1417
 0.6312500E-01, 0.1085750E+00,   71.0894
 0.6312500E-01, 0.1111000E+00,   70.9910
 0.6312500E-01, 0.1136250E+00,   70.8010
 0.6312500E-01, 0.1161500E+00,   70.2866
 0.6312500E-01, 0.1186750E+00,   68.3614
 0.6565000E-01, 0.2525000E-02,   71.8540
 0.6565000E-01, 0.5050000E-02,   71.9750
 0.6565000E-01, 0.7575000E-02,   72.2038
 0.6565000E-01, 0.1010000E-01,   72.5087
 0.6565000E-01, 0.1262500E-01,   72.7292
 0.6565000E-01, 0.1515000E-01,   72.7270
 0.6565000E-01, 0.1767500E-01,   72.4977
 0.6565000E-01, 0.2020000E-01,   72.1624
 0.6565000E-01, 0.2272500E-01,   71.8192
 0.6565000E-01, 0.2525000E-01,   71.2556
 0.6565000E-01, 0.2777500E-01,   69.6292
 0.6565000E-01, 0.3030000E-01,   69.6292
 0.6565000E-01, 0.3282500E-01,   71.2556
 0.6565000E-01, 0.3535000E-01,   71.8192
 0.6565000E-01, 0.3787500E-01,   72.1623
 0.6565000E-01, 0.4040000E-01,   72.4974
 0.6565000E-01, 0.4292500E-01,   72.7262
 0.6565000E-01, 0.4545000E-01,   72.7262
 0.6565000E-01, 0.4797500E-01,   72.4974
 0.6565000E-01, 0.5050000E-01,   72.1623
 0.6565000E-01, 0.5302500E-01,   71.8192
 0.6565000E-01, 0.5555000E-01,   71.2556
 0.6565000E-01, 0.5807500E-01,   69.6292
 0.6565000E-01, 0.6060000E-01,   69.6292
 0.6565000E-01, 0.6312500E-01,   71.2556
 0.6565000E-01, 0.6565000E-01,   71.8192
 0.6565000E-01, 0.6817500E-01,   72.1623
 0.6565000E-01, 0.7070000E-01,   72.4974
 0.6565000E-01, 0.7322500E-01,   72.7262
 0.6565000E-01, 0.7575000E-01,   72.7262
 0.6565000E-01, 0.7827500E-01,   72.4974
 0.6565000E-01, 0.8080000E-01,   72.1623
 0.6565000E-01, 0.8332500E-01,   71.8192
 0.6565000E-01, 0.8585000E-01,   71.2556
 0.6565000E-01, 0.8837500E-01,   69.6292
 0.6565000E-01, 0.9090000E-01,   69.6292
 0.6565000E-01, 0.9342500E-01,   71.2556
 0.6565000E-01, 0.9595000E-01,   71.8192
 0.6565000E-01, 0.9847500E-01,   72.1623
 0.6565000E-01, 0.1010000E+00,   72.4974
 0.6565000E-01, 0.1035250E+00,   72.7260
 0.6565000E-01, 0.1060500E+00,   72.7254
 0.6565000E-01, 0.1085750E+00,   72.4944
 0.6565000E-01, 0.1111000E+00,   72.1510
 0.6565000E-01, 0.1136250E+00,   71.7777
 0.6565000E-01, 0.1161500E+00,   71.0997
 0.6565000E-01, 0.1186750E+00,   69.0308
 0.6817500E-01, 0.2525000E-02,   72.4543
 0.6817500E-01, 0.5050000E-02,   72.7444
 0.6817500E-01, 0.7575000E-02,   73.6811
 0.6817500E-01, 0.1010000E-01,   75.1164
 0.6817500E-01, 0.1262500E-01,   76.3382
 0.6817500E-01, 0.1515000E-01,   76.3359
 0.6817500E-01, 0.1767500E-01,   75.1048
 0.6817500E-01, 0.2020000E-01,   73.6374
 0.6817500E-01, 0.2272500E-01,   72.5786
 0.6817500E-01, 0.2525000E-01,   71.8343
 0.6817500E-01, 0.2777500E-01,   70.1549
 0.6817500E-01, 0.3030000E-01,   70.1549
 0.6817500E-01, 0.3282500E-01,   71.8343
 0.6817500E-01, 0.3535000E-01,   72.5786
 0.6817500E-01, 0.3787500E-01,   73.6373
 0.6817500E-01, 0.4040000E-01,   75.1045
 0.6817500E-01, 0.4292500E-01,   76.3350
 0.6817500E-01, 0.4545000E-01,   76.3350
 0.6817500E-01, 0.4797500E-01,   75.1045
 0.6817500E-01, 0.5050000E-01,   73.6373
 0.6817500E-01, 0.5302500E-01,   72.5786
 0.6817500E-01, 0.5555000E-01,   71.8343
 0.6817500E-01, 0.5807500E-01,   70.1549
 0.6817500E-01, 0.6060000E-01,   70.1549
 0.6817500E-01, 0.6312500E-01,   71.8343
 0.6817500E-01, 0.6565000E-01,   72.5786
 0.6817500E-01, 0.6817500E-01,   73.6373
 0.6817500E-01, 0.7070000E-01,   75.1045
 0.6817500E-01, 0.7322500E-01,   76.3350
 0.6817500E-01, 0.7575000E-01,   76.3350
 0.6817500E-01, 0.7827500E-01,   75.1045
 0.6817500E-01, 0.8080000E-01,   73.6373
 0.6817500E-01, 0.8332500E-01,   72.5786
 0.6817500E-01, 0.8585000E-01,   71.8343
 0.6817500E-01, 0.8837500E-01,   70.1549
 0.6817500E-01, 0.9090000E-01,   70.1549
 0.6817500E-01, 0.9342500E-01,   71.8343
 0.6817500E-01, 0.9595000E-01,   72.5786
 0.6817500E-01, 0.9847500E-01,   73.6373
 0.6817500E-01, 0.1010000E+00,   75.1045
 0.6817500E-01, 0.1035250E+00,   76.3348
 0.6817500E-01, 0.1060500E+00,   76.3342
 0.6817500E-01, 0.1085750E+00,   75.1014
 0.6817500E-01, 0.1111000E+00,   73.6255
 0.6817500E-01, 0.1136250E+00,   72.5349
 0.6817500E-01, 0.1161500E+00,   71.6686
 0.6817500E-01, 0.1186750E+00,   69.5349
 0.7070000E-01, 0.2525000E-02,   72.9689
 0.7070000E-01, 0.5050000E-02,   73.4992
 0.7070000E-01, 0.7575000E-02,   75.5660
 0.7070000E-01, 0.1010000E-01,   83.1134
 0.7070000E-01, 0.1262500E-01,   90.2512
 0.7070000E-01, 0.1515000E-01,   90.2489
 0.7070000E-01, 0.1767500E-01,   83.1014
 0.7070000E-01, 0.2020000E-01,   75.5209
 0.7070000E-01, 0.2272500E-01,   73.3301
 0.7070000E-01, 0.2525000E-01,   72.3413
 0.7070000E-01, 0.2777500E-01,   70.6147
 0.7070000E-01, 0.3030000E-01,   70.6147
 0.7070000E-01, 0.3282500E-01,   72.3413
 0.7070000E-01, 0.3535000E-01,   73.3301
 0.7070000E-01, 0.3787500E-01,   75.5209
 0.7070000E-01, 0.4040000E-01,   83.1012
 0.7070000E-01, 0.4292500E-01,   90.2480
 0.7070000E-01, 0.4545000E-01,   90.2480
 0.7070000E-01, 0.4797500E-01,   83.1012
 0.7070000E-01, 0.5050000E-01,   75.5209
 0.7070000E-01, 0.5302500E-01,   73.3301
 0.7070000E-01, 0.5555000E-01,   72.3413
 0.7070000E-01, 0.5807500E-01,   70.6147
 0.7070000E-01, 0.6060000E-01,   70.6147
 0.7070000E-01, 0.6312500E-01,   72.3413
 0.7070000E-01, 0.6565000E-01,   73.3301
 0.7070000E-01, 0.6817500E-01,   75.5209
 0.7070000E-01, 0.7070000E-01,   83.1012
 0.7070000E-01, 0.7322500E-01,   90.2480
 0.7070000E-01, 0.7575000E-01,   90.2480
 0.7070000E-01, 0.7827500E-01,   83.1012
 0.7070000E-01, 0.8080000E-01,   75.5209
 0.7070000E-01, 0.8332500E-01,   73.3301
 0.7070000E-01, 0.8585000E-01,   72.3413
 0.7070000E-01, 0.8837500E-01,   70.6147
 0.7070000E-01, 0.9090000E-01,   70.6147
 0.7070000E-01, 0.9342500E-01,   72.3413
 0.7070000E-01, 0.9595000E-01,   73.3301
 0.7070000E-01, 0.9847500E-01,   75.5208
 0.7070000E-01, 0.1010000E+00,   83.1011
 0.7070000E-01, 0.1035250E+00,   90.2477
 0.7070000E-01, 0.1060500E+00,   90.2471
 0.7070000E-01, 0.1085750E+00,   83.0979
 0.7070000E-01, 0.1111000E+00,   75.5086
 0.7070000E-01, 0.1136250E+00,   73.2850
 0.7070000E-01, 0.1161500E+00,   72.1722
 0.7070000E-01, 0.1186750E+00,   69.9870
 0.7322500E-01, 0.2525000E-02,   73.4381
 0.7322500E-01, 0.5050000E-02,   74.1454
 0.7322500E-01, 0.7575000E-02,   77.2132
 0.7322500E-01, 0.1010000E-01,   90.6767
 0.7322500E-01, 0.1262500E-01,  103.5844
 0.7322500E-01, 0.1515000E-01,  103.5820
 0.7322500E-01, 0.1767500E-01,   90.6645
 0.7322500E-01, 0.2020000E-01,   77.1677
 0.7322500E-01, 0.2272500E-01,   73.9752
 0.7322500E-01, 0.2525000E-01,   72.8078
 0.7322500E-01, 0.2777500E-01,   71.0490
 0.7322500E-01, 0.3030000E-01,   71.0490
 0.7322500E-01, 0.3282500E-01,   72.8078
 0.7322500E-01, 0.3535000E-01,   73.9751
 0.7322500E-01, 0.3787500E-01,   77.1677
 0.7322500E-01, 0.4040000E-01,   90.6643
 0.7322500E-01, 0.4292500E-01,  103.5811
 0.7322500E-01, 0.4545000E-01,  103.5811
 0.7322500E-01, 0.4797500E-01,   90.6643
 0.7322500E-01, 0.5050000E-01,   77.1677
 0.7322500E-01, 0.5302500E-01,   73.9751
 0.7322500E-01, 0.5555000E-01,   72.8078
 0.7322500E-01, 0.5807500E-01,   71.0490
 0.7322500E-01, 0.6060000E-01,   71.0490
 0.7322500E-01, 0.6312500E-01,   72.8078
 0.7322500E-01, 0.6565000E-01,   73.9751
 0.7322500E-01, 0.6817500E-01,   77.1677
 0.7322500E-01, 0.7070000E-01,   90.6643
 0.7322500E-01, 0.7322500E-01,  103.5811
 0.7322500E-01, 0.7575000E-01,  103.5811
 0.7322500E-01, 0.7827500E-01,   90.6643
 0.7322500E-01, 0.8080000E-01,   77.1677
 0.7322500E-01, 0.8332500E-01,   73.9751
 0.7322500E-01, 0.8585000E-01,   72.8078
 0.7322500E-01, 0.8837500E-01,   71.0490
 0.7322500E-01, 0.9090000E-01,   71.0490
 0.7322500E-01, 0.9342500E-01,   72.8078
 0.7322500E-01, 0.9595000E-01,   73.9751
 0.7322500E-01, 0.9847500E-01,   77.1677
 0.7322500E-01, 0.1010000E+00,   90.6642
 0.7322500E-01, 0.1035250E+00,  103.5808
 0.7322500E-01, 0.1060500E+00,  103.5802
 0.7322500E-01, 0.1085750E+00,   90.6610
 0.7322500E-01, 0.1111000E+00,   77.1553
 0.7322500E-01, 0.1136250E+00,   73.9296
 0.7322500E-01, 0.1161500E+00,   72.6376
 0.7322500E-01, 0.1186750E+00,   70.4187
 0.7575000E-01, 0.2525000E-02,   73.8544
 0.7575000E-01, 0.5050000E-02,   74.5617
 0.7575000E-01, 0.7575000E-02,   77.6296
 0.7575000E-01, 0.1010000E-01,   91.0930
 0.7575000E-01, 0.1262500E-01,  104.0007
 0.7575000E-01, 0.1515000E-01,  103.9983
 0.7575000E-01, 0.1767500E-01,   91.0809
 0.7575000E-01, 0.2020000E-01,   77.5841
 0.7575000E-01, 0.2272500E-01,   74.3915
 0.7575000E-01, 0.2525000E-01,   73.2241
 0.7575000E-01, 0.2777500E-01,   71.4653
 0.7575000E-01, 0.3030000E-01,   71.4653
 0.7575000E-01, 0.3282500E-01,   73.2241
 0.7575000E-01, 0.3535000E-01,   74.3915
 0.7575000E-01, 0.3787500E-01,   77.5840
 0.7575000E-01, 0.4040000E-01,   91.0806
 0.7575000E-01, 0.4292500E-01,  103.9974
 0.7575000E-01, 0.4545000E-01,  103.9974
 0.7575000E-01, 0.4797500E-01,   91.0806
 0.7575000E-01, 0.5050000E-01,   77.5840
 0.7575000E-01, 0.5302500E-01,   74.3915
 0.7575000E-01, 0.5555000E-01,   73.2241
 0.7575000E-01, 0.5807500E-01,   71.4653
 0.7575000E-01, 0.6060000E-01,   71.4653
 0.7575000E-01, 0.6312500E-01,   73.2241
 0.7575000E-01, 0.6565000E-01,   74.3915
 0.7575000E-01, 0.6817500E-01,   77.5840
 0.7575000E-01, 0.7070000E-01,   91.0806
 0.7575000E-01, 0.7322500E-01,  103.9974
 0.7575000E-01, 0.7575000E-01,  103.9974
 0.7575000E-01, 0.7827500E-01,   91.0806
 0.7575000E-01, 0.8080000E-01,   77.5840
 0.7575000E-01, 0.8332500E-01,   74.3915
 0.7575000E-01, 0.8585000E-01,   73.2241
 0.7575000E-01, 0.8837500E-01,   71.4653
 0.7575000E-01, 0.9090000E-01,   71.4653
 0.7575000E-01, 0.9342500E-01,   73.2241
 0.7575000E-01, 0.9595000E-01,   74.3915
 0.7575000E-01, 0.9847500E-01,   77.5840
 0.7575000E-01, 0.1010000E+00,   91.0806
 0.7575000E-01, 0.1035250E+00,  103.9972
 0.7575000E-01, 0.1060500E+00,  103.9965
 0.7575000E-01, 0.1085750E+00,   91.0773
 0.7575000E-01, 0.1111000E+00,   77.5716
 0.7575000E-01, 0.1136250E+00,   74.3459
 0.7575000E-01, 0.1161500E+00,   73.0539
 0.7575000E-01, 0.1186750E+00,   70.8350
 0.7827500E-01, 0.2525000E-02,   74.2178
 0.7827500E-01, 0.5050000E-02,   74.7482
 0.7827500E-01, 0.7575000E-02,   76.8149
 0.7827500E-01, 0.1010000E-01,   84.3624
 0.7827500E-01, 0.1262500E-01,   91.5002
 0.7827500E-01, 0.1515000E-01,   91.4978
 0.7827500E-01, 0.1767500E-01,   84.3504
 0.7827500E-01, 0.2020000E-01,   76.7699
 0.7827500E-01, 0.2272500E-01,   74.5791
 0.7827500E-01, 0.2525000E-01,   73.5902
 0.7827500E-01, 0.2777500E-01,   71.8636
 0.7827500E-01, 0.3030000E-01,   71.8636
 0.7827500E-01, 0.3282500E-01,   73.5902
 0.7827500E-01, 0.3535000E-01,   74.5791
 0.7827500E-01, 0.3787500E-01,   76.7698
 0.7827500E-01, 0.4040000E-01,   84.3501
 0.7827500E-01, 0.4292500E-01,   91.4969
 0.7827500E-01, 0.4545000E-01,   91.4969
 0.7827500E-01, 0.4797500E-01,   84.3501
 0.7827500E-01, 0.5050000E-01,   76.7698
 0.7827500E-01, 0.5302500E-01,   74.5791
 0.7827500E-01, 0.5555000E-01,   73.5902
 0.7827500E-01, 0.5807500E-01,   71.8636
 0.7827500E-01, 0.6060000E-01,   71.8636
 0.7827500E-01, 0.6312500E-01,   73.5902
 0.7827500E-01, 0.6565000E-01,   74.5791
 0.7827500E-01, 0.6817500E-01,   76.7698
 0.7827500E-01, 0.7070000E-01,   84.3501
 0.7827500E-01, 0.7322500E-01,   91.4969
 0.7827500E-01, 0.7575000E-01,   91.4969
 0.7827500E-01, 0.7827500E-01,   84.3501
 0.7827500E-01, 0.8080000E-01,   76.7698
 0.7827500E-01, 0.8332500E-01,   74.5791
 0.7827500E-01, 0.8585000E-01,   73.5902
 0.7827500E-01, 0.8837500E-01,   71.8636
 0.7827500E-01, 0.9090000E-01,   71.8636
 0.7827500E-01, 0.9342500E-01,   73.5902
 0.7827500E-01, 0.9595000E-01,   74.5790
 0.7827500E-01, 0.9847500E-01,   76.7698
 0.7827500E-01, 0.1010000E+00,   84.3501
 0.7827500E-01, 0.1035250E+00,   91.4967
 0.7827500E-01, 0.1060500E+00,   91.4961
 0.7827500E-01, 0.1085750E+00,   84.3469
 0.7827500E-01, 0.1111000E+00,   76.7576
 0.7827500E-01, 0.1136250E+00,   74.5339
 0.7827500E-01, 0.1161500E+00,   73.4211
 0.7827500E-01, 0.1186750E+00,   71.2360
 0.8080000E-01, 0.2525000E-02,   74.5359
 0.8080000E-01, 0.5050000E-02,   74.8260
 0.8080000E-01, 0.7575000E-02,   75.7627
 0.8080000E-01, 0.1010000E-01,   77.1980
 0.8080000E-01, 0.1262500E-01,   78.4198
 0.8080000E-01, 0.1515000E-01,   78.4175
 0.8080000E-01, 0.1767500E-01,   77.1864
 0.8080000E-01, 0.2020000E-01,   75.7190
 0.8080000E-01, 0.2272500E-01,   74.6602
 0.8080000E-01, 0.2525000E-01,   73.9159
 0.8080000E-01, 0.2777500E-01,   72.2365
 0.8080000E-01, 0.3030000E-01,   72.2365
 0.8080000E-01, 0.3282500E-01,   73.9159
 0.8080000E-01, 0.3535000E-01,   74.6602
 0.8080000E-01, 0.3787500E-01,   75.7189
 0.8080000E-01, 0.4040000E-01,   77.1861
 0.8080000E-01, 0.4292500E-01,   78.4166
 0.8080000E-01, 0.4545000E-01,   78.4166
 0.8080000E-01, 0.4797500E-01,   77.1861
 0.8080000E-01, 0.5050000E-01,   75.7189
 0.8080000E-01, 0.5302500E-01,   74.6602
 0.8080000E-01, 0.5555000E-01,   73.9159
 0.8080000E-01, 0.5807500E-01,   72.2365
 0.8080000E-01, 0.6060000E-01,   72.2365
 0.8080000E-01, 0.6312500E-01,   73.9159
 0.8080000E-01, 0.6565000E-01,   74.6602
 0.8080000E-01, 0.6817500E-01,   75.7189
 0.8080000E-01, 0.7070000E-01,   77.1861
 0.8080000E-01, 0.7322500E-01,   78.4166
 0.8080000E-01, 0.7575000E-01,   78.4166
 0.8080000E-01, 0.7827500E-01,   77.1861
 0.8080000E-01, 0.8080000E-01,   75.7189
 0.8080000E-01, 0.8332500E-01,   74.6602
 0.8080000E-01, 0.8585000E-01,   73.9159
 0.8080000E-01, 0.8837500E-01,   72.2365
 0.8080000E-01, 0.9090000E-01,   72.2365
 0.8080000E-01, 0.9342500E-01,   73.9159
 0.8080000E-01, 0.9595000E-01,   74.6602
 0.8080000E-01, 0.9847500E-01,   75.7189
 0.8080000E-01, 0.1010000E+00,   77.1861
 0.8080000E-01, 0.1035250E+00,   78.4164
 0.8080000E-01, 0.1060500E+00,   78.4158
 0.8080000E-01, 0.1085750E+00,   77.1830
 0.8080000E-01, 0.1111000E+00,   75.7071
 0.8080000E-01, 0.1136250E+00,   74.6165
 0.8080000E-01, 0.1161500E+00,   73.7502
 0.8080000E-01, 0.1186750E+00,   71.6165
 0.8332500E-01, 0.2525000E-02,   74.7683
 0.8332500E-01, 0.5050000E-02,   74.8893
 0.8332500E-01, 0.7575000E-02,   75.1180
 0.8332500E-01, 0.1010000E-01,   75.4230
 0.8332500E-01, 0.1262500E-01,   75.6434
 0.8332500E-01, 0.1515000E-01,   75.6412
 0.8332500E-01, 0.1767500E-01,   75.4119
 0.8332500E-01, 0.2020000E-01,   75.0766
 0.8332500E-01, 0.2272500E-01,   74.7334
 0.8332500E-01, 0.2525000E-01,   74.1698
 0.8332500E-01, 0.2777500E-01,   72.5435
 0.8332500E-01, 0.3030000E-01,   72.5435
 0.8332500E-01, 0.3282500E-01,   74.1698
 0.8332500E-01, 0.3535000E-01,   74.7334
 0.8332500E-01, 0.3787500E-01,   75.0765
 0.8332500E-01, 0.4040000E-01,   75.4117
 0.8332500E-01, 0.4292500E-01,   75.6404
 0.8332500E-01, 0.4545000E-01,   75.6404
 0.8332500E-01, 0.4797500E-01,   75.4117
 0.8332500E-01, 0.5050000E-01,   75.0765
 0.8332500E-01, 0.5302500E-01,   74.7334
 0.8332500E-01, 0.5555000E-01,   74.1698
 0.8332500E-01, 0.5807500E-01,   72.5435
 0.8332500E-01, 0.6060000E-01,   72.5435
 0.8332500E-01, 0.6312500E-01,   74.1698
 0.8332500E-01, 0.6565000E-01,   74.7334
 0.8332500E-01, 0.6817500E-01,   75.0765
 0.8332500E-01, 0.7070000E-01,   75.4117
 0.8332500E-01, 0.7322500E-01,   75.6404
 0.8332500E-01, 0.7575000E-01,   75.6404
 0.8332500E-01, 0.7827500E-01,   75.4117
 0.8332500E-01, 0.8080000E-01,   75.0765
 0.8332500E-01, 0.8332500E-01,   74.7334
 0.8332500E-01, 0.8585000E-01,   74.1698
 0.8332500E-01, 0.8837500E-01,   72.5435
 0.8332500E-01, 0.9090000E-01,   72.5435
 0.8332500E-01, 0.9342500E-01,   74.1698
 0.8332500E-01, 0.9595000E-01,   74.7334
 0.8332500E-01, 0.9847500E-01,   75.0765
 0.8332500E-01, 0.1010000E+00,   75.4116
 0.8332500E-01, 0.1035250E+00,   75.6402
 0.8332500E-01, 0.1060500E+00,   75.6396
 0.8332500E-01, 0.1085750E+00,   75.4087
 0.8332500E-01, 0.1111000E+00,   75.0653
 0.8332500E-01, 0.1136250E+00,   74.6919
 0.8332500E-01, 0.1161500E+00,   74.0140
 0.8332500E-01, 0.1186750E+00,   71.9450
 0.8585000E-01, 0.2525000E-02,   74.6943
 0.8585000E-01, 0.5050000E-02,   74.7288
 0.8585000E-01, 0.7575000E-02,   74.7868
 0.8585000E-01, 0.1010000E-01,   74.8498
 0.8585000E-01, 0.1262500E-01,   74.8923
 0.8585000E-01, 0.1515000E-01,   74.8902
 0.8585000E-01, 0.1767500E-01,   74.8394
 0.8585000E-01, 0.2020000E-01,   74.7486
 0.8585000E-01, 0.2272500E-01,   74.5862
 0.8585000E-01, 0.2525000E-01,   74.1761
 0.8585000E-01, 0.2777500E-01,   72.6265
 0.8585000E-01, 0.3030000E-01,   72.6265
 0.8585000E-01, 0.3282500E-01,   74.1761
 0.8585000E-01, 0.3535000E-01,   74.5861
 0.8585000E-01, 0.3787500E-01,   74.7485
 0.8585000E-01, 0.4040000E-01,   74.8392
 0.8585000E-01, 0.4292500E-01,   74.8894
 0.8585000E-01, 0.4545000E-01,   74.8894
 0.8585000E-01, 0.4797500E-01,   74.8392
 0.8585000E-01, 0.5050000E-01,   74.7485
 0.8585000E-01, 0.5302500E-01,   74.5861
 0.8585000E-01, 0.5555000E-01,   74.1761
 0.8585000E-01, 0.5807500E-01,   72.6265
 0.8585000E-01, 0.6060000E-01,   72.6265
 0.8585000E-01, 0.6312500E-01,   74.1761
 0.8585000E-01, 0.6565000E-01,   74.5861
 0.8585000E-01, 0.6817500E-01,   74.7485
 0.8585000E-01, 0.7070000E-01,   74.8392
 0.8585000E-01, 0.7322500E-01,   74.8894
 0.8585000E-01, 0.7575000E-01,   74.8894
 0.8585000E-01, 0.7827500E-01,   74.8392
 0.8585000E-01, 0.8080000E-01,   74.7485
 0.8585000E-01, 0.8332500E-01,   74.5861
 0.8585000E-01, 0.8585000E-01,   74.1761
 0.8585000E-01, 0.8837500E-01,   72.6265
 0.8585000E-01, 0.9090000E-01,   72.6265
 0.8585000E-01, 0.9342500E-01,   74.1761
 0.8585000E-01, 0.9595000E-01,   74.5861
 0.8585000E-01, 0.9847500E-01,   74.7485
 0.8585000E-01, 0.1010000E+00,   74.8391
 0.8585000E-01, 0.1035250E+00,   74.8892
 0.8585000E-01, 0.1060500E+00,   74.8886
 0.8585000E-01, 0.1085750E+00,   74.8363
 0.8585000E-01, 0.1111000E+00,   74.7379
 0.8585000E-01, 0.1136250E+00,   74.5478
 0.8585000E-01, 0.1161500E+00,   74.0335
 0.8585000E-01, 0.1186750E+00,   72.1083
 0.8837500E-01, 0.2525000E-02,   73.4943
 0.8837500E-01, 0.5050000E-02,   73.5056
 0.8837500E-01, 0.7575000E-02,   73.5219
 0.8837500E-01, 0.1010000E-01,   73.5391
 0.8837500E-01, 0.1262500E-01,   73.5497
 0.8837500E-01, 0.1515000E-01,   73.5477
 0.8837500E-01, 0.1767500E-01,   73.5291
 0.8837500E-01, 0.2020000E-01,   73.4855
 0.8837500E-01, 0.2272500E-01,   73.3761
 0.8837500E-01, 0.2525000E-01,   73.0428
 0.8837500E-01, 0.2777500E-01,   72.1562
 0.8837500E-01, 0.3030000E-01,   72.1562
 0.8837500E-01, 0.3282500E-01,   73.0428
 0.8837500E-01, 0.3535000E-01,   73.3761
 0.8837500E-01, 0.3787500E-01,   73.4854
 0.8837500E-01, 0.4040000E-01,   73.5289
 0.8837500E-01, 0.4292500E-01,   73.5469
 0.8837500E-01, 0.4545000E-01,   73.5469
 0.8837500E-01, 0.4797500E-01,   73.5289
 0.8837500E-01, 0.5050000E-01,   73.4854
 0.8837500E-01, 0.5302500E-01,   73.3761
 0.8837500E-01, 0.5555000E-01,   73.0428
 0.8837500E-01, 0.5807500E-01,   72.1561
 0.8837500E-01, 0.6060000E-01,   72.1561
 0.8837500E-01, 0.6312500E-01,   73.0428
 0.8837500E-01, 0.6565000E-01,   73.3761
 0.8837500E-01, 0.6817500E-01,   73.4854
 0.8837500E-01, 0.7070000E-01,   73.5289
 0.8837500E-01, 0.7322500E-01,   73.5469
 0.8837500E-01, 0.7575000E-01,   73.5469
 0.8837500E-01, 0.7827500E-01,   73.5289
 0.8837500E-01, 0.8080000E-01,   73.4854
 0.8837500E-01, 0.8332500E-01,   73.3761
 0.8837500E-01, 0.8585000E-01,   73.0428
 0.8837500E-01, 0.8837500E-01,   72.1561
 0.8837500E-01, 0.9090000E-01,   72.1561
 0.8837500E-01, 0.9342500E-01,   73.0428
 0.8837500E-01, 0.9595000E-01,   73.3761
 0.8837500E-01, 0.9847500E-01,   73.4854
 0.8837500E-01, 0.1010000E+00,   73.5289
 0.8837500E-01, 0.1035250E+00,   73.5467
 0.8837500E-01, 0.1060500E+00,   73.5461
 0.8837500E-01, 0.1085750E+00,   73.5261
 0.8837500E-01, 0.1111000E+00,   73.4753
 0.8837500E-01, 0.1136250E+00,   73.3396
 0.8837500E-01, 0.1161500E+00,   72.9134
 0.8837500E-01, 0.1186750E+00,   71.7046
 0.9090000E-01, 0.2525000E-02,   73.9107
 0.9090000E-01, 0.5050000E-02,   73.9219
 0.9090000E-01, 0.7575000E-02,   73.9382
 0.9090000E-01, 0.1010000E-01,   73.9554
 0.9090000E-01, 0.1262500E-01,   73.9660
 0.9090000E-01, 0.1515000E-01,   73.9640
 0.9090000E-01, 0.1767500E-01,   73.9454
 0.9090000E-01, 0.2020000E-01,   73.9018
 0.9090000E-01, 0.2272500E-01,   73.7925
 0.9090000E-01, 0.2525000E-01,   73.4591
 0.9090000E-01, 0.2777500E-01,   72.5725
 0.9090000E-01, 0.3030000E-01,   72.5725
 0.9090000E-01, 0.3282500E-01,   73.4591
 0.9090000E-01, 0.3535000E-01,   73.7924
 0.9090000E-01, 0.3787500E-01,   73.9017
 0.9090000E-01, 0.4040000E-01,   73.9452
 0.9090000E-01, 0.4292500E-01,   73.9632
 0.9090000E-01, 0.4545000E-01,   73.9632
 0.9090000E-01, 0.4797500E-01,   73.9452
 0.9090000E-01, 0.5050000E-01,   73.9017
 0.9090000E-01, 0.5302500E-01,   73.7924
 0.9090000E-01, 0.5555000E-01,   73.4591
 0.9090000E-01, 0.5807500E-01,   72.5725
 0.9090000E-01, 0.6060000E-01,   72.5725
 0.9090000E-01, 0.6312500E-01,   73.4591
 0.9090000E-01, 0.6565000E-01,   73.7924
 0.9090000E-01, 0.6817500E-01,   73.9017
 0.9090000E-01, 0.7070000E-01,   73.9452
 0.9090000E-01, 0.7322500E-01,   73.9632
 0.9090000E-01, 0.7575000E-01,   73.9632
 0.9090000E-01, 0.7827500E-01,   73.9452
 0.9090000E-01, 0.8080000E-01,   73.9017
 0.9090000E-01, 0.8332500E-01,   73.7924
 0.9090000E-01, 0.8585000E-01,   73.4591
 0.9090000E-01, 0.8837500E-01,   72.5725
 0.9090000E-01, 0.9090000E-01,   72.5725
 0.9090000E-01, 0.9342500E-01,   73.4591
 0.9090000E-01, 0.9595000E-01,   73.7924
 0.9090000E-01, 0.9847500E-01,   73.9017
 0.9090000E-01, 0.1010000E+00,   73.9452
 0.9090000E-01, 0.1035250E+00,   73.9630
 0.9090000E-01, 0.1060500E+00,   73.9625
 0.9090000E-01, 0.1085750E+00,   73.9424
 0.9090000E-01, 0.1111000E+00,   73.8916
 0.9090000E-01, 0.1136250E+00,   73.7560
 0.9090000E-01, 0.1161500E+00,   73.3297
 0.9090000E-01, 0.1186750E+00,   72.1209
 0.9342500E-01, 0.2525000E-02,   75.9433
 0.9342500E-01, 0.5050000E-02,   75.9777
 0.9342500E-01, 0.7575000E-02,   76.0358
 0.9342500E-01, 0.1010000E-01,   76.0988
 0.9342500E-01, 0.1262500E-01,   76.1413
 0.9342500E-01, 0.1515000E-01,   76.1392
 0.9342500E-01, 0.1767500E-01,   76.0883
 0.9342500E-01, 0.2020000E-01,   75.9976
 0.9342500E-01, 0.2272500E-01,   75.8351
 0.9342500E-01, 0.2525000E-01,   75.4250
 0.9342500E-01, 0.2777500E-01,   73.8754
 0.9342500E-01, 0.3030000E-01,   73.8754
 0.9342500E-01, 0.3282500E-01,   75.4250
 0.9342500E-01, 0.3535000E-01,   75.8351
 0.9342500E-01, 0.3787500E-01,   75.9975
 0.9342500E-01, 0.4040000E-01,   76.0881
 0.9342500E-01, 0.4292500E-01,   76.1384
 0.9342500E-01, 0.4545000E-01,   76.1384
 0.9342500E-01, 0.4797500E-01,   76.0881
 0.9342500E-01, 0.5050000E-01,   75.9975
 0.9342500E-01, 0.5302500E-01,   75.8351
 0.9342500E-01, 0.5555000E-01,   75.4250
 0.9342500E-01, 0.5807500E-01,   73.8754
 0.9342500E-01, 0.6060000E-01,   73.8754
 0.9342500E-01, 0.6312500E-01,   75.4250
 0.9342500E-01, 0.6565000E-01,   75.8351
 0.9342500E-01, 0.6817500E-01,   75.9975
 0.9342500E-01, 0.7070000E-01,   76.0881
 0.9342500E-01, 0.7322500E-01,   76.1384
 0.9342500E-01, 0.7575000E-01,   76.1384
 0.9342500E-01, 0.7827500E-01,   76.0881
 0.9342500E-01, 0.8080000E-01,   75.9975
 0.9342500E-01, 0.8332500E-01,   75.8351
 0.9342500E-01, 0.8585000E-01,   75.4250
 0.9342500E-01, 0.8837500E-01,   73.8754
 0.9342500E-01, 0.9090000E-01,   73.8754
 0.9342500E-01, 0.9342500E-01,   75.4250
 0.9342500E-01, 0.9595000E-01,   75.8351
 0.9342500E-01, 0.9847500E-01,   75.9975
 0.9342500E-01, 0.1010000E+00,   76.0881
 0.9342500E-01, 0.1035250E+00,   76.1382
 0.9342500E-01, 0.1060500E+00,   76.1376
 0.9342500E-01, 0.1085750E+00,   76.0853
 0.9342500E-01, 0.1111000E+00,   75.9868
 0.9342500E-01, 0.1136250E+00,   75.7968
 0.9342500E-01, 0.1161500E+00,   75.2824
 0.9342500E-01, 0.1186750E+00,   73.3572
 0.9595000E-01, 0.2525000E-02,   76.8499
 0.9595000E-01, 0.5050000E-02,   76.9709
 0.9595000E-01, 0.7575000E-02,   77.1996
 0.9595000E-01, 0.1010000E-01,   77.5046
 0.9595000E-01, 0.1262500E-01,   77.7250
 0.9595000E-01, 0.1515000E-01,   77.7228
 0.9595000E-01, 0.1767500E-01,   77.4935
 0.9595000E-01, 0.2020000E-01,   77.1582
 0.9595000E-01, 0.2272500E-01,   76.8150
 0.9595000E-01, 0.2525000E-01,   76.2514
 0.9595000E-01, 0.2777500E-01,   74.6251
 0.9595000E-01, 0.3030000E-01,   74.6251
 0.9595000E-01, 0.3282500E-01,   76.2514
 0.9595000E-01, 0.3535000E-01,   76.8150
 0.9595000E-01, 0.3787500E-01,   77.1581
 0.9595000E-01, 0.4040000E-01,   77.4933
 0.9595000E-01, 0.4292500E-01,   77.7220
 0.9595000E-01, 0.4545000E-01,   77.7220
 0.9595000E-01, 0.4797500E-01,   77.4933
 0.9595000E-01, 0.5050000E-01,   77.1581
 0.9595000E-01, 0.5302500E-01,   76.8150
 0.9595000E-01, 0.5555000E-01,   76.2514
 0.9595000E-01, 0.5807500E-01,   74.6251
 0.9595000E-01, 0.6060000E-01,   74.6251
 0.9595000E-01, 0.6312500E-01,   76.2514
 0.9595000E-01, 0.6565000E-01,   76.8150
 0.9595000E-01, 0.6817500E-01,   77.1581
 0.9595000E-01, 0.7070000E-01,   77.4933
 0.9595000E-01, 0.7322500E-01,   77.7220
 0.9595000E-01, 0.7575000E-01,   77.7220
 0.9595000E-01, 0.7827500E-01,   77.4933
 0.9595000E-01, 0.8080000E-01,   77.1581
 0.9595000E-01, 0.8332500E-01,   76.8150
 0.9595000E-01, 0.8585000E-01,   76.2514
 0.9595000E-01, 0.8837500E-01,   74.6251
 0.9595000E-01, 0.9090000E-01,   74.6251
 0.9595000E-01, 0.9342500E-01,   76.2514
 0.9595000E-01, 0.9595000E-01,   76.8150
 0.9595000E-01, 0.9847500E-01,   77.1581
 0.9595000E-01, 0.1010000E+00,   77.4932
 0.9595000E-01, 0.1035250E+00,   77.7218
 0.9595000E-01, 0.1060500E+00,   77.7212
 0.9595000E-01, 0.1085750E+00,   77.4903
 0.9595000E-01, 0.1111000E+00,   77.1469
 0.9595000E-01, 0.1136250E+00,   76.7735
 0.9595000E-01, 0.1161500E+00,   76.0956
 0.9595000E-01, 0.1186750E+00,   74.0266
 0.9847500E-01, 0.2525000E-02,   77.4501
 0.9847500E-01, 0.5050000E-02,   77.7402
 0.9847500E-01, 0.7575000E-02,   78.6769
 0.9847500E-01, 0.1010000E-01,   80.1122
 0.9847500E-01, 0.1262500E-01,   81.3340
 0.9847500E-01, 0.1515000E-01,   81.3317
 0.9847500E-01, 0.1767500E-01,   80.1006
 0.9847500E-01, 0.2020000E-01,   78.6332
 0.9847500E-01, 0.2272500E-01,   77.5745
 0.9847500E-01, 0.2525000E-01,   76.8301
 0.9847500E-01, 0.2777500E-01,   75.1507
 0.9847500E-01, 0.3030000E-01,   75.1507
 0.9847500E-01, 0.3282500E-01,   76.8301
 0.9847500E-01, 0.3535000E-01,   77.5745
 0.9847500E-01, 0.3787500E-01,   78.6332
 0.9847500E-01, 0.4040000E-01,   80.1004
 0.9847500E-01, 0.4292500E-01,   81.3309
 0.9847500E-01, 0.4545000E-01,   81.3309
 0.9847500E-01, 0.4797500E-01,   80.1004
 0.9847500E-01, 0.5050000E-01,   78.6332
 0.9847500E-01, 0.5302500E-01,   77.5745
 0.9847500E-01, 0.5555000E-01,   76.8301
 0.9847500E-01, 0.5807500E-01,   75.1507
 0.9847500E-01, 0.6060000E-01,   75.1507
 0.9847500E-01, 0.6312500E-01,   76.8301
 0.9847500E-01, 0.6565000E-01,   77.5745
 0.9847500E-01, 0.6817500E-01,   78.6332
 0.9847500E-01, 0.7070000E-01,   80.1004
 0.9847500E-01, 0.7322500E-01,   81.3309
 0.9847500E-01, 0.7575000E-01,   81.3309
 0.9847500E-01, 0.7827500E-01,   80.1004
 0.9847500E-01, 0.8080000E-01,   78.6332
 0.9847500E-01, 0.8332500E-01,   77.5745
 0.9847500E-01, 0.8585000E-01,   76.8301
 0.9847500E-01, 0.8837500E-01,   75.1507
 0.9847500E-01, 0.9090000E-01,   75.1507
 0.9847500E-01, 0.9342500E-01,   76.8301
 0.9847500E-01, 0.9595000E-01,   77.5744
 0.9847500E-01, 0.9847500E-01,   78.6331
 0.9847500E-01, 0.1010000E+00,   80.1003
 0.9847500E-01, 0.1035250E+00,   81.3306
 0.9847500E-01, 0.1060500E+00,   81.3300
 0.9847500E-01, 0.1085750E+00,   80.0972
 0.9847500E-01, 0.1111000E+00,   78.6213
 0.9847500E-01, 0.1136250E+00,   77.5307
 0.9847500E-01, 0.1161500E+00,   76.6644
 0.9847500E-01, 0.1186750E+00,   74.5307
 0.1010000E+00, 0.2525000E-02,   77.9646
 0.1010000E+00, 0.5050000E-02,   78.4950
 0.1010000E+00, 0.7575000E-02,   80.5617
 0.1010000E+00, 0.1010000E-01,   88.1092
 0.1010000E+00, 0.1262500E-01,   95.2470
 0.1010000E+00, 0.1515000E-01,   95.2446
 0.1010000E+00, 0.1767500E-01,   88.0972
 0.1010000E+00, 0.2020000E-01,   80.5167
 0.1010000E+00, 0.2272500E-01,   78.3259
 0.1010000E+00, 0.2525000E-01,   77.3370
 0.1010000E+00, 0.2777500E-01,   75.6104
 0.1010000E+00, 0.3030000E-01,   75.6104
 0.1010000E+00, 0.3282500E-01,   77.3370
 0.1010000E+00, 0.3535000E-01,   78.3259
 0.1010000E+00, 0.3787500E-01,   80.5166
 0.1010000E+00, 0.4040000E-01,   88.0969
 0.1010000E+00, 0.4292500E-01,   95.2438
 0.1010000E+00, 0.4545000E-01,   95.2438
 0.1010000E+00, 0.4797500E-01,   88.0969
 0.1010000E+00, 0.5050000E-01,   80.5166
 0.1010000E+00, 0.5302500E-01,   78.3259
 0.1010000E+00, 0.5555000E-01,   77.3370
 0.1010000E+00, 0.5807500E-01,   75.6104
 0.1010000E+00, 0.6060000E-01,   75.6104
 0.1010000E+00, 0.6312500E-01,   77.3370
 0.1010000E+00, 0.6565000E-01,   78.3259
 0.1010000E+00, 0.6817500E-01,   80.5166
 0.1010000E+00, 0.7070000E-01,   88.0969
 0.1010000E+00, 0.7322500E-01,   95.2438
 0.1010000E+00, 0.7575000E-01,   95.2438
 0.1010000E+00, 0.7827500E-01,   88.0969
 0.1010000E+00, 0.8080000E-01,   80.5166
 0.1010000E+00, 0.8332500E-01,   78.3259
 0.1010000E+00, 0.8585000E-01,   77.3370
 0.1010000E+00, 0.8837500E-01,   75.6104
 0.1010000E+00, 0.9090000E-01,   75.6104
 0.1010000E+00, 0.9342500E-01,   77.3370
 0.1010000E+00, 0.9595000E-01,   78.3259
 0.1010000E+00, 0.9847500E-01,   80.5166
 0.1010000E+00, 0.1010000E+00,   88.0969
 0.1010000E+00, 0.1035250E+00,   95.2435
 0.1010000E+00, 0.1060500E+00,   95.2429
 0.1010000E+00, 0.1085750E+00,   88.0937
 0.1010000E+00, 0.1111000E+00,   80.5044
 0.1010000E+00, 0.1136250E+00,   78.2808
 0.1010000E+00, 0.1161500E+00,   77.1679
 0.1010000E+00, 0.1186750E+00,   74.9828
 0.1035250E+00, 0.2525000E-02,   78.4337
 0.1035250E+00, 0.5050000E-02,   79.1409
 0.1035250E+00, 0.7575000E-02,   82.2088
 0.1035250E+00, 0.1010000E-01,   95.6723
 0.1035250E+00, 0.1262500E-01,  108.5800
 0.1035250E+00, 0.1515000E-01,  108.5775
 0.1035250E+00, 0.1767500E-01,   95.6601
 0.1035250E+00, 0.2020000E-01,   82.1633
 0.1035250E+00, 0.2272500E-01,   78.9707
 0.1035250E+00, 0.2525000E-01,   77.8034
 0.1035250E+00, 0.2777500E-01,   76.0446
 0.1035250E+00, 0.3030000E-01,   76.0446
 0.1035250E+00, 0.3282500E-01,   77.8034
 0.1035250E+00, 0.3535000E-01,   78.9707
 0.1035250E+00, 0.3787500E-01,   82.1633
 0.1035250E+00, 0.4040000E-01,   95.6599
 0.1035250E+00, 0.4292500E-01,  108.5767
 0.1035250E+00, 0.4545000E-01,  108.5767
 0.1035250E+00, 0.4797500E-01,   95.6599
 0.1035250E+00, 0.5050000E-01,   82.1633
 0.1035250E+00, 0.5302500E-01,   78.9707
 0.1035250E+00, 0.5555000E-01,   77.8034
 0.1035250E+00, 0.5807500E-01,   76.0446
 0.1035250E+00, 0.6060000E-01,   76.0446
 0.1035250E+00, 0.6312500E-01,   77.8034
 0.1035250E+00, 0.6565000E-01,   78.9707
 0.1035250E+00, 0.6817500E-01,   82.1633
 0.1035250E+00, 0.7070000E-01,   95.6599
 0.1035250E+00, 0.7322500E-01,  108.5767
 0.1035250E+00, 0.7575000E-01,  108.5767
 0.1035250E+00, 0.7827500E-01,   95.6599
 0.1035250E+00, 0.8080000E-01,   82.1633
 0.1035250E+00, 0.8332500E-01,   78.9707
 0.1035250E+00, 0.8585000E-01,   77.8034
 0.1035250E+00, 0.8837500E-01,   76.0446
 0.1035250E+00, 0.9090000E-01,   76.0446
 0.1035250E+00, 0.9342500E-01,   77.8034
 0.1035250E+00, 0.9595000E-01,   78.9707
 0.1035250E+00, 0.9847500E-01,   82.1632
 0.1035250E+00, 0.1010000E+00,   95.6598
 0.1035250E+00, 0.1035250E+00,  108.5764
 0.1035250E+00, 0.1060500E+00,  108.5758
 0.1035250E+00, 0.1085750E+00,   95.6566
 0.1035250E+00, 0.1111000E+00,   82.1509
 0.1035250E+00, 0.1136250E+00,   78.9252
 0.1035250E+00, 0.1161500E+00,   77.6332
 0.1035250E+00, 0.1186750E+00,   75.4143
 0.1060500E+00, 0.2525000E-02,   78.8492
 0.1060500E+00, 0.5050000E-02,   79.5565
 0.1060500E+00, 0.7575000E-02,   82.6244
 0.1060500E+00, 0.1010000E-01,   96.0878
 0.1060500E+00, 0.1262500E-01,  108.9955
 0.1060500E+00, 0.1515000E-01,  108.9931
 0.1060500E+00, 0.1767500E-01,   96.0757
 0.1060500E+00, 0.2020000E-01,   82.5789
 0.1060500E+00, 0.2272500E-01,   79.3864
 0.1060500E+00, 0.2525000E-01,   78.2190
 0.1060500E+00, 0.2777500E-01,   76.4602
 0.1060500E+00, 0.3030000E-01,   76.4602
 0.1060500E+00, 0.3282500E-01,   78.2190
 0.1060500E+00, 0.3535000E-01,   79.3863
 0.1060500E+00, 0.3787500E-01,   82.5788
 0.1060500E+00, 0.4040000E-01,   96.0754
 0.1060500E+00, 0.4292500E-01,  108.9922
 0.1060500E+00, 0.4545000E-01,  108.9922
 0.1060500E+00, 0.4797500E-01,   96.0754
 0.1060500E+00, 0.5050000E-01,   82.5788
 0.1060500E+00, 0.5302500E-01,   79.3863
 0.1060500E+00, 0.5555000E-01,   78.2190
 0.1060500E+00, 0.5807500E-01,   76.4602
 0.1060500E+00, 0.6060000E-01,   76.4602
 0.1060500E+00, 0.6312500E-01,   78.2190
 0.1060500E+00, 0.6565000E-01,   79.3863
 0.1060500E+00, 0.6817500E-01,   82.5788
 0.1060500E+00, 0.7070000E-01,   96.0754
 0.1060500E+00, 0.7322500E-01,  108.9922
 0.1060500E+00, 0.7575000E-01,  108.9922
 0.1060500E+00, 0.7827500E-01,   96.0754
 0.1060500E+00, 0.8080000E-01,   82.5788
 0.1060500E+00, 0.8332500E-01,   79.3863
 0.1060500E+00, 0.8585000E-01,   78.2190
 0.1060500E+00, 0.8837500E-01,   76.4602
 0.1060500E+00, 0.9090000E-01,   76.4602
 0.1060500E+00, 0.9342500E-01,   78.2190
 0.1060500E+00, 0.9595000E-01,   79.3863
 0.1060500E+00, 0.9847500E-01,   82.5788
 0.1060500E+00, 0.1010000E+00,   96.0754
 0.1060500E+00, 0.1035250E+00,  108.9920
 0.1060500E+00, 0.1060500E+00,  108.9913
 0.1060500E+00, 0.1085750E+00,   96.0722
 0.1060500E+00, 0.1111000E+00,   82.5665
 0.1060500E+00, 0.1136250E+00,   79.3408
 0.1060500E+00, 0.1161500E+00,   78.0489
 0.1060500E+00, 0.1186750E+00,   75.8301
 0.1085750E+00, 0.2525000E-02,   79.2098
 0.1085750E+00, 0.5050000E-02,   79.7401
 0.1085750E+00, 0.7575000E-02,   81.8069
 0.1085750E+00, 0.1010000E-01,   89.3543
 0.1085750E+00, 0.1262500E-01,   96.4922
 0.1085750E+00, 0.1515000E-01,   96.4898
 0.1085750E+00, 0.1767500E-01,   89.3424
 0.1085750E+00, 0.2020000E-01,   81.7620
 0.1085750E+00, 0.2272500E-01,   79.5714
 0.1085750E+00, 0.2525000E-01,   78.5827
 0.1085750E+00, 0.2777500E-01,   76.8562
 0.1085750E+00, 0.3030000E-01,   76.8562
 0.1085750E+00, 0.3282500E-01,   78.5827
 0.1085750E+00, 0.3535000E-01,   79.5713
 0.1085750E+00, 0.3787500E-01,   81.7620
 0.1085750E+00, 0.4040000E-01,   89.3422
 0.1085750E+00, 0.4292500E-01,   96.4890
 0.1085750E+00, 0.4545000E-01,   96.4890
 0.1085750E+00, 0.4797500E-01,   89.3422
 0.1085750E+00, 0.5050000E-01,   81.7620
 0.1085750E+00, 0.5302500E-01,   79.5713
 0.1085750E+00, 0.5555000E-01,   78.5827
 0.1085750E+00, 0.5807500E-01,   76.8562
 0.1085750E+00, 0.6060000E-01,   76.8562
 0.1085750E+00, 0.6312500E-01,   78.5827
 0.1085750E+00, 0.6565000E-01,   79.5713
 0.1085750E+00, 0.6817500E-01,   81.7620
 0.1085750E+00, 0.7070000E-01,   89.3422
 0.1085750E+00, 0.7322500E-01,   96.4890
 0.1085750E+00, 0.7575000E-01,   96.4890
 0.1085750E+00, 0.7827500E-01,   89.3422
 0.1085750E+00, 0.8080000E-01,   81.7620
 0.1085750E+00, 0.8332500E-01,   79.5713
 0.1085750E+00, 0.8585000E-01,   78.5827
 0.1085750E+00, 0.8837500E-01,   76.8562
 0.1085750E+00, 0.9090000E-01,   76.8562
 0.1085750E+00, 0.9342500E-01,   78.5827
 0.1085750E+00, 0.9595000E-01,   79.5713
 0.1085750E+00, 0.9847500E-01,   81.7620
 0.1085750E+00, 0.1010000E+00,   89.3421
 0.1085750E+00, 0.1035250E+00,   96.4887
 0.1085750E+00, 0.1060500E+00,   96.4881
 0.1085750E+00, 0.1085750E+00,   89.3390
 0.1085750E+00, 0.1111000E+00,   81.7498
 0.1085750E+00, 0.1136250E+00,   79.5264
 0.1085750E+00, 0.1161500E+00,   78.4139
 0.1085750E+00, 0.1186750E+00,   76.2290
 0.1111000E+00, 0.2525000E-02,   79.5174
 0.1111000E+00, 0.5050000E-02,   79.8074
 0.1111000E+00, 0.7575000E-02,   80.7442
 0.1111000E+00, 0.1010000E-01,   82.1794
 0.1111000E+00, 0.1262500E-01,   83.4012
 0.1111000E+00, 0.1515000E-01,   83.3990
 0.1111000E+00, 0.1767500E-01,   82.1681
 0.1111000E+00, 0.2020000E-01,   80.7010
 0.1111000E+00, 0.2272500E-01,   79.6429
 0.1111000E+00, 0.2525000E-01,   78.8992
 0.1111000E+00, 0.2777500E-01,   77.2202
 0.1111000E+00, 0.3030000E-01,   77.2202
 0.1111000E+00, 0.3282500E-01,   78.8992
 0.1111000E+00, 0.3535000E-01,   79.6429
 0.1111000E+00, 0.3787500E-01,   80.7010
 0.1111000E+00, 0.4040000E-01,   82.1678
 0.1111000E+00, 0.4292500E-01,   83.3982
 0.1111000E+00, 0.4545000E-01,   83.3982
 0.1111000E+00, 0.4797500E-01,   82.1678
 0.1111000E+00, 0.5050000E-01,   80.7010
 0.1111000E+00, 0.5302500E-01,   79.6429
 0.1111000E+00, 0.5555000E-01,   78.8992
 0.1111000E+00, 0.5807500E-01,   77.2202
 0.1111000E+00, 0.6060000E-01,   77.2202
 0.1111000E+00, 0.6312500E-01,   78.8992
 0.1111000E+00, 0.6565000E-01,   79.6429
 0.1111000E+00, 0.6817500E-01,   80.7010
 0.1111000E+00, 0.7070000E-01,   82.1678
 0.1111000E+00, 0.7322500E-01,   83.3982
 0.1111000E+00, 0.7575000E-01,   83.3982
 0.1111000E+00, 0.7827500E-01,   82.1678
 0.1111000E+00, 0.8080000E-01,   80.7010
 0.1111000E+00, 0.8332500E-01,   79.6429
 0.1111000E+00, 0.8585000E-01,   78.8992
 0.1111000E+00, 0.8837500E-01,   77.2202
 0.1111000E+00, 0.9090000E-01,   77.2202
 0.1111000E+00, 0.9342500E-01,   78.8992
 0.1111000E+00, 0.9595000E-01,   79.6429
 0.1111000E+00, 0.9847500E-01,   80.7010
 0.1111000E+00, 0.1010000E+00,   82.1678
 0.1111000E+00, 0.1035250E+00,   83.3979
 0.1111000E+00, 0.1060500E+00,   83.3973
 0.1111000E+00, 0.1085750E+00,   82.1648
 0.1111000E+00, 0.1111000E+00,   80.6894
 0.1111000E+00, 0.1136250E+00,   79.5997
 0.1111000E+00, 0.1161500E+00,   78.7346
 0.1111000E+00, 0.1186750E+00,   76.6020
 0.1136250E+00, 0.2525000E-02,   79.7116
 0.1136250E+00, 0.5050000E-02,   79.8325
 0.1136250E+00, 0.7575000E-02,   80.0611
 0.1136250E+00, 0.1010000E-01,   80.3660
 0.1136250E+00, 0.1262500E-01,   80.5864
 0.1136250E+00, 0.1515000E-01,   80.5844
 0.1136250E+00, 0.1767500E-01,   80.3555
 0.1136250E+00, 0.2020000E-01,   80.0216
 0.1136250E+00, 0.2272500E-01,   79.6807
 0.1136250E+00, 0.2525000E-01,   79.1203
 0.1136250E+00, 0.2777500E-01,   77.4957
 0.1136250E+00, 0.3030000E-01,   77.4957
 0.1136250E+00, 0.3282500E-01,   79.1202
 0.1136250E+00, 0.3535000E-01,   79.6807
 0.1136250E+00, 0.3787500E-01,   80.0215
 0.1136250E+00, 0.4040000E-01,   80.3553
 0.1136250E+00, 0.4292500E-01,   80.5836
 0.1136250E+00, 0.4545000E-01,   80.5836
 0.1136250E+00, 0.4797500E-01,   80.3553
 0.1136250E+00, 0.5050000E-01,   80.0215
 0.1136250E+00, 0.5302500E-01,   79.6807
 0.1136250E+00, 0.5555000E-01,   79.1202
 0.1136250E+00, 0.5807500E-01,   77.4957
 0.1136250E+00, 0.6060000E-01,   77.4957
 0.1136250E+00, 0.6312500E-01,   79.1202
 0.1136250E+00, 0.6565000E-01,   79.6807
 0.1136250E+00, 0.6817500E-01,   80.0215
 0.1136250E+00, 0.7070000E-01,   80.3553
 0.1136250E+00, 0.7322500E-01,   80.5836
 0.1136250E+00, 0.7575000E-01,   80.5836
 0.1136250E+00, 0.7827500E-01,   80.3553
 0.1136250E+00, 0.8080000E-01,   80.0215
 0.1136250E+00, 0.8332500E-01,   79.6807
 0.1136250E+00, 0.8585000E-01,   79.1202
 0.1136250E+00, 0.8837500E-01,   77.4957
 0.1136250E+00, 0.9090000E-01,   77.4957
 0.1136250E+00, 0.9342500E-01,   79.1202
 0.1136250E+00, 0.9595000E-01,   79.6807
 0.1136250E+00, 0.9847500E-01,   80.0215
 0.1136250E+00, 0.1010000E+00,   80.3553
 0.1136250E+00, 0.1035250E+00,   80.5834
 0.1136250E+00, 0.1060500E+00,   80.5828
 0.1136250E+00, 0.1085750E+00,   80.3525
 0.1136250E+00, 0.1111000E+00,   80.0108
 0.1136250E+00, 0.1136250E+00,   79.6410
 0.1136250E+00, 0.1161500E+00,   78.9684
 0.1136250E+00, 0.1186750E+00,   76.9043
 0.1161500E+00, 0.2525000E-02,   79.4953
 0.1161500E+00, 0.5050000E-02,   79.5293
 0.1161500E+00, 0.7575000E-02,   79.5868
 0.1161500E+00, 0.1010000E-01,   79.6493
 0.1161500E+00, 0.1262500E-01,   79.6915
 0.1161500E+00, 0.1515000E-01,   79.6896
 0.1161500E+00, 0.1767500E-01,   79.6400
 0.1161500E+00, 0.2020000E-01,   79.5526
 0.1161500E+00, 0.2272500E-01,   79.4000
 0.1161500E+00, 0.2525000E-01,   79.0032
 0.1161500E+00, 0.2777500E-01,   77.4668
 0.1161500E+00, 0.3030000E-01,   77.4668
 0.1161500E+00, 0.3282500E-01,   79.0032
 0.1161500E+00, 0.3535000E-01,   79.4000
 0.1161500E+00, 0.3787500E-01,   79.5526
 0.1161500E+00, 0.4040000E-01,   79.6398
 0.1161500E+00, 0.4292500E-01,   79.6889
 0.1161500E+00, 0.4545000E-01,   79.6889
 0.1161500E+00, 0.4797500E-01,   79.6398
 0.1161500E+00, 0.5050000E-01,   79.5526
 0.1161500E+00, 0.5302500E-01,   79.4000
 0.1161500E+00, 0.5555000E-01,   79.0032
 0.1161500E+00, 0.5807500E-01,   77.4668
 0.1161500E+00, 0.6060000E-01,   77.4668
 0.1161500E+00, 0.6312500E-01,   79.0032
 0.1161500E+00, 0.6565000E-01,   79.4000
 0.1161500E+00, 0.6817500E-01,   79.5526
 0.1161500E+00, 0.7070000E-01,   79.6398
 0.1161500E+00, 0.7322500E-01,   79.6889
 0.1161500E+00, 0.7575000E-01,   79.6889
 0.1161500E+00, 0.7827500E-01,   79.6398
 0.1161500E+00, 0.8080000E-01,   79.5526
 0.1161500E+00, 0.8332500E-01,   79.4000
 0.1161500E+00, 0.8585000E-01,   79.0032
 0.1161500E+00, 0.8837500E-01,   77.4668
 0.1161500E+00, 0.9090000E-01,   77.4668
 0.1161500E+00, 0.9342500E-01,   79.0032
 0.1161500E+00, 0.9595000E-01,   79.4000
 0.1161500E+00, 0.9847500E-01,   79.5525
 0.1161500E+00, 0.1010000E+00,   79.6398
 0.1161500E+00, 0.1035250E+00,   79.6887
 0.1161500E+00, 0.1060500E+00,   79.6882
 0.1161500E+00, 0.1085750E+00,   79.6373
 0.1161500E+00, 0.1111000E+00,   79.5431
 0.1161500E+00, 0.1136250E+00,   79.3657
 0.1161500E+00, 0.1161500E+00,   78.8739
 0.1161500E+00, 0.1186750E+00,   76.9747
 0.1186750E+00, 0.2525000E-02,   77.7697
 0.1186750E+00, 0.5050000E-02,   77.7792
 0.1186750E+00, 0.7575000E-02,   77.7931
 0.1186750E+00, 0.1010000E-01,   77.8080
 0.1186750E+00, 0.1262500E-01,   77.8172
 0.1186750E+00, 0.1515000E-01,   77.8155
 0.1186750E+00, 0.1767500E-01,   77.7997
 0.1186750E+00, 0.2020000E-01,   77.7638
 0.1186750E+00, 0.2272500E-01,   77.6759
 0.1186750E+00, 0.2525000E-01,   77.4229
 0.1186750E+00, 0.2777500E-01,   76.6029
 0.1186750E+00, 0.3030000E-01,   76.6029
 0.1186750E+00, 0.3282500E-01,   77.4228
 0.1186750E+00, 0.3535000E-01,   77.6759
 0.1186750E+00, 0.3787500E-01,   77.7637
 0.1186750E+00, 0.4040000E-01,   77.7996
 0.1186750E+00, 0.4292500E-01,   77.8149
 0.1186750E+00, 0.4545000E-01,   77.8149
 0.1186750E+00, 0.4797500E-01,   77.7996
 0.1186750E+00, 0.5050000E-01,   77.7637
 0.1186750E+00, 0.5302500E-01,   77.6759
 0.1186750E+00, 0.5555000E-01,   77.4228
 0.1186750E+00, 0.5807500E-01,   76.6029
 0.1186750E+00, 0.6060000E-01,   76.6029
 0.1186750E+00, 0.6312500E-01,   77.4228
 0.1186750E+00, 0.6565000E-01,   77.6759
 0.1186750E+00, 0.6817500E-01,   77.7637
 0.1186750E+00, 0.7070000E-01,   77.7996
 0.1186750E+00, 0.7322500E-01,   77.8149
 0.1186750E+00, 0.7575000E-01,   77.8149
 0.1186750E+00, 0.7827500E-01,   77.7996
 0.1186750E+00, 0.8080000E-01,   77.7637
 0.1186750E+00, 0.8332500E-01,   77.6759
 0.1186750E+00, 0.8585000E-01,   77.4228
 0.1186750E+00, 0.8837500E-01,   76.6029
 0.1186750E+00, 0.9090000E-01,   76.6029
 0.1186750E+00, 0.9342500E-01,   77.4228
 0.1186750E+00, 0.9595000E-01,   77.6759
 0.1186750E+00, 0.9847500E-01,   77.7637
 0.1186750E+00, 0.1010000E+00,   77.7995
 0.1186750E+00, 0.1035250E+00,   77.8147
 0.1186750E+00, 0.1060500E+00,   77.8142
 0.1186750E+00, 0.1085750E+00,   77.7972
 0.1186750E+00, 0.1111000E+00,   77.7553
 0.1186750E+00, 0.1136250E+00,   77.6465
 0.1186750E+00, 0.1161500E+00,   77.3196
 0.1186750E+00, 0.1186750E+00,   76.2561
